// Generated by scripts/generate_render_shaders.py; do not hand-edit bytes.
// Complete ordinary-render shader manifest; inputs are shaders/glsl/*.sc.
#include "EmbeddedShaders.h"

namespace Caesura {

const uint8_t kEmbeddedGL_vs_sprite[] = {
    0x56, 0x53, 0x48, 0x0b, 0x00, 0x00, 0x00, 0x00, 0x6f, 0x1e, 0x3e, 0x3c,
    0x00, 0x00, 0xd3, 0x12, 0x00, 0x00, 0x23, 0x76, 0x65, 0x72, 0x73, 0x69,
    0x6f, 0x6e, 0x20, 0x34, 0x33, 0x30, 0x0a, 0x23, 0x64, 0x65, 0x66, 0x69,
    0x6e, 0x65, 0x20, 0x74, 0x65, 0x78, 0x74, 0x75, 0x72, 0x65, 0x32, 0x44,
    0x20, 0x20, 0x20, 0x20, 0x20, 0x20, 0x20, 0x20, 0x20, 0x20, 0x74, 0x65,
    0x78, 0x74, 0x75, 0x72, 0x65, 0x0a, 0x23, 0x64, 0x65, 0x66, 0x69, 0x6e,
    0x65, 0x20, 0x74, 0x65, 0x78, 0x74, 0x75, 0x72, 0x65, 0x32, 0x44, 0x4c,
    0x6f, 0x64, 0x20, 0x20, 0x20, 0x20, 0x20, 0x20, 0x20, 0x74, 0x65, 0x78,
    0x74, 0x75, 0x72, 0x65, 0x4c, 0x6f, 0x64, 0x0a, 0x23, 0x64, 0x65, 0x66,
    0x69, 0x6e, 0x65, 0x20, 0x74, 0x65, 0x78, 0x74, 0x75, 0x72, 0x65, 0x32,
    0x44, 0x47, 0x72, 0x61, 0x64, 0x20, 0x20, 0x20, 0x20, 0x20, 0x20, 0x74,
    0x65, 0x78, 0x74, 0x75, 0x72, 0x65, 0x47, 0x72, 0x61, 0x64, 0x0a, 0x23,
    0x64, 0x65, 0x66, 0x69, 0x6e, 0x65, 0x20, 0x74, 0x65, 0x78, 0x74, 0x75,
    0x72, 0x65, 0x32, 0x44, 0x50, 0x72, 0x6f, 0x6a, 0x4c, 0x6f, 0x64, 0x20,
    0x20, 0x20, 0x74, 0x65, 0x78, 0x74, 0x75, 0x72, 0x65, 0x50, 0x72, 0x6f,
    0x6a, 0x4c, 0x6f, 0x64, 0x0a, 0x23, 0x64, 0x65, 0x66, 0x69, 0x6e, 0x65,
    0x20, 0x74, 0x65, 0x78, 0x74, 0x75, 0x72, 0x65, 0x32, 0x44, 0x50, 0x72,
    0x6f, 0x6a, 0x47, 0x72, 0x61, 0x64, 0x20, 0x20, 0x74, 0x65, 0x78, 0x74,
    0x75, 0x72, 0x65, 0x50, 0x72, 0x6f, 0x6a, 0x47, 0x72, 0x61, 0x64, 0x0a,
    0x23, 0x64, 0x65, 0x66, 0x69, 0x6e, 0x65, 0x20, 0x74, 0x65, 0x78, 0x74,
    0x75, 0x72, 0x65, 0x43, 0x75, 0x62, 0x65, 0x4c, 0x6f, 0x64, 0x20, 0x20,
    0x20, 0x20, 0x20, 0x74, 0x65, 0x78, 0x74, 0x75, 0x72, 0x65, 0x4c, 0x6f,
    0x64, 0x0a, 0x23, 0x64, 0x65, 0x66, 0x69, 0x6e, 0x65, 0x20, 0x74, 0x65,
    0x78, 0x74, 0x75, 0x72, 0x65, 0x43, 0x75, 0x62, 0x65, 0x47, 0x72, 0x61,
    0x64, 0x20, 0x20, 0x20, 0x20, 0x74, 0x65, 0x78, 0x74, 0x75, 0x72, 0x65,
    0x47, 0x72, 0x61, 0x64, 0x0a, 0x23, 0x64, 0x65, 0x66, 0x69, 0x6e, 0x65,
    0x20, 0x74, 0x65, 0x78, 0x74, 0x75, 0x72, 0x65, 0x33, 0x44, 0x20, 0x20,
    0x20, 0x20, 0x20, 0x20, 0x20, 0x20, 0x20, 0x20, 0x74, 0x65, 0x78, 0x74,
    0x75, 0x72, 0x65, 0x0a, 0x23, 0x64, 0x65, 0x66, 0x69, 0x6e, 0x65, 0x20,
    0x74, 0x65, 0x78, 0x74, 0x75, 0x72, 0x65, 0x32, 0x44, 0x4c, 0x6f, 0x64,
    0x4f, 0x66, 0x66, 0x73, 0x65, 0x74, 0x20, 0x74, 0x65, 0x78, 0x74, 0x75,
    0x72, 0x65, 0x4c, 0x6f, 0x64, 0x4f, 0x66, 0x66, 0x73, 0x65, 0x74, 0x0a,
    0x23, 0x64, 0x65, 0x66, 0x69, 0x6e, 0x65, 0x20, 0x61, 0x74, 0x74, 0x72,
    0x69, 0x62, 0x75, 0x74, 0x65, 0x20, 0x69, 0x6e, 0x0a, 0x23, 0x64, 0x65,
    0x66, 0x69, 0x6e, 0x65, 0x20, 0x76, 0x61, 0x72, 0x79, 0x69, 0x6e, 0x67,
    0x20, 0x6f, 0x75, 0x74, 0x0a, 0x23, 0x64, 0x65, 0x66, 0x69, 0x6e, 0x65,
    0x20, 0x62, 0x67, 0x66, 0x78, 0x53, 0x68, 0x61, 0x64, 0x6f, 0x77, 0x32,
    0x44, 0x28, 0x5f, 0x73, 0x61, 0x6d, 0x70, 0x6c, 0x65, 0x72, 0x2c, 0x20,
    0x5f, 0x63, 0x6f, 0x6f, 0x72, 0x64, 0x29, 0x20, 0x20, 0x20, 0x20, 0x20,
    0x76, 0x65, 0x63, 0x34, 0x5f, 0x73, 0x70, 0x6c, 0x61, 0x74, 0x28, 0x74,
    0x65, 0x78, 0x74, 0x75, 0x72, 0x65, 0x28, 0x5f, 0x73, 0x61, 0x6d, 0x70,
    0x6c, 0x65, 0x72, 0x2c, 0x20, 0x5f, 0x63, 0x6f, 0x6f, 0x72, 0x64, 0x29,
    0x20, 0x29, 0x0a, 0x23, 0x64, 0x65, 0x66, 0x69, 0x6e, 0x65, 0x20, 0x62,
    0x67, 0x66, 0x78, 0x53, 0x68, 0x61, 0x64, 0x6f, 0x77, 0x32, 0x44, 0x50,
    0x72, 0x6f, 0x6a, 0x28, 0x5f, 0x73, 0x61, 0x6d, 0x70, 0x6c, 0x65, 0x72,
    0x2c, 0x20, 0x5f, 0x63, 0x6f, 0x6f, 0x72, 0x64, 0x29, 0x20, 0x76, 0x65,
    0x63, 0x34, 0x5f, 0x73, 0x70, 0x6c, 0x61, 0x74, 0x28, 0x74, 0x65, 0x78,
    0x74, 0x75, 0x72, 0x65, 0x50, 0x72, 0x6f, 0x6a, 0x28, 0x5f, 0x73, 0x61,
    0x6d, 0x70, 0x6c, 0x65, 0x72, 0x2c, 0x20, 0x5f, 0x63, 0x6f, 0x6f, 0x72,
    0x64, 0x29, 0x20, 0x29, 0x0a, 0x61, 0x74, 0x74, 0x72, 0x69, 0x62, 0x75,
    0x74, 0x65, 0x20, 0x76, 0x65, 0x63, 0x32, 0x20, 0x61, 0x5f, 0x70, 0x6f,
    0x73, 0x69, 0x74, 0x69, 0x6f, 0x6e, 0x3b, 0x0a, 0x61, 0x74, 0x74, 0x72,
    0x69, 0x62, 0x75, 0x74, 0x65, 0x20, 0x76, 0x65, 0x63, 0x32, 0x20, 0x61,
    0x5f, 0x74, 0x65, 0x78, 0x63, 0x6f, 0x6f, 0x72, 0x64, 0x30, 0x3b, 0x0a,
    0x76, 0x61, 0x72, 0x79, 0x69, 0x6e, 0x67, 0x20, 0x76, 0x65, 0x63, 0x32,
    0x20, 0x76, 0x5f, 0x74, 0x65, 0x78, 0x63, 0x6f, 0x6f, 0x72, 0x64, 0x30,
    0x3b, 0x0a, 0x66, 0x6c, 0x6f, 0x61, 0x74, 0x20, 0x72, 0x63, 0x70, 0x28,
    0x66, 0x6c, 0x6f, 0x61, 0x74, 0x20, 0x5f, 0x61, 0x29, 0x20, 0x7b, 0x20,
    0x72, 0x65, 0x74, 0x75, 0x72, 0x6e, 0x20, 0x31, 0x2e, 0x30, 0x2f, 0x5f,
    0x61, 0x3b, 0x20, 0x7d, 0x0a, 0x76, 0x65, 0x63, 0x32, 0x20, 0x72, 0x63,
    0x70, 0x28, 0x76, 0x65, 0x63, 0x32, 0x20, 0x5f, 0x61, 0x29, 0x20, 0x7b,
    0x20, 0x72, 0x65, 0x74, 0x75, 0x72, 0x6e, 0x20, 0x76, 0x65, 0x63, 0x32,
    0x28, 0x31, 0x2e, 0x30, 0x29, 0x2f, 0x5f, 0x61, 0x3b, 0x20, 0x7d, 0x0a,
    0x76, 0x65, 0x63, 0x33, 0x20, 0x72, 0x63, 0x70, 0x28, 0x76, 0x65, 0x63,
    0x33, 0x20, 0x5f, 0x61, 0x29, 0x20, 0x7b, 0x20, 0x72, 0x65, 0x74, 0x75,
    0x72, 0x6e, 0x20, 0x76, 0x65, 0x63, 0x33, 0x28, 0x31, 0x2e, 0x30, 0x29,
    0x2f, 0x5f, 0x61, 0x3b, 0x20, 0x7d, 0x0a, 0x76, 0x65, 0x63, 0x34, 0x20,
    0x72, 0x63, 0x70, 0x28, 0x76, 0x65, 0x63, 0x34, 0x20, 0x5f, 0x61, 0x29,
    0x20, 0x7b, 0x20, 0x72, 0x65, 0x74, 0x75, 0x72, 0x6e, 0x20, 0x76, 0x65,
    0x63, 0x34, 0x28, 0x31, 0x2e, 0x30, 0x29, 0x2f, 0x5f, 0x61, 0x3b, 0x20,
    0x7d, 0x0a, 0x76, 0x65, 0x63, 0x32, 0x20, 0x76, 0x65, 0x63, 0x32, 0x5f,
    0x73, 0x70, 0x6c, 0x61, 0x74, 0x28, 0x66, 0x6c, 0x6f, 0x61, 0x74, 0x20,
    0x5f, 0x78, 0x29, 0x20, 0x7b, 0x20, 0x72, 0x65, 0x74, 0x75, 0x72, 0x6e,
    0x20, 0x76, 0x65, 0x63, 0x32, 0x28, 0x5f, 0x78, 0x2c, 0x20, 0x5f, 0x78,
    0x29, 0x3b, 0x20, 0x7d, 0x0a, 0x76, 0x65, 0x63, 0x33, 0x20, 0x76, 0x65,
    0x63, 0x33, 0x5f, 0x73, 0x70, 0x6c, 0x61, 0x74, 0x28, 0x66, 0x6c, 0x6f,
    0x61, 0x74, 0x20, 0x5f, 0x78, 0x29, 0x20, 0x7b, 0x20, 0x72, 0x65, 0x74,
    0x75, 0x72, 0x6e, 0x20, 0x76, 0x65, 0x63, 0x33, 0x28, 0x5f, 0x78, 0x2c,
    0x20, 0x5f, 0x78, 0x2c, 0x20, 0x5f, 0x78, 0x29, 0x3b, 0x20, 0x7d, 0x0a,
    0x76, 0x65, 0x63, 0x34, 0x20, 0x76, 0x65, 0x63, 0x34, 0x5f, 0x73, 0x70,
    0x6c, 0x61, 0x74, 0x28, 0x66, 0x6c, 0x6f, 0x61, 0x74, 0x20, 0x5f, 0x78,
    0x29, 0x20, 0x7b, 0x20, 0x72, 0x65, 0x74, 0x75, 0x72, 0x6e, 0x20, 0x76,
    0x65, 0x63, 0x34, 0x28, 0x5f, 0x78, 0x2c, 0x20, 0x5f, 0x78, 0x2c, 0x20,
    0x5f, 0x78, 0x2c, 0x20, 0x5f, 0x78, 0x29, 0x3b, 0x20, 0x7d, 0x0a, 0x75,
    0x76, 0x65, 0x63, 0x32, 0x20, 0x75, 0x76, 0x65, 0x63, 0x32, 0x5f, 0x73,
    0x70, 0x6c, 0x61, 0x74, 0x28, 0x75, 0x69, 0x6e, 0x74, 0x20, 0x5f, 0x78,
    0x29, 0x20, 0x7b, 0x20, 0x72, 0x65, 0x74, 0x75, 0x72, 0x6e, 0x20, 0x75,
    0x76, 0x65, 0x63, 0x32, 0x28, 0x5f, 0x78, 0x2c, 0x20, 0x5f, 0x78, 0x29,
    0x3b, 0x20, 0x7d, 0x0a, 0x75, 0x76, 0x65, 0x63, 0x33, 0x20, 0x75, 0x76,
    0x65, 0x63, 0x33, 0x5f, 0x73, 0x70, 0x6c, 0x61, 0x74, 0x28, 0x75, 0x69,
    0x6e, 0x74, 0x20, 0x5f, 0x78, 0x29, 0x20, 0x7b, 0x20, 0x72, 0x65, 0x74,
    0x75, 0x72, 0x6e, 0x20, 0x75, 0x76, 0x65, 0x63, 0x33, 0x28, 0x5f, 0x78,
    0x2c, 0x20, 0x5f, 0x78, 0x2c, 0x20, 0x5f, 0x78, 0x29, 0x3b, 0x20, 0x7d,
    0x0a, 0x75, 0x76, 0x65, 0x63, 0x34, 0x20, 0x75, 0x76, 0x65, 0x63, 0x34,
    0x5f, 0x73, 0x70, 0x6c, 0x61, 0x74, 0x28, 0x75, 0x69, 0x6e, 0x74, 0x20,
    0x5f, 0x78, 0x29, 0x20, 0x7b, 0x20, 0x72, 0x65, 0x74, 0x75, 0x72, 0x6e,
    0x20, 0x75, 0x76, 0x65, 0x63, 0x34, 0x28, 0x5f, 0x78, 0x2c, 0x20, 0x5f,
    0x78, 0x2c, 0x20, 0x5f, 0x78, 0x2c, 0x20, 0x5f, 0x78, 0x29, 0x3b, 0x20,
    0x7d, 0x0a, 0x6d, 0x61, 0x74, 0x34, 0x20, 0x6d, 0x74, 0x78, 0x46, 0x72,
    0x6f, 0x6d, 0x52, 0x6f, 0x77, 0x73, 0x28, 0x76, 0x65, 0x63, 0x34, 0x20,
    0x5f, 0x30, 0x2c, 0x20, 0x76, 0x65, 0x63, 0x34, 0x20, 0x5f, 0x31, 0x2c,
    0x20, 0x76, 0x65, 0x63, 0x34, 0x20, 0x5f, 0x32, 0x2c, 0x20, 0x76, 0x65,
    0x63, 0x34, 0x20, 0x5f, 0x33, 0x29, 0x0a, 0x7b, 0x0a, 0x72, 0x65, 0x74,
    0x75, 0x72, 0x6e, 0x20, 0x74, 0x72, 0x61, 0x6e, 0x73, 0x70, 0x6f, 0x73,
    0x65, 0x28, 0x6d, 0x61, 0x74, 0x34, 0x28, 0x5f, 0x30, 0x2c, 0x20, 0x5f,
    0x31, 0x2c, 0x20, 0x5f, 0x32, 0x2c, 0x20, 0x5f, 0x33, 0x29, 0x20, 0x29,
    0x3b, 0x0a, 0x7d, 0x0a, 0x6d, 0x61, 0x74, 0x34, 0x20, 0x6d, 0x74, 0x78,
    0x46, 0x72, 0x6f, 0x6d, 0x43, 0x6f, 0x6c, 0x73, 0x28, 0x76, 0x65, 0x63,
    0x34, 0x20, 0x5f, 0x30, 0x2c, 0x20, 0x76, 0x65, 0x63, 0x34, 0x20, 0x5f,
    0x31, 0x2c, 0x20, 0x76, 0x65, 0x63, 0x34, 0x20, 0x5f, 0x32, 0x2c, 0x20,
    0x76, 0x65, 0x63, 0x34, 0x20, 0x5f, 0x33, 0x29, 0x0a, 0x7b, 0x0a, 0x72,
    0x65, 0x74, 0x75, 0x72, 0x6e, 0x20, 0x6d, 0x61, 0x74, 0x34, 0x28, 0x5f,
    0x30, 0x2c, 0x20, 0x5f, 0x31, 0x2c, 0x20, 0x5f, 0x32, 0x2c, 0x20, 0x5f,
    0x33, 0x29, 0x3b, 0x0a, 0x7d, 0x0a, 0x6d, 0x61, 0x74, 0x33, 0x20, 0x6d,
    0x74, 0x78, 0x46, 0x72, 0x6f, 0x6d, 0x52, 0x6f, 0x77, 0x73, 0x28, 0x76,
    0x65, 0x63, 0x33, 0x20, 0x5f, 0x30, 0x2c, 0x20, 0x76, 0x65, 0x63, 0x33,
    0x20, 0x5f, 0x31, 0x2c, 0x20, 0x76, 0x65, 0x63, 0x33, 0x20, 0x5f, 0x32,
    0x29, 0x0a, 0x7b, 0x0a, 0x72, 0x65, 0x74, 0x75, 0x72, 0x6e, 0x20, 0x74,
    0x72, 0x61, 0x6e, 0x73, 0x70, 0x6f, 0x73, 0x65, 0x28, 0x6d, 0x61, 0x74,
    0x33, 0x28, 0x5f, 0x30, 0x2c, 0x20, 0x5f, 0x31, 0x2c, 0x20, 0x5f, 0x32,
    0x29, 0x20, 0x29, 0x3b, 0x0a, 0x7d, 0x0a, 0x6d, 0x61, 0x74, 0x33, 0x20,
    0x6d, 0x74, 0x78, 0x46, 0x72, 0x6f, 0x6d, 0x43, 0x6f, 0x6c, 0x73, 0x28,
    0x76, 0x65, 0x63, 0x33, 0x20, 0x5f, 0x30, 0x2c, 0x20, 0x76, 0x65, 0x63,
    0x33, 0x20, 0x5f, 0x31, 0x2c, 0x20, 0x76, 0x65, 0x63, 0x33, 0x20, 0x5f,
    0x32, 0x29, 0x0a, 0x7b, 0x0a, 0x72, 0x65, 0x74, 0x75, 0x72, 0x6e, 0x20,
    0x6d, 0x61, 0x74, 0x33, 0x28, 0x5f, 0x30, 0x2c, 0x20, 0x5f, 0x31, 0x2c,
    0x20, 0x5f, 0x32, 0x29, 0x3b, 0x0a, 0x7d, 0x0a, 0x6d, 0x61, 0x74, 0x34,
    0x78, 0x33, 0x20, 0x6d, 0x74, 0x78, 0x46, 0x72, 0x6f, 0x6d, 0x52, 0x6f,
    0x77, 0x73, 0x28, 0x76, 0x65, 0x63, 0x34, 0x20, 0x5f, 0x30, 0x2c, 0x20,
    0x76, 0x65, 0x63, 0x34, 0x20, 0x5f, 0x31, 0x2c, 0x20, 0x76, 0x65, 0x63,
    0x34, 0x20, 0x5f, 0x32, 0x29, 0x0a, 0x7b, 0x0a, 0x72, 0x65, 0x74, 0x75,
    0x72, 0x6e, 0x20, 0x74, 0x72, 0x61, 0x6e, 0x73, 0x70, 0x6f, 0x73, 0x65,
    0x28, 0x6d, 0x61, 0x74, 0x33, 0x78, 0x34, 0x28, 0x5f, 0x30, 0x2c, 0x20,
    0x5f, 0x31, 0x2c, 0x20, 0x5f, 0x32, 0x29, 0x20, 0x29, 0x3b, 0x0a, 0x7d,
    0x0a, 0x76, 0x65, 0x63, 0x33, 0x20, 0x6d, 0x74, 0x78, 0x47, 0x65, 0x74,
    0x52, 0x6f, 0x77, 0x28, 0x6d, 0x61, 0x74, 0x33, 0x20, 0x5f, 0x6d, 0x74,
    0x78, 0x2c, 0x20, 0x69, 0x6e, 0x74, 0x20, 0x5f, 0x72, 0x6f, 0x77, 0x29,
    0x0a, 0x7b, 0x0a, 0x72, 0x65, 0x74, 0x75, 0x72, 0x6e, 0x20, 0x76, 0x65,
    0x63, 0x33, 0x28, 0x5f, 0x6d, 0x74, 0x78, 0x5b, 0x30, 0x5d, 0x5b, 0x5f,
    0x72, 0x6f, 0x77, 0x5d, 0x2c, 0x20, 0x5f, 0x6d, 0x74, 0x78, 0x5b, 0x31,
    0x5d, 0x5b, 0x5f, 0x72, 0x6f, 0x77, 0x5d, 0x2c, 0x20, 0x5f, 0x6d, 0x74,
    0x78, 0x5b, 0x32, 0x5d, 0x5b, 0x5f, 0x72, 0x6f, 0x77, 0x5d, 0x29, 0x3b,
    0x0a, 0x7d, 0x0a, 0x76, 0x65, 0x63, 0x33, 0x20, 0x6d, 0x74, 0x78, 0x47,
    0x65, 0x74, 0x43, 0x6f, 0x6c, 0x75, 0x6d, 0x6e, 0x28, 0x6d, 0x61, 0x74,
    0x33, 0x20, 0x5f, 0x6d, 0x74, 0x78, 0x2c, 0x20, 0x69, 0x6e, 0x74, 0x20,
    0x5f, 0x63, 0x6f, 0x6c, 0x75, 0x6d, 0x6e, 0x29, 0x0a, 0x7b, 0x0a, 0x72,
    0x65, 0x74, 0x75, 0x72, 0x6e, 0x20, 0x76, 0x65, 0x63, 0x33, 0x28, 0x5f,
    0x6d, 0x74, 0x78, 0x5b, 0x5f, 0x63, 0x6f, 0x6c, 0x75, 0x6d, 0x6e, 0x5d,
    0x29, 0x3b, 0x0a, 0x7d, 0x0a, 0x76, 0x65, 0x63, 0x34, 0x20, 0x6d, 0x74,
    0x78, 0x47, 0x65, 0x74, 0x52, 0x6f, 0x77, 0x28, 0x6d, 0x61, 0x74, 0x34,
    0x78, 0x33, 0x20, 0x5f, 0x6d, 0x74, 0x78, 0x2c, 0x20, 0x69, 0x6e, 0x74,
    0x20, 0x5f, 0x72, 0x6f, 0x77, 0x29, 0x0a, 0x7b, 0x0a, 0x72, 0x65, 0x74,
    0x75, 0x72, 0x6e, 0x20, 0x76, 0x65, 0x63, 0x34, 0x28, 0x5f, 0x6d, 0x74,
    0x78, 0x5b, 0x30, 0x5d, 0x5b, 0x5f, 0x72, 0x6f, 0x77, 0x5d, 0x2c, 0x20,
    0x5f, 0x6d, 0x74, 0x78, 0x5b, 0x31, 0x5d, 0x5b, 0x5f, 0x72, 0x6f, 0x77,
    0x5d, 0x2c, 0x20, 0x5f, 0x6d, 0x74, 0x78, 0x5b, 0x32, 0x5d, 0x5b, 0x5f,
    0x72, 0x6f, 0x77, 0x5d, 0x2c, 0x20, 0x5f, 0x6d, 0x74, 0x78, 0x5b, 0x33,
    0x5d, 0x5b, 0x5f, 0x72, 0x6f, 0x77, 0x5d, 0x29, 0x3b, 0x0a, 0x7d, 0x0a,
    0x76, 0x65, 0x63, 0x33, 0x20, 0x6d, 0x74, 0x78, 0x47, 0x65, 0x74, 0x43,
    0x6f, 0x6c, 0x75, 0x6d, 0x6e, 0x28, 0x6d, 0x61, 0x74, 0x34, 0x78, 0x33,
    0x20, 0x5f, 0x6d, 0x74, 0x78, 0x2c, 0x20, 0x69, 0x6e, 0x74, 0x20, 0x5f,
    0x63, 0x6f, 0x6c, 0x75, 0x6d, 0x6e, 0x29, 0x0a, 0x7b, 0x0a, 0x72, 0x65,
    0x74, 0x75, 0x72, 0x6e, 0x20, 0x76, 0x65, 0x63, 0x33, 0x28, 0x5f, 0x6d,
    0x74, 0x78, 0x5b, 0x5f, 0x63, 0x6f, 0x6c, 0x75, 0x6d, 0x6e, 0x5d, 0x29,
    0x3b, 0x0a, 0x7d, 0x0a, 0x76, 0x65, 0x63, 0x34, 0x20, 0x6d, 0x74, 0x78,
    0x47, 0x65, 0x74, 0x52, 0x6f, 0x77, 0x28, 0x6d, 0x61, 0x74, 0x34, 0x20,
    0x5f, 0x6d, 0x74, 0x78, 0x2c, 0x20, 0x69, 0x6e, 0x74, 0x20, 0x5f, 0x72,
    0x6f, 0x77, 0x29, 0x0a, 0x7b, 0x0a, 0x72, 0x65, 0x74, 0x75, 0x72, 0x6e,
    0x20, 0x76, 0x65, 0x63, 0x34, 0x28, 0x5f, 0x6d, 0x74, 0x78, 0x5b, 0x30,
    0x5d, 0x5b, 0x5f, 0x72, 0x6f, 0x77, 0x5d, 0x2c, 0x20, 0x5f, 0x6d, 0x74,
    0x78, 0x5b, 0x31, 0x5d, 0x5b, 0x5f, 0x72, 0x6f, 0x77, 0x5d, 0x2c, 0x20,
    0x5f, 0x6d, 0x74, 0x78, 0x5b, 0x32, 0x5d, 0x5b, 0x5f, 0x72, 0x6f, 0x77,
    0x5d, 0x2c, 0x20, 0x5f, 0x6d, 0x74, 0x78, 0x5b, 0x33, 0x5d, 0x5b, 0x5f,
    0x72, 0x6f, 0x77, 0x5d, 0x29, 0x3b, 0x0a, 0x7d, 0x0a, 0x76, 0x65, 0x63,
    0x34, 0x20, 0x6d, 0x74, 0x78, 0x47, 0x65, 0x74, 0x43, 0x6f, 0x6c, 0x75,
    0x6d, 0x6e, 0x28, 0x6d, 0x61, 0x74, 0x34, 0x20, 0x5f, 0x6d, 0x74, 0x78,
    0x2c, 0x20, 0x69, 0x6e, 0x74, 0x20, 0x5f, 0x63, 0x6f, 0x6c, 0x75, 0x6d,
    0x6e, 0x29, 0x0a, 0x7b, 0x0a, 0x72, 0x65, 0x74, 0x75, 0x72, 0x6e, 0x20,
    0x76, 0x65, 0x63, 0x34, 0x28, 0x5f, 0x6d, 0x74, 0x78, 0x5b, 0x5f, 0x63,
    0x6f, 0x6c, 0x75, 0x6d, 0x6e, 0x5d, 0x29, 0x3b, 0x0a, 0x7d, 0x0a, 0x66,
    0x6c, 0x6f, 0x61, 0x74, 0x20, 0x6d, 0x74, 0x78, 0x47, 0x65, 0x74, 0x45,
    0x6c, 0x65, 0x6d, 0x65, 0x6e, 0x74, 0x28, 0x6d, 0x61, 0x74, 0x33, 0x20,
    0x5f, 0x6d, 0x74, 0x78, 0x2c, 0x20, 0x69, 0x6e, 0x74, 0x20, 0x5f, 0x63,
    0x6f, 0x6c, 0x75, 0x6d, 0x6e, 0x2c, 0x20, 0x69, 0x6e, 0x74, 0x20, 0x5f,
    0x72, 0x6f, 0x77, 0x29, 0x0a, 0x7b, 0x0a, 0x72, 0x65, 0x74, 0x75, 0x72,
    0x6e, 0x20, 0x5f, 0x6d, 0x74, 0x78, 0x5b, 0x5f, 0x63, 0x6f, 0x6c, 0x75,
    0x6d, 0x6e, 0x5d, 0x5b, 0x5f, 0x72, 0x6f, 0x77, 0x5d, 0x3b, 0x0a, 0x7d,
    0x0a, 0x66, 0x6c, 0x6f, 0x61, 0x74, 0x20, 0x6d, 0x74, 0x78, 0x47, 0x65,
    0x74, 0x45, 0x6c, 0x65, 0x6d, 0x65, 0x6e, 0x74, 0x28, 0x6d, 0x61, 0x74,
    0x34, 0x20, 0x5f, 0x6d, 0x74, 0x78, 0x2c, 0x20, 0x69, 0x6e, 0x74, 0x20,
    0x5f, 0x63, 0x6f, 0x6c, 0x75, 0x6d, 0x6e, 0x2c, 0x20, 0x69, 0x6e, 0x74,
    0x20, 0x5f, 0x72, 0x6f, 0x77, 0x29, 0x0a, 0x7b, 0x0a, 0x72, 0x65, 0x74,
    0x75, 0x72, 0x6e, 0x20, 0x5f, 0x6d, 0x74, 0x78, 0x5b, 0x5f, 0x63, 0x6f,
    0x6c, 0x75, 0x6d, 0x6e, 0x5d, 0x5b, 0x5f, 0x72, 0x6f, 0x77, 0x5d, 0x3b,
    0x0a, 0x7d, 0x0a, 0x66, 0x6c, 0x6f, 0x61, 0x74, 0x20, 0x73, 0x65, 0x6c,
    0x65, 0x63, 0x74, 0x28, 0x62, 0x6f, 0x6f, 0x6c, 0x20, 0x5f, 0x63, 0x6f,
    0x6e, 0x64, 0x2c, 0x20, 0x66, 0x6c, 0x6f, 0x61, 0x74, 0x20, 0x5f, 0x74,
    0x72, 0x75, 0x65, 0x2c, 0x20, 0x66, 0x6c, 0x6f, 0x61, 0x74, 0x20, 0x5f,
    0x66, 0x61, 0x6c, 0x73, 0x65, 0x29, 0x20, 0x7b, 0x20, 0x72, 0x65, 0x74,
    0x75, 0x72, 0x6e, 0x20, 0x5f, 0x63, 0x6f, 0x6e, 0x64, 0x20, 0x3f, 0x20,
    0x5f, 0x74, 0x72, 0x75, 0x65, 0x20, 0x3a, 0x20, 0x5f, 0x66, 0x61, 0x6c,
    0x73, 0x65, 0x3b, 0x20, 0x7d, 0x0a, 0x76, 0x65, 0x63, 0x32, 0x20, 0x73,
    0x65, 0x6c, 0x65, 0x63, 0x74, 0x28, 0x62, 0x6f, 0x6f, 0x6c, 0x20, 0x5f,
    0x63, 0x6f, 0x6e, 0x64, 0x2c, 0x20, 0x76, 0x65, 0x63, 0x32, 0x20, 0x5f,
    0x74, 0x72, 0x75, 0x65, 0x2c, 0x20, 0x76, 0x65, 0x63, 0x32, 0x20, 0x5f,
    0x66, 0x61, 0x6c, 0x73, 0x65, 0x29, 0x20, 0x7b, 0x20, 0x72, 0x65, 0x74,
    0x75, 0x72, 0x6e, 0x20, 0x5f, 0x63, 0x6f, 0x6e, 0x64, 0x20, 0x3f, 0x20,
    0x5f, 0x74, 0x72, 0x75, 0x65, 0x20, 0x3a, 0x20, 0x5f, 0x66, 0x61, 0x6c,
    0x73, 0x65, 0x3b, 0x20, 0x7d, 0x0a, 0x76, 0x65, 0x63, 0x33, 0x20, 0x73,
    0x65, 0x6c, 0x65, 0x63, 0x74, 0x28, 0x62, 0x6f, 0x6f, 0x6c, 0x20, 0x5f,
    0x63, 0x6f, 0x6e, 0x64, 0x2c, 0x20, 0x76, 0x65, 0x63, 0x33, 0x20, 0x5f,
    0x74, 0x72, 0x75, 0x65, 0x2c, 0x20, 0x76, 0x65, 0x63, 0x33, 0x20, 0x5f,
    0x66, 0x61, 0x6c, 0x73, 0x65, 0x29, 0x20, 0x7b, 0x20, 0x72, 0x65, 0x74,
    0x75, 0x72, 0x6e, 0x20, 0x5f, 0x63, 0x6f, 0x6e, 0x64, 0x20, 0x3f, 0x20,
    0x5f, 0x74, 0x72, 0x75, 0x65, 0x20, 0x3a, 0x20, 0x5f, 0x66, 0x61, 0x6c,
    0x73, 0x65, 0x3b, 0x20, 0x7d, 0x0a, 0x76, 0x65, 0x63, 0x34, 0x20, 0x73,
    0x65, 0x6c, 0x65, 0x63, 0x74, 0x28, 0x62, 0x6f, 0x6f, 0x6c, 0x20, 0x5f,
    0x63, 0x6f, 0x6e, 0x64, 0x2c, 0x20, 0x76, 0x65, 0x63, 0x34, 0x20, 0x5f,
    0x74, 0x72, 0x75, 0x65, 0x2c, 0x20, 0x76, 0x65, 0x63, 0x34, 0x20, 0x5f,
    0x66, 0x61, 0x6c, 0x73, 0x65, 0x29, 0x20, 0x7b, 0x20, 0x72, 0x65, 0x74,
    0x75, 0x72, 0x6e, 0x20, 0x5f, 0x63, 0x6f, 0x6e, 0x64, 0x20, 0x3f, 0x20,
    0x5f, 0x74, 0x72, 0x75, 0x65, 0x20, 0x3a, 0x20, 0x5f, 0x66, 0x61, 0x6c,
    0x73, 0x65, 0x3b, 0x20, 0x7d, 0x0a, 0x76, 0x65, 0x63, 0x32, 0x20, 0x73,
    0x65, 0x6c, 0x65, 0x63, 0x74, 0x28, 0x62, 0x76, 0x65, 0x63, 0x32, 0x20,
    0x5f, 0x63, 0x6f, 0x6e, 0x64, 0x2c, 0x20, 0x76, 0x65, 0x63, 0x32, 0x20,
    0x5f, 0x74, 0x72, 0x75, 0x65, 0x2c, 0x20, 0x76, 0x65, 0x63, 0x32, 0x20,
    0x5f, 0x66, 0x61, 0x6c, 0x73, 0x65, 0x29, 0x20, 0x7b, 0x20, 0x72, 0x65,
    0x74, 0x75, 0x72, 0x6e, 0x20, 0x28, 0x76, 0x65, 0x63, 0x32, 0x28, 0x5f,
    0x63, 0x6f, 0x6e, 0x64, 0x29, 0x20, 0x2a, 0x20, 0x5f, 0x74, 0x72, 0x75,
    0x65, 0x29, 0x20, 0x2b, 0x20, 0x28, 0x76, 0x65, 0x63, 0x32, 0x28, 0x6e,
    0x6f, 0x74, 0x28, 0x5f, 0x63, 0x6f, 0x6e, 0x64, 0x29, 0x20, 0x29, 0x20,
    0x2a, 0x20, 0x5f, 0x66, 0x61, 0x6c, 0x73, 0x65, 0x29, 0x3b, 0x20, 0x7d,
    0x0a, 0x76, 0x65, 0x63, 0x33, 0x20, 0x73, 0x65, 0x6c, 0x65, 0x63, 0x74,
    0x28, 0x62, 0x76, 0x65, 0x63, 0x33, 0x20, 0x5f, 0x63, 0x6f, 0x6e, 0x64,
    0x2c, 0x20, 0x76, 0x65, 0x63, 0x33, 0x20, 0x5f, 0x74, 0x72, 0x75, 0x65,
    0x2c, 0x20, 0x76, 0x65, 0x63, 0x33, 0x20, 0x5f, 0x66, 0x61, 0x6c, 0x73,
    0x65, 0x29, 0x20, 0x7b, 0x20, 0x72, 0x65, 0x74, 0x75, 0x72, 0x6e, 0x20,
    0x28, 0x76, 0x65, 0x63, 0x33, 0x28, 0x5f, 0x63, 0x6f, 0x6e, 0x64, 0x29,
    0x20, 0x2a, 0x20, 0x5f, 0x74, 0x72, 0x75, 0x65, 0x29, 0x20, 0x2b, 0x20,
    0x28, 0x76, 0x65, 0x63, 0x33, 0x28, 0x6e, 0x6f, 0x74, 0x28, 0x5f, 0x63,
    0x6f, 0x6e, 0x64, 0x29, 0x20, 0x29, 0x20, 0x2a, 0x20, 0x5f, 0x66, 0x61,
    0x6c, 0x73, 0x65, 0x29, 0x3b, 0x20, 0x7d, 0x0a, 0x76, 0x65, 0x63, 0x34,
    0x20, 0x73, 0x65, 0x6c, 0x65, 0x63, 0x74, 0x28, 0x62, 0x76, 0x65, 0x63,
    0x34, 0x20, 0x5f, 0x63, 0x6f, 0x6e, 0x64, 0x2c, 0x20, 0x76, 0x65, 0x63,
    0x34, 0x20, 0x5f, 0x74, 0x72, 0x75, 0x65, 0x2c, 0x20, 0x76, 0x65, 0x63,
    0x34, 0x20, 0x5f, 0x66, 0x61, 0x6c, 0x73, 0x65, 0x29, 0x20, 0x7b, 0x20,
    0x72, 0x65, 0x74, 0x75, 0x72, 0x6e, 0x20, 0x28, 0x76, 0x65, 0x63, 0x34,
    0x28, 0x5f, 0x63, 0x6f, 0x6e, 0x64, 0x29, 0x20, 0x2a, 0x20, 0x5f, 0x74,
    0x72, 0x75, 0x65, 0x29, 0x20, 0x2b, 0x20, 0x28, 0x76, 0x65, 0x63, 0x34,
    0x28, 0x6e, 0x6f, 0x74, 0x28, 0x5f, 0x63, 0x6f, 0x6e, 0x64, 0x29, 0x20,
    0x29, 0x20, 0x2a, 0x20, 0x5f, 0x66, 0x61, 0x6c, 0x73, 0x65, 0x29, 0x3b,
    0x20, 0x7d, 0x0a, 0x69, 0x6e, 0x74, 0x20, 0x73, 0x65, 0x6c, 0x65, 0x63,
    0x74, 0x28, 0x62, 0x6f, 0x6f, 0x6c, 0x20, 0x5f, 0x63, 0x6f, 0x6e, 0x64,
    0x2c, 0x20, 0x69, 0x6e, 0x74, 0x20, 0x5f, 0x74, 0x72, 0x75, 0x65, 0x2c,
    0x20, 0x69, 0x6e, 0x74, 0x20, 0x5f, 0x66, 0x61, 0x6c, 0x73, 0x65, 0x29,
    0x20, 0x7b, 0x20, 0x72, 0x65, 0x74, 0x75, 0x72, 0x6e, 0x20, 0x5f, 0x63,
    0x6f, 0x6e, 0x64, 0x20, 0x3f, 0x20, 0x5f, 0x74, 0x72, 0x75, 0x65, 0x20,
    0x3a, 0x20, 0x5f, 0x66, 0x61, 0x6c, 0x73, 0x65, 0x3b, 0x20, 0x7d, 0x0a,
    0x69, 0x76, 0x65, 0x63, 0x32, 0x20, 0x73, 0x65, 0x6c, 0x65, 0x63, 0x74,
    0x28, 0x62, 0x6f, 0x6f, 0x6c, 0x20, 0x5f, 0x63, 0x6f, 0x6e, 0x64, 0x2c,
    0x20, 0x69, 0x76, 0x65, 0x63, 0x32, 0x20, 0x5f, 0x74, 0x72, 0x75, 0x65,
    0x2c, 0x20, 0x69, 0x76, 0x65, 0x63, 0x32, 0x20, 0x5f, 0x66, 0x61, 0x6c,
    0x73, 0x65, 0x29, 0x20, 0x7b, 0x20, 0x72, 0x65, 0x74, 0x75, 0x72, 0x6e,
    0x20, 0x5f, 0x63, 0x6f, 0x6e, 0x64, 0x20, 0x3f, 0x20, 0x5f, 0x74, 0x72,
    0x75, 0x65, 0x20, 0x3a, 0x20, 0x5f, 0x66, 0x61, 0x6c, 0x73, 0x65, 0x3b,
    0x20, 0x7d, 0x0a, 0x69, 0x76, 0x65, 0x63, 0x33, 0x20, 0x73, 0x65, 0x6c,
    0x65, 0x63, 0x74, 0x28, 0x62, 0x6f, 0x6f, 0x6c, 0x20, 0x5f, 0x63, 0x6f,
    0x6e, 0x64, 0x2c, 0x20, 0x69, 0x76, 0x65, 0x63, 0x33, 0x20, 0x5f, 0x74,
    0x72, 0x75, 0x65, 0x2c, 0x20, 0x69, 0x76, 0x65, 0x63, 0x33, 0x20, 0x5f,
    0x66, 0x61, 0x6c, 0x73, 0x65, 0x29, 0x20, 0x7b, 0x20, 0x72, 0x65, 0x74,
    0x75, 0x72, 0x6e, 0x20, 0x5f, 0x63, 0x6f, 0x6e, 0x64, 0x20, 0x3f, 0x20,
    0x5f, 0x74, 0x72, 0x75, 0x65, 0x20, 0x3a, 0x20, 0x5f, 0x66, 0x61, 0x6c,
    0x73, 0x65, 0x3b, 0x20, 0x7d, 0x0a, 0x69, 0x76, 0x65, 0x63, 0x34, 0x20,
    0x73, 0x65, 0x6c, 0x65, 0x63, 0x74, 0x28, 0x62, 0x6f, 0x6f, 0x6c, 0x20,
    0x5f, 0x63, 0x6f, 0x6e, 0x64, 0x2c, 0x20, 0x69, 0x76, 0x65, 0x63, 0x34,
    0x20, 0x5f, 0x74, 0x72, 0x75, 0x65, 0x2c, 0x20, 0x69, 0x76, 0x65, 0x63,
    0x34, 0x20, 0x5f, 0x66, 0x61, 0x6c, 0x73, 0x65, 0x29, 0x20, 0x7b, 0x20,
    0x72, 0x65, 0x74, 0x75, 0x72, 0x6e, 0x20, 0x5f, 0x63, 0x6f, 0x6e, 0x64,
    0x20, 0x3f, 0x20, 0x5f, 0x74, 0x72, 0x75, 0x65, 0x20, 0x3a, 0x20, 0x5f,
    0x66, 0x61, 0x6c, 0x73, 0x65, 0x3b, 0x20, 0x7d, 0x0a, 0x69, 0x76, 0x65,
    0x63, 0x32, 0x20, 0x73, 0x65, 0x6c, 0x65, 0x63, 0x74, 0x28, 0x62, 0x76,
    0x65, 0x63, 0x32, 0x20, 0x5f, 0x63, 0x6f, 0x6e, 0x64, 0x2c, 0x20, 0x69,
    0x76, 0x65, 0x63, 0x32, 0x20, 0x5f, 0x74, 0x72, 0x75, 0x65, 0x2c, 0x20,
    0x69, 0x76, 0x65, 0x63, 0x32, 0x20, 0x5f, 0x66, 0x61, 0x6c, 0x73, 0x65,
    0x29, 0x20, 0x7b, 0x20, 0x72, 0x65, 0x74, 0x75, 0x72, 0x6e, 0x20, 0x28,
    0x69, 0x76, 0x65, 0x63, 0x32, 0x28, 0x5f, 0x63, 0x6f, 0x6e, 0x64, 0x29,
    0x20, 0x2a, 0x20, 0x5f, 0x74, 0x72, 0x75, 0x65, 0x29, 0x20, 0x2b, 0x20,
    0x28, 0x69, 0x76, 0x65, 0x63, 0x32, 0x28, 0x6e, 0x6f, 0x74, 0x28, 0x5f,
    0x63, 0x6f, 0x6e, 0x64, 0x29, 0x20, 0x29, 0x20, 0x2a, 0x20, 0x5f, 0x66,
    0x61, 0x6c, 0x73, 0x65, 0x29, 0x3b, 0x20, 0x7d, 0x0a, 0x69, 0x76, 0x65,
    0x63, 0x33, 0x20, 0x73, 0x65, 0x6c, 0x65, 0x63, 0x74, 0x28, 0x62, 0x76,
    0x65, 0x63, 0x33, 0x20, 0x5f, 0x63, 0x6f, 0x6e, 0x64, 0x2c, 0x20, 0x69,
    0x76, 0x65, 0x63, 0x33, 0x20, 0x5f, 0x74, 0x72, 0x75, 0x65, 0x2c, 0x20,
    0x69, 0x76, 0x65, 0x63, 0x33, 0x20, 0x5f, 0x66, 0x61, 0x6c, 0x73, 0x65,
    0x29, 0x20, 0x7b, 0x20, 0x72, 0x65, 0x74, 0x75, 0x72, 0x6e, 0x20, 0x28,
    0x69, 0x76, 0x65, 0x63, 0x33, 0x28, 0x5f, 0x63, 0x6f, 0x6e, 0x64, 0x29,
    0x20, 0x2a, 0x20, 0x5f, 0x74, 0x72, 0x75, 0x65, 0x29, 0x20, 0x2b, 0x20,
    0x28, 0x69, 0x76, 0x65, 0x63, 0x33, 0x28, 0x6e, 0x6f, 0x74, 0x28, 0x5f,
    0x63, 0x6f, 0x6e, 0x64, 0x29, 0x20, 0x29, 0x20, 0x2a, 0x20, 0x5f, 0x66,
    0x61, 0x6c, 0x73, 0x65, 0x29, 0x3b, 0x20, 0x7d, 0x0a, 0x69, 0x76, 0x65,
    0x63, 0x34, 0x20, 0x73, 0x65, 0x6c, 0x65, 0x63, 0x74, 0x28, 0x62, 0x76,
    0x65, 0x63, 0x34, 0x20, 0x5f, 0x63, 0x6f, 0x6e, 0x64, 0x2c, 0x20, 0x69,
    0x76, 0x65, 0x63, 0x34, 0x20, 0x5f, 0x74, 0x72, 0x75, 0x65, 0x2c, 0x20,
    0x69, 0x76, 0x65, 0x63, 0x34, 0x20, 0x5f, 0x66, 0x61, 0x6c, 0x73, 0x65,
    0x29, 0x20, 0x7b, 0x20, 0x72, 0x65, 0x74, 0x75, 0x72, 0x6e, 0x20, 0x28,
    0x69, 0x76, 0x65, 0x63, 0x34, 0x28, 0x5f, 0x63, 0x6f, 0x6e, 0x64, 0x29,
    0x20, 0x2a, 0x20, 0x5f, 0x74, 0x72, 0x75, 0x65, 0x29, 0x20, 0x2b, 0x20,
    0x28, 0x69, 0x76, 0x65, 0x63, 0x34, 0x28, 0x6e, 0x6f, 0x74, 0x28, 0x5f,
    0x63, 0x6f, 0x6e, 0x64, 0x29, 0x20, 0x29, 0x20, 0x2a, 0x20, 0x5f, 0x66,
    0x61, 0x6c, 0x73, 0x65, 0x29, 0x3b, 0x20, 0x7d, 0x0a, 0x75, 0x69, 0x6e,
    0x74, 0x20, 0x73, 0x65, 0x6c, 0x65, 0x63, 0x74, 0x28, 0x62, 0x6f, 0x6f,
    0x6c, 0x20, 0x5f, 0x63, 0x6f, 0x6e, 0x64, 0x2c, 0x20, 0x75, 0x69, 0x6e,
    0x74, 0x20, 0x5f, 0x74, 0x72, 0x75, 0x65, 0x2c, 0x20, 0x75, 0x69, 0x6e,
    0x74, 0x20, 0x5f, 0x66, 0x61, 0x6c, 0x73, 0x65, 0x29, 0x20, 0x7b, 0x20,
    0x72, 0x65, 0x74, 0x75, 0x72, 0x6e, 0x20, 0x5f, 0x63, 0x6f, 0x6e, 0x64,
    0x20, 0x3f, 0x20, 0x5f, 0x74, 0x72, 0x75, 0x65, 0x20, 0x3a, 0x20, 0x5f,
    0x66, 0x61, 0x6c, 0x73, 0x65, 0x3b, 0x20, 0x7d, 0x0a, 0x75, 0x76, 0x65,
    0x63, 0x32, 0x20, 0x73, 0x65, 0x6c, 0x65, 0x63, 0x74, 0x28, 0x62, 0x6f,
    0x6f, 0x6c, 0x20, 0x5f, 0x63, 0x6f, 0x6e, 0x64, 0x2c, 0x20, 0x75, 0x76,
    0x65, 0x63, 0x32, 0x20, 0x5f, 0x74, 0x72, 0x75, 0x65, 0x2c, 0x20, 0x75,
    0x76, 0x65, 0x63, 0x32, 0x20, 0x5f, 0x66, 0x61, 0x6c, 0x73, 0x65, 0x29,
    0x20, 0x7b, 0x20, 0x72, 0x65, 0x74, 0x75, 0x72, 0x6e, 0x20, 0x5f, 0x63,
    0x6f, 0x6e, 0x64, 0x20, 0x3f, 0x20, 0x5f, 0x74, 0x72, 0x75, 0x65, 0x20,
    0x3a, 0x20, 0x5f, 0x66, 0x61, 0x6c, 0x73, 0x65, 0x3b, 0x20, 0x7d, 0x0a,
    0x75, 0x76, 0x65, 0x63, 0x33, 0x20, 0x73, 0x65, 0x6c, 0x65, 0x63, 0x74,
    0x28, 0x62, 0x6f, 0x6f, 0x6c, 0x20, 0x5f, 0x63, 0x6f, 0x6e, 0x64, 0x2c,
    0x20, 0x75, 0x76, 0x65, 0x63, 0x33, 0x20, 0x5f, 0x74, 0x72, 0x75, 0x65,
    0x2c, 0x20, 0x75, 0x76, 0x65, 0x63, 0x33, 0x20, 0x5f, 0x66, 0x61, 0x6c,
    0x73, 0x65, 0x29, 0x20, 0x7b, 0x20, 0x72, 0x65, 0x74, 0x75, 0x72, 0x6e,
    0x20, 0x5f, 0x63, 0x6f, 0x6e, 0x64, 0x20, 0x3f, 0x20, 0x5f, 0x74, 0x72,
    0x75, 0x65, 0x20, 0x3a, 0x20, 0x5f, 0x66, 0x61, 0x6c, 0x73, 0x65, 0x3b,
    0x20, 0x7d, 0x0a, 0x75, 0x76, 0x65, 0x63, 0x34, 0x20, 0x73, 0x65, 0x6c,
    0x65, 0x63, 0x74, 0x28, 0x62, 0x6f, 0x6f, 0x6c, 0x20, 0x5f, 0x63, 0x6f,
    0x6e, 0x64, 0x2c, 0x20, 0x75, 0x76, 0x65, 0x63, 0x34, 0x20, 0x5f, 0x74,
    0x72, 0x75, 0x65, 0x2c, 0x20, 0x75, 0x76, 0x65, 0x63, 0x34, 0x20, 0x5f,
    0x66, 0x61, 0x6c, 0x73, 0x65, 0x29, 0x20, 0x7b, 0x20, 0x72, 0x65, 0x74,
    0x75, 0x72, 0x6e, 0x20, 0x5f, 0x63, 0x6f, 0x6e, 0x64, 0x20, 0x3f, 0x20,
    0x5f, 0x74, 0x72, 0x75, 0x65, 0x20, 0x3a, 0x20, 0x5f, 0x66, 0x61, 0x6c,
    0x73, 0x65, 0x3b, 0x20, 0x7d, 0x0a, 0x75, 0x76, 0x65, 0x63, 0x32, 0x20,
    0x73, 0x65, 0x6c, 0x65, 0x63, 0x74, 0x28, 0x62, 0x76, 0x65, 0x63, 0x32,
    0x20, 0x5f, 0x63, 0x6f, 0x6e, 0x64, 0x2c, 0x20, 0x75, 0x76, 0x65, 0x63,
    0x32, 0x20, 0x5f, 0x74, 0x72, 0x75, 0x65, 0x2c, 0x20, 0x75, 0x76, 0x65,
    0x63, 0x32, 0x20, 0x5f, 0x66, 0x61, 0x6c, 0x73, 0x65, 0x29, 0x20, 0x7b,
    0x20, 0x72, 0x65, 0x74, 0x75, 0x72, 0x6e, 0x20, 0x28, 0x75, 0x76, 0x65,
    0x63, 0x32, 0x28, 0x5f, 0x63, 0x6f, 0x6e, 0x64, 0x29, 0x20, 0x2a, 0x20,
    0x5f, 0x74, 0x72, 0x75, 0x65, 0x29, 0x20, 0x2b, 0x20, 0x28, 0x75, 0x76,
    0x65, 0x63, 0x32, 0x28, 0x6e, 0x6f, 0x74, 0x28, 0x5f, 0x63, 0x6f, 0x6e,
    0x64, 0x29, 0x20, 0x29, 0x20, 0x2a, 0x20, 0x5f, 0x66, 0x61, 0x6c, 0x73,
    0x65, 0x29, 0x3b, 0x20, 0x7d, 0x0a, 0x75, 0x76, 0x65, 0x63, 0x33, 0x20,
    0x73, 0x65, 0x6c, 0x65, 0x63, 0x74, 0x28, 0x62, 0x76, 0x65, 0x63, 0x33,
    0x20, 0x5f, 0x63, 0x6f, 0x6e, 0x64, 0x2c, 0x20, 0x75, 0x76, 0x65, 0x63,
    0x33, 0x20, 0x5f, 0x74, 0x72, 0x75, 0x65, 0x2c, 0x20, 0x75, 0x76, 0x65,
    0x63, 0x33, 0x20, 0x5f, 0x66, 0x61, 0x6c, 0x73, 0x65, 0x29, 0x20, 0x7b,
    0x20, 0x72, 0x65, 0x74, 0x75, 0x72, 0x6e, 0x20, 0x28, 0x75, 0x76, 0x65,
    0x63, 0x33, 0x28, 0x5f, 0x63, 0x6f, 0x6e, 0x64, 0x29, 0x20, 0x2a, 0x20,
    0x5f, 0x74, 0x72, 0x75, 0x65, 0x29, 0x20, 0x2b, 0x20, 0x28, 0x75, 0x76,
    0x65, 0x63, 0x33, 0x28, 0x6e, 0x6f, 0x74, 0x28, 0x5f, 0x63, 0x6f, 0x6e,
    0x64, 0x29, 0x20, 0x29, 0x20, 0x2a, 0x20, 0x5f, 0x66, 0x61, 0x6c, 0x73,
    0x65, 0x29, 0x3b, 0x20, 0x7d, 0x0a, 0x75, 0x76, 0x65, 0x63, 0x34, 0x20,
    0x73, 0x65, 0x6c, 0x65, 0x63, 0x74, 0x28, 0x62, 0x76, 0x65, 0x63, 0x34,
    0x20, 0x5f, 0x63, 0x6f, 0x6e, 0x64, 0x2c, 0x20, 0x75, 0x76, 0x65, 0x63,
    0x34, 0x20, 0x5f, 0x74, 0x72, 0x75, 0x65, 0x2c, 0x20, 0x75, 0x76, 0x65,
    0x63, 0x34, 0x20, 0x5f, 0x66, 0x61, 0x6c, 0x73, 0x65, 0x29, 0x20, 0x7b,
    0x20, 0x72, 0x65, 0x74, 0x75, 0x72, 0x6e, 0x20, 0x28, 0x75, 0x76, 0x65,
    0x63, 0x34, 0x28, 0x5f, 0x63, 0x6f, 0x6e, 0x64, 0x29, 0x20, 0x2a, 0x20,
    0x5f, 0x74, 0x72, 0x75, 0x65, 0x29, 0x20, 0x2b, 0x20, 0x28, 0x75, 0x76,
    0x65, 0x63, 0x34, 0x28, 0x6e, 0x6f, 0x74, 0x28, 0x5f, 0x63, 0x6f, 0x6e,
    0x64, 0x29, 0x20, 0x29, 0x20, 0x2a, 0x20, 0x5f, 0x66, 0x61, 0x6c, 0x73,
    0x65, 0x29, 0x3b, 0x20, 0x7d, 0x0a, 0x75, 0x6e, 0x69, 0x66, 0x6f, 0x72,
    0x6d, 0x20, 0x76, 0x65, 0x63, 0x34, 0x20, 0x75, 0x5f, 0x76, 0x69, 0x65,
    0x77, 0x52, 0x65, 0x63, 0x74, 0x3b, 0x0a, 0x75, 0x6e, 0x69, 0x66, 0x6f,
    0x72, 0x6d, 0x20, 0x76, 0x65, 0x63, 0x34, 0x20, 0x75, 0x5f, 0x76, 0x69,
    0x65, 0x77, 0x54, 0x65, 0x78, 0x65, 0x6c, 0x3b, 0x0a, 0x75, 0x6e, 0x69,
    0x66, 0x6f, 0x72, 0x6d, 0x20, 0x6d, 0x61, 0x74, 0x34, 0x20, 0x75, 0x5f,
    0x76, 0x69, 0x65, 0x77, 0x3b, 0x0a, 0x75, 0x6e, 0x69, 0x66, 0x6f, 0x72,
    0x6d, 0x20, 0x6d, 0x61, 0x74, 0x34, 0x20, 0x75, 0x5f, 0x69, 0x6e, 0x76,
    0x56, 0x69, 0x65, 0x77, 0x3b, 0x0a, 0x75, 0x6e, 0x69, 0x66, 0x6f, 0x72,
    0x6d, 0x20, 0x6d, 0x61, 0x74, 0x34, 0x20, 0x75, 0x5f, 0x70, 0x72, 0x6f,
    0x6a, 0x3b, 0x0a, 0x75, 0x6e, 0x69, 0x66, 0x6f, 0x72, 0x6d, 0x20, 0x6d,
    0x61, 0x74, 0x34, 0x20, 0x75, 0x5f, 0x69, 0x6e, 0x76, 0x50, 0x72, 0x6f,
    0x6a, 0x3b, 0x0a, 0x75, 0x6e, 0x69, 0x66, 0x6f, 0x72, 0x6d, 0x20, 0x6d,
    0x61, 0x74, 0x34, 0x20, 0x75, 0x5f, 0x76, 0x69, 0x65, 0x77, 0x50, 0x72,
    0x6f, 0x6a, 0x3b, 0x0a, 0x75, 0x6e, 0x69, 0x66, 0x6f, 0x72, 0x6d, 0x20,
    0x6d, 0x61, 0x74, 0x34, 0x20, 0x75, 0x5f, 0x69, 0x6e, 0x76, 0x56, 0x69,
    0x65, 0x77, 0x50, 0x72, 0x6f, 0x6a, 0x3b, 0x0a, 0x75, 0x6e, 0x69, 0x66,
    0x6f, 0x72, 0x6d, 0x20, 0x6d, 0x61, 0x74, 0x34, 0x20, 0x75, 0x5f, 0x6d,
    0x6f, 0x64, 0x65, 0x6c, 0x56, 0x69, 0x65, 0x77, 0x3b, 0x0a, 0x75, 0x6e,
    0x69, 0x66, 0x6f, 0x72, 0x6d, 0x20, 0x6d, 0x61, 0x74, 0x34, 0x20, 0x75,
    0x5f, 0x69, 0x6e, 0x76, 0x4d, 0x6f, 0x64, 0x65, 0x6c, 0x56, 0x69, 0x65,
    0x77, 0x3b, 0x0a, 0x75, 0x6e, 0x69, 0x66, 0x6f, 0x72, 0x6d, 0x20, 0x6d,
    0x61, 0x74, 0x34, 0x20, 0x75, 0x5f, 0x6d, 0x6f, 0x64, 0x65, 0x6c, 0x56,
    0x69, 0x65, 0x77, 0x50, 0x72, 0x6f, 0x6a, 0x3b, 0x0a, 0x75, 0x6e, 0x69,
    0x66, 0x6f, 0x72, 0x6d, 0x20, 0x76, 0x65, 0x63, 0x34, 0x20, 0x75, 0x5f,
    0x61, 0x6c, 0x70, 0x68, 0x61, 0x52, 0x65, 0x66, 0x34, 0x3b, 0x0a, 0x75,
    0x6e, 0x69, 0x66, 0x6f, 0x72, 0x6d, 0x20, 0x6d, 0x61, 0x74, 0x34, 0x20,
    0x75, 0x5f, 0x6d, 0x6f, 0x64, 0x65, 0x6c, 0x5b, 0x31, 0x5d, 0x3b, 0x0a,
    0x76, 0x6f, 0x69, 0x64, 0x20, 0x6d, 0x61, 0x69, 0x6e, 0x28, 0x29, 0x0a,
    0x7b, 0x0a, 0x67, 0x6c, 0x5f, 0x50, 0x6f, 0x73, 0x69, 0x74, 0x69, 0x6f,
    0x6e, 0x20, 0x3d, 0x20, 0x76, 0x65, 0x63, 0x34, 0x28, 0x61, 0x5f, 0x70,
    0x6f, 0x73, 0x69, 0x74, 0x69, 0x6f, 0x6e, 0x2c, 0x20, 0x30, 0x2e, 0x30,
    0x2c, 0x20, 0x31, 0x2e, 0x30, 0x29, 0x3b, 0x0a, 0x76, 0x5f, 0x74, 0x65,
    0x78, 0x63, 0x6f, 0x6f, 0x72, 0x64, 0x30, 0x20, 0x3d, 0x20, 0x61, 0x5f,
    0x74, 0x65, 0x78, 0x63, 0x6f, 0x6f, 0x72, 0x64, 0x30, 0x3b, 0x0a, 0x7d,
    0x0a, 0x00,
};
const size_t kEmbeddedGL_vs_sprite_size = sizeof(kEmbeddedGL_vs_sprite);

const uint8_t kEmbeddedGL_vs_fullscreen[] = {
    0x56, 0x53, 0x48, 0x0b, 0x00, 0x00, 0x00, 0x00, 0x6f, 0x1e, 0x3e, 0x3c,
    0x00, 0x00, 0xd3, 0x12, 0x00, 0x00, 0x23, 0x76, 0x65, 0x72, 0x73, 0x69,
    0x6f, 0x6e, 0x20, 0x34, 0x33, 0x30, 0x0a, 0x23, 0x64, 0x65, 0x66, 0x69,
    0x6e, 0x65, 0x20, 0x74, 0x65, 0x78, 0x74, 0x75, 0x72, 0x65, 0x32, 0x44,
    0x20, 0x20, 0x20, 0x20, 0x20, 0x20, 0x20, 0x20, 0x20, 0x20, 0x74, 0x65,
    0x78, 0x74, 0x75, 0x72, 0x65, 0x0a, 0x23, 0x64, 0x65, 0x66, 0x69, 0x6e,
    0x65, 0x20, 0x74, 0x65, 0x78, 0x74, 0x75, 0x72, 0x65, 0x32, 0x44, 0x4c,
    0x6f, 0x64, 0x20, 0x20, 0x20, 0x20, 0x20, 0x20, 0x20, 0x74, 0x65, 0x78,
    0x74, 0x75, 0x72, 0x65, 0x4c, 0x6f, 0x64, 0x0a, 0x23, 0x64, 0x65, 0x66,
    0x69, 0x6e, 0x65, 0x20, 0x74, 0x65, 0x78, 0x74, 0x75, 0x72, 0x65, 0x32,
    0x44, 0x47, 0x72, 0x61, 0x64, 0x20, 0x20, 0x20, 0x20, 0x20, 0x20, 0x74,
    0x65, 0x78, 0x74, 0x75, 0x72, 0x65, 0x47, 0x72, 0x61, 0x64, 0x0a, 0x23,
    0x64, 0x65, 0x66, 0x69, 0x6e, 0x65, 0x20, 0x74, 0x65, 0x78, 0x74, 0x75,
    0x72, 0x65, 0x32, 0x44, 0x50, 0x72, 0x6f, 0x6a, 0x4c, 0x6f, 0x64, 0x20,
    0x20, 0x20, 0x74, 0x65, 0x78, 0x74, 0x75, 0x72, 0x65, 0x50, 0x72, 0x6f,
    0x6a, 0x4c, 0x6f, 0x64, 0x0a, 0x23, 0x64, 0x65, 0x66, 0x69, 0x6e, 0x65,
    0x20, 0x74, 0x65, 0x78, 0x74, 0x75, 0x72, 0x65, 0x32, 0x44, 0x50, 0x72,
    0x6f, 0x6a, 0x47, 0x72, 0x61, 0x64, 0x20, 0x20, 0x74, 0x65, 0x78, 0x74,
    0x75, 0x72, 0x65, 0x50, 0x72, 0x6f, 0x6a, 0x47, 0x72, 0x61, 0x64, 0x0a,
    0x23, 0x64, 0x65, 0x66, 0x69, 0x6e, 0x65, 0x20, 0x74, 0x65, 0x78, 0x74,
    0x75, 0x72, 0x65, 0x43, 0x75, 0x62, 0x65, 0x4c, 0x6f, 0x64, 0x20, 0x20,
    0x20, 0x20, 0x20, 0x74, 0x65, 0x78, 0x74, 0x75, 0x72, 0x65, 0x4c, 0x6f,
    0x64, 0x0a, 0x23, 0x64, 0x65, 0x66, 0x69, 0x6e, 0x65, 0x20, 0x74, 0x65,
    0x78, 0x74, 0x75, 0x72, 0x65, 0x43, 0x75, 0x62, 0x65, 0x47, 0x72, 0x61,
    0x64, 0x20, 0x20, 0x20, 0x20, 0x74, 0x65, 0x78, 0x74, 0x75, 0x72, 0x65,
    0x47, 0x72, 0x61, 0x64, 0x0a, 0x23, 0x64, 0x65, 0x66, 0x69, 0x6e, 0x65,
    0x20, 0x74, 0x65, 0x78, 0x74, 0x75, 0x72, 0x65, 0x33, 0x44, 0x20, 0x20,
    0x20, 0x20, 0x20, 0x20, 0x20, 0x20, 0x20, 0x20, 0x74, 0x65, 0x78, 0x74,
    0x75, 0x72, 0x65, 0x0a, 0x23, 0x64, 0x65, 0x66, 0x69, 0x6e, 0x65, 0x20,
    0x74, 0x65, 0x78, 0x74, 0x75, 0x72, 0x65, 0x32, 0x44, 0x4c, 0x6f, 0x64,
    0x4f, 0x66, 0x66, 0x73, 0x65, 0x74, 0x20, 0x74, 0x65, 0x78, 0x74, 0x75,
    0x72, 0x65, 0x4c, 0x6f, 0x64, 0x4f, 0x66, 0x66, 0x73, 0x65, 0x74, 0x0a,
    0x23, 0x64, 0x65, 0x66, 0x69, 0x6e, 0x65, 0x20, 0x61, 0x74, 0x74, 0x72,
    0x69, 0x62, 0x75, 0x74, 0x65, 0x20, 0x69, 0x6e, 0x0a, 0x23, 0x64, 0x65,
    0x66, 0x69, 0x6e, 0x65, 0x20, 0x76, 0x61, 0x72, 0x79, 0x69, 0x6e, 0x67,
    0x20, 0x6f, 0x75, 0x74, 0x0a, 0x23, 0x64, 0x65, 0x66, 0x69, 0x6e, 0x65,
    0x20, 0x62, 0x67, 0x66, 0x78, 0x53, 0x68, 0x61, 0x64, 0x6f, 0x77, 0x32,
    0x44, 0x28, 0x5f, 0x73, 0x61, 0x6d, 0x70, 0x6c, 0x65, 0x72, 0x2c, 0x20,
    0x5f, 0x63, 0x6f, 0x6f, 0x72, 0x64, 0x29, 0x20, 0x20, 0x20, 0x20, 0x20,
    0x76, 0x65, 0x63, 0x34, 0x5f, 0x73, 0x70, 0x6c, 0x61, 0x74, 0x28, 0x74,
    0x65, 0x78, 0x74, 0x75, 0x72, 0x65, 0x28, 0x5f, 0x73, 0x61, 0x6d, 0x70,
    0x6c, 0x65, 0x72, 0x2c, 0x20, 0x5f, 0x63, 0x6f, 0x6f, 0x72, 0x64, 0x29,
    0x20, 0x29, 0x0a, 0x23, 0x64, 0x65, 0x66, 0x69, 0x6e, 0x65, 0x20, 0x62,
    0x67, 0x66, 0x78, 0x53, 0x68, 0x61, 0x64, 0x6f, 0x77, 0x32, 0x44, 0x50,
    0x72, 0x6f, 0x6a, 0x28, 0x5f, 0x73, 0x61, 0x6d, 0x70, 0x6c, 0x65, 0x72,
    0x2c, 0x20, 0x5f, 0x63, 0x6f, 0x6f, 0x72, 0x64, 0x29, 0x20, 0x76, 0x65,
    0x63, 0x34, 0x5f, 0x73, 0x70, 0x6c, 0x61, 0x74, 0x28, 0x74, 0x65, 0x78,
    0x74, 0x75, 0x72, 0x65, 0x50, 0x72, 0x6f, 0x6a, 0x28, 0x5f, 0x73, 0x61,
    0x6d, 0x70, 0x6c, 0x65, 0x72, 0x2c, 0x20, 0x5f, 0x63, 0x6f, 0x6f, 0x72,
    0x64, 0x29, 0x20, 0x29, 0x0a, 0x61, 0x74, 0x74, 0x72, 0x69, 0x62, 0x75,
    0x74, 0x65, 0x20, 0x76, 0x65, 0x63, 0x32, 0x20, 0x61, 0x5f, 0x70, 0x6f,
    0x73, 0x69, 0x74, 0x69, 0x6f, 0x6e, 0x3b, 0x0a, 0x61, 0x74, 0x74, 0x72,
    0x69, 0x62, 0x75, 0x74, 0x65, 0x20, 0x76, 0x65, 0x63, 0x32, 0x20, 0x61,
    0x5f, 0x74, 0x65, 0x78, 0x63, 0x6f, 0x6f, 0x72, 0x64, 0x30, 0x3b, 0x0a,
    0x76, 0x61, 0x72, 0x79, 0x69, 0x6e, 0x67, 0x20, 0x76, 0x65, 0x63, 0x32,
    0x20, 0x76, 0x5f, 0x74, 0x65, 0x78, 0x63, 0x6f, 0x6f, 0x72, 0x64, 0x30,
    0x3b, 0x0a, 0x66, 0x6c, 0x6f, 0x61, 0x74, 0x20, 0x72, 0x63, 0x70, 0x28,
    0x66, 0x6c, 0x6f, 0x61, 0x74, 0x20, 0x5f, 0x61, 0x29, 0x20, 0x7b, 0x20,
    0x72, 0x65, 0x74, 0x75, 0x72, 0x6e, 0x20, 0x31, 0x2e, 0x30, 0x2f, 0x5f,
    0x61, 0x3b, 0x20, 0x7d, 0x0a, 0x76, 0x65, 0x63, 0x32, 0x20, 0x72, 0x63,
    0x70, 0x28, 0x76, 0x65, 0x63, 0x32, 0x20, 0x5f, 0x61, 0x29, 0x20, 0x7b,
    0x20, 0x72, 0x65, 0x74, 0x75, 0x72, 0x6e, 0x20, 0x76, 0x65, 0x63, 0x32,
    0x28, 0x31, 0x2e, 0x30, 0x29, 0x2f, 0x5f, 0x61, 0x3b, 0x20, 0x7d, 0x0a,
    0x76, 0x65, 0x63, 0x33, 0x20, 0x72, 0x63, 0x70, 0x28, 0x76, 0x65, 0x63,
    0x33, 0x20, 0x5f, 0x61, 0x29, 0x20, 0x7b, 0x20, 0x72, 0x65, 0x74, 0x75,
    0x72, 0x6e, 0x20, 0x76, 0x65, 0x63, 0x33, 0x28, 0x31, 0x2e, 0x30, 0x29,
    0x2f, 0x5f, 0x61, 0x3b, 0x20, 0x7d, 0x0a, 0x76, 0x65, 0x63, 0x34, 0x20,
    0x72, 0x63, 0x70, 0x28, 0x76, 0x65, 0x63, 0x34, 0x20, 0x5f, 0x61, 0x29,
    0x20, 0x7b, 0x20, 0x72, 0x65, 0x74, 0x75, 0x72, 0x6e, 0x20, 0x76, 0x65,
    0x63, 0x34, 0x28, 0x31, 0x2e, 0x30, 0x29, 0x2f, 0x5f, 0x61, 0x3b, 0x20,
    0x7d, 0x0a, 0x76, 0x65, 0x63, 0x32, 0x20, 0x76, 0x65, 0x63, 0x32, 0x5f,
    0x73, 0x70, 0x6c, 0x61, 0x74, 0x28, 0x66, 0x6c, 0x6f, 0x61, 0x74, 0x20,
    0x5f, 0x78, 0x29, 0x20, 0x7b, 0x20, 0x72, 0x65, 0x74, 0x75, 0x72, 0x6e,
    0x20, 0x76, 0x65, 0x63, 0x32, 0x28, 0x5f, 0x78, 0x2c, 0x20, 0x5f, 0x78,
    0x29, 0x3b, 0x20, 0x7d, 0x0a, 0x76, 0x65, 0x63, 0x33, 0x20, 0x76, 0x65,
    0x63, 0x33, 0x5f, 0x73, 0x70, 0x6c, 0x61, 0x74, 0x28, 0x66, 0x6c, 0x6f,
    0x61, 0x74, 0x20, 0x5f, 0x78, 0x29, 0x20, 0x7b, 0x20, 0x72, 0x65, 0x74,
    0x75, 0x72, 0x6e, 0x20, 0x76, 0x65, 0x63, 0x33, 0x28, 0x5f, 0x78, 0x2c,
    0x20, 0x5f, 0x78, 0x2c, 0x20, 0x5f, 0x78, 0x29, 0x3b, 0x20, 0x7d, 0x0a,
    0x76, 0x65, 0x63, 0x34, 0x20, 0x76, 0x65, 0x63, 0x34, 0x5f, 0x73, 0x70,
    0x6c, 0x61, 0x74, 0x28, 0x66, 0x6c, 0x6f, 0x61, 0x74, 0x20, 0x5f, 0x78,
    0x29, 0x20, 0x7b, 0x20, 0x72, 0x65, 0x74, 0x75, 0x72, 0x6e, 0x20, 0x76,
    0x65, 0x63, 0x34, 0x28, 0x5f, 0x78, 0x2c, 0x20, 0x5f, 0x78, 0x2c, 0x20,
    0x5f, 0x78, 0x2c, 0x20, 0x5f, 0x78, 0x29, 0x3b, 0x20, 0x7d, 0x0a, 0x75,
    0x76, 0x65, 0x63, 0x32, 0x20, 0x75, 0x76, 0x65, 0x63, 0x32, 0x5f, 0x73,
    0x70, 0x6c, 0x61, 0x74, 0x28, 0x75, 0x69, 0x6e, 0x74, 0x20, 0x5f, 0x78,
    0x29, 0x20, 0x7b, 0x20, 0x72, 0x65, 0x74, 0x75, 0x72, 0x6e, 0x20, 0x75,
    0x76, 0x65, 0x63, 0x32, 0x28, 0x5f, 0x78, 0x2c, 0x20, 0x5f, 0x78, 0x29,
    0x3b, 0x20, 0x7d, 0x0a, 0x75, 0x76, 0x65, 0x63, 0x33, 0x20, 0x75, 0x76,
    0x65, 0x63, 0x33, 0x5f, 0x73, 0x70, 0x6c, 0x61, 0x74, 0x28, 0x75, 0x69,
    0x6e, 0x74, 0x20, 0x5f, 0x78, 0x29, 0x20, 0x7b, 0x20, 0x72, 0x65, 0x74,
    0x75, 0x72, 0x6e, 0x20, 0x75, 0x76, 0x65, 0x63, 0x33, 0x28, 0x5f, 0x78,
    0x2c, 0x20, 0x5f, 0x78, 0x2c, 0x20, 0x5f, 0x78, 0x29, 0x3b, 0x20, 0x7d,
    0x0a, 0x75, 0x76, 0x65, 0x63, 0x34, 0x20, 0x75, 0x76, 0x65, 0x63, 0x34,
    0x5f, 0x73, 0x70, 0x6c, 0x61, 0x74, 0x28, 0x75, 0x69, 0x6e, 0x74, 0x20,
    0x5f, 0x78, 0x29, 0x20, 0x7b, 0x20, 0x72, 0x65, 0x74, 0x75, 0x72, 0x6e,
    0x20, 0x75, 0x76, 0x65, 0x63, 0x34, 0x28, 0x5f, 0x78, 0x2c, 0x20, 0x5f,
    0x78, 0x2c, 0x20, 0x5f, 0x78, 0x2c, 0x20, 0x5f, 0x78, 0x29, 0x3b, 0x20,
    0x7d, 0x0a, 0x6d, 0x61, 0x74, 0x34, 0x20, 0x6d, 0x74, 0x78, 0x46, 0x72,
    0x6f, 0x6d, 0x52, 0x6f, 0x77, 0x73, 0x28, 0x76, 0x65, 0x63, 0x34, 0x20,
    0x5f, 0x30, 0x2c, 0x20, 0x76, 0x65, 0x63, 0x34, 0x20, 0x5f, 0x31, 0x2c,
    0x20, 0x76, 0x65, 0x63, 0x34, 0x20, 0x5f, 0x32, 0x2c, 0x20, 0x76, 0x65,
    0x63, 0x34, 0x20, 0x5f, 0x33, 0x29, 0x0a, 0x7b, 0x0a, 0x72, 0x65, 0x74,
    0x75, 0x72, 0x6e, 0x20, 0x74, 0x72, 0x61, 0x6e, 0x73, 0x70, 0x6f, 0x73,
    0x65, 0x28, 0x6d, 0x61, 0x74, 0x34, 0x28, 0x5f, 0x30, 0x2c, 0x20, 0x5f,
    0x31, 0x2c, 0x20, 0x5f, 0x32, 0x2c, 0x20, 0x5f, 0x33, 0x29, 0x20, 0x29,
    0x3b, 0x0a, 0x7d, 0x0a, 0x6d, 0x61, 0x74, 0x34, 0x20, 0x6d, 0x74, 0x78,
    0x46, 0x72, 0x6f, 0x6d, 0x43, 0x6f, 0x6c, 0x73, 0x28, 0x76, 0x65, 0x63,
    0x34, 0x20, 0x5f, 0x30, 0x2c, 0x20, 0x76, 0x65, 0x63, 0x34, 0x20, 0x5f,
    0x31, 0x2c, 0x20, 0x76, 0x65, 0x63, 0x34, 0x20, 0x5f, 0x32, 0x2c, 0x20,
    0x76, 0x65, 0x63, 0x34, 0x20, 0x5f, 0x33, 0x29, 0x0a, 0x7b, 0x0a, 0x72,
    0x65, 0x74, 0x75, 0x72, 0x6e, 0x20, 0x6d, 0x61, 0x74, 0x34, 0x28, 0x5f,
    0x30, 0x2c, 0x20, 0x5f, 0x31, 0x2c, 0x20, 0x5f, 0x32, 0x2c, 0x20, 0x5f,
    0x33, 0x29, 0x3b, 0x0a, 0x7d, 0x0a, 0x6d, 0x61, 0x74, 0x33, 0x20, 0x6d,
    0x74, 0x78, 0x46, 0x72, 0x6f, 0x6d, 0x52, 0x6f, 0x77, 0x73, 0x28, 0x76,
    0x65, 0x63, 0x33, 0x20, 0x5f, 0x30, 0x2c, 0x20, 0x76, 0x65, 0x63, 0x33,
    0x20, 0x5f, 0x31, 0x2c, 0x20, 0x76, 0x65, 0x63, 0x33, 0x20, 0x5f, 0x32,
    0x29, 0x0a, 0x7b, 0x0a, 0x72, 0x65, 0x74, 0x75, 0x72, 0x6e, 0x20, 0x74,
    0x72, 0x61, 0x6e, 0x73, 0x70, 0x6f, 0x73, 0x65, 0x28, 0x6d, 0x61, 0x74,
    0x33, 0x28, 0x5f, 0x30, 0x2c, 0x20, 0x5f, 0x31, 0x2c, 0x20, 0x5f, 0x32,
    0x29, 0x20, 0x29, 0x3b, 0x0a, 0x7d, 0x0a, 0x6d, 0x61, 0x74, 0x33, 0x20,
    0x6d, 0x74, 0x78, 0x46, 0x72, 0x6f, 0x6d, 0x43, 0x6f, 0x6c, 0x73, 0x28,
    0x76, 0x65, 0x63, 0x33, 0x20, 0x5f, 0x30, 0x2c, 0x20, 0x76, 0x65, 0x63,
    0x33, 0x20, 0x5f, 0x31, 0x2c, 0x20, 0x76, 0x65, 0x63, 0x33, 0x20, 0x5f,
    0x32, 0x29, 0x0a, 0x7b, 0x0a, 0x72, 0x65, 0x74, 0x75, 0x72, 0x6e, 0x20,
    0x6d, 0x61, 0x74, 0x33, 0x28, 0x5f, 0x30, 0x2c, 0x20, 0x5f, 0x31, 0x2c,
    0x20, 0x5f, 0x32, 0x29, 0x3b, 0x0a, 0x7d, 0x0a, 0x6d, 0x61, 0x74, 0x34,
    0x78, 0x33, 0x20, 0x6d, 0x74, 0x78, 0x46, 0x72, 0x6f, 0x6d, 0x52, 0x6f,
    0x77, 0x73, 0x28, 0x76, 0x65, 0x63, 0x34, 0x20, 0x5f, 0x30, 0x2c, 0x20,
    0x76, 0x65, 0x63, 0x34, 0x20, 0x5f, 0x31, 0x2c, 0x20, 0x76, 0x65, 0x63,
    0x34, 0x20, 0x5f, 0x32, 0x29, 0x0a, 0x7b, 0x0a, 0x72, 0x65, 0x74, 0x75,
    0x72, 0x6e, 0x20, 0x74, 0x72, 0x61, 0x6e, 0x73, 0x70, 0x6f, 0x73, 0x65,
    0x28, 0x6d, 0x61, 0x74, 0x33, 0x78, 0x34, 0x28, 0x5f, 0x30, 0x2c, 0x20,
    0x5f, 0x31, 0x2c, 0x20, 0x5f, 0x32, 0x29, 0x20, 0x29, 0x3b, 0x0a, 0x7d,
    0x0a, 0x76, 0x65, 0x63, 0x33, 0x20, 0x6d, 0x74, 0x78, 0x47, 0x65, 0x74,
    0x52, 0x6f, 0x77, 0x28, 0x6d, 0x61, 0x74, 0x33, 0x20, 0x5f, 0x6d, 0x74,
    0x78, 0x2c, 0x20, 0x69, 0x6e, 0x74, 0x20, 0x5f, 0x72, 0x6f, 0x77, 0x29,
    0x0a, 0x7b, 0x0a, 0x72, 0x65, 0x74, 0x75, 0x72, 0x6e, 0x20, 0x76, 0x65,
    0x63, 0x33, 0x28, 0x5f, 0x6d, 0x74, 0x78, 0x5b, 0x30, 0x5d, 0x5b, 0x5f,
    0x72, 0x6f, 0x77, 0x5d, 0x2c, 0x20, 0x5f, 0x6d, 0x74, 0x78, 0x5b, 0x31,
    0x5d, 0x5b, 0x5f, 0x72, 0x6f, 0x77, 0x5d, 0x2c, 0x20, 0x5f, 0x6d, 0x74,
    0x78, 0x5b, 0x32, 0x5d, 0x5b, 0x5f, 0x72, 0x6f, 0x77, 0x5d, 0x29, 0x3b,
    0x0a, 0x7d, 0x0a, 0x76, 0x65, 0x63, 0x33, 0x20, 0x6d, 0x74, 0x78, 0x47,
    0x65, 0x74, 0x43, 0x6f, 0x6c, 0x75, 0x6d, 0x6e, 0x28, 0x6d, 0x61, 0x74,
    0x33, 0x20, 0x5f, 0x6d, 0x74, 0x78, 0x2c, 0x20, 0x69, 0x6e, 0x74, 0x20,
    0x5f, 0x63, 0x6f, 0x6c, 0x75, 0x6d, 0x6e, 0x29, 0x0a, 0x7b, 0x0a, 0x72,
    0x65, 0x74, 0x75, 0x72, 0x6e, 0x20, 0x76, 0x65, 0x63, 0x33, 0x28, 0x5f,
    0x6d, 0x74, 0x78, 0x5b, 0x5f, 0x63, 0x6f, 0x6c, 0x75, 0x6d, 0x6e, 0x5d,
    0x29, 0x3b, 0x0a, 0x7d, 0x0a, 0x76, 0x65, 0x63, 0x34, 0x20, 0x6d, 0x74,
    0x78, 0x47, 0x65, 0x74, 0x52, 0x6f, 0x77, 0x28, 0x6d, 0x61, 0x74, 0x34,
    0x78, 0x33, 0x20, 0x5f, 0x6d, 0x74, 0x78, 0x2c, 0x20, 0x69, 0x6e, 0x74,
    0x20, 0x5f, 0x72, 0x6f, 0x77, 0x29, 0x0a, 0x7b, 0x0a, 0x72, 0x65, 0x74,
    0x75, 0x72, 0x6e, 0x20, 0x76, 0x65, 0x63, 0x34, 0x28, 0x5f, 0x6d, 0x74,
    0x78, 0x5b, 0x30, 0x5d, 0x5b, 0x5f, 0x72, 0x6f, 0x77, 0x5d, 0x2c, 0x20,
    0x5f, 0x6d, 0x74, 0x78, 0x5b, 0x31, 0x5d, 0x5b, 0x5f, 0x72, 0x6f, 0x77,
    0x5d, 0x2c, 0x20, 0x5f, 0x6d, 0x74, 0x78, 0x5b, 0x32, 0x5d, 0x5b, 0x5f,
    0x72, 0x6f, 0x77, 0x5d, 0x2c, 0x20, 0x5f, 0x6d, 0x74, 0x78, 0x5b, 0x33,
    0x5d, 0x5b, 0x5f, 0x72, 0x6f, 0x77, 0x5d, 0x29, 0x3b, 0x0a, 0x7d, 0x0a,
    0x76, 0x65, 0x63, 0x33, 0x20, 0x6d, 0x74, 0x78, 0x47, 0x65, 0x74, 0x43,
    0x6f, 0x6c, 0x75, 0x6d, 0x6e, 0x28, 0x6d, 0x61, 0x74, 0x34, 0x78, 0x33,
    0x20, 0x5f, 0x6d, 0x74, 0x78, 0x2c, 0x20, 0x69, 0x6e, 0x74, 0x20, 0x5f,
    0x63, 0x6f, 0x6c, 0x75, 0x6d, 0x6e, 0x29, 0x0a, 0x7b, 0x0a, 0x72, 0x65,
    0x74, 0x75, 0x72, 0x6e, 0x20, 0x76, 0x65, 0x63, 0x33, 0x28, 0x5f, 0x6d,
    0x74, 0x78, 0x5b, 0x5f, 0x63, 0x6f, 0x6c, 0x75, 0x6d, 0x6e, 0x5d, 0x29,
    0x3b, 0x0a, 0x7d, 0x0a, 0x76, 0x65, 0x63, 0x34, 0x20, 0x6d, 0x74, 0x78,
    0x47, 0x65, 0x74, 0x52, 0x6f, 0x77, 0x28, 0x6d, 0x61, 0x74, 0x34, 0x20,
    0x5f, 0x6d, 0x74, 0x78, 0x2c, 0x20, 0x69, 0x6e, 0x74, 0x20, 0x5f, 0x72,
    0x6f, 0x77, 0x29, 0x0a, 0x7b, 0x0a, 0x72, 0x65, 0x74, 0x75, 0x72, 0x6e,
    0x20, 0x76, 0x65, 0x63, 0x34, 0x28, 0x5f, 0x6d, 0x74, 0x78, 0x5b, 0x30,
    0x5d, 0x5b, 0x5f, 0x72, 0x6f, 0x77, 0x5d, 0x2c, 0x20, 0x5f, 0x6d, 0x74,
    0x78, 0x5b, 0x31, 0x5d, 0x5b, 0x5f, 0x72, 0x6f, 0x77, 0x5d, 0x2c, 0x20,
    0x5f, 0x6d, 0x74, 0x78, 0x5b, 0x32, 0x5d, 0x5b, 0x5f, 0x72, 0x6f, 0x77,
    0x5d, 0x2c, 0x20, 0x5f, 0x6d, 0x74, 0x78, 0x5b, 0x33, 0x5d, 0x5b, 0x5f,
    0x72, 0x6f, 0x77, 0x5d, 0x29, 0x3b, 0x0a, 0x7d, 0x0a, 0x76, 0x65, 0x63,
    0x34, 0x20, 0x6d, 0x74, 0x78, 0x47, 0x65, 0x74, 0x43, 0x6f, 0x6c, 0x75,
    0x6d, 0x6e, 0x28, 0x6d, 0x61, 0x74, 0x34, 0x20, 0x5f, 0x6d, 0x74, 0x78,
    0x2c, 0x20, 0x69, 0x6e, 0x74, 0x20, 0x5f, 0x63, 0x6f, 0x6c, 0x75, 0x6d,
    0x6e, 0x29, 0x0a, 0x7b, 0x0a, 0x72, 0x65, 0x74, 0x75, 0x72, 0x6e, 0x20,
    0x76, 0x65, 0x63, 0x34, 0x28, 0x5f, 0x6d, 0x74, 0x78, 0x5b, 0x5f, 0x63,
    0x6f, 0x6c, 0x75, 0x6d, 0x6e, 0x5d, 0x29, 0x3b, 0x0a, 0x7d, 0x0a, 0x66,
    0x6c, 0x6f, 0x61, 0x74, 0x20, 0x6d, 0x74, 0x78, 0x47, 0x65, 0x74, 0x45,
    0x6c, 0x65, 0x6d, 0x65, 0x6e, 0x74, 0x28, 0x6d, 0x61, 0x74, 0x33, 0x20,
    0x5f, 0x6d, 0x74, 0x78, 0x2c, 0x20, 0x69, 0x6e, 0x74, 0x20, 0x5f, 0x63,
    0x6f, 0x6c, 0x75, 0x6d, 0x6e, 0x2c, 0x20, 0x69, 0x6e, 0x74, 0x20, 0x5f,
    0x72, 0x6f, 0x77, 0x29, 0x0a, 0x7b, 0x0a, 0x72, 0x65, 0x74, 0x75, 0x72,
    0x6e, 0x20, 0x5f, 0x6d, 0x74, 0x78, 0x5b, 0x5f, 0x63, 0x6f, 0x6c, 0x75,
    0x6d, 0x6e, 0x5d, 0x5b, 0x5f, 0x72, 0x6f, 0x77, 0x5d, 0x3b, 0x0a, 0x7d,
    0x0a, 0x66, 0x6c, 0x6f, 0x61, 0x74, 0x20, 0x6d, 0x74, 0x78, 0x47, 0x65,
    0x74, 0x45, 0x6c, 0x65, 0x6d, 0x65, 0x6e, 0x74, 0x28, 0x6d, 0x61, 0x74,
    0x34, 0x20, 0x5f, 0x6d, 0x74, 0x78, 0x2c, 0x20, 0x69, 0x6e, 0x74, 0x20,
    0x5f, 0x63, 0x6f, 0x6c, 0x75, 0x6d, 0x6e, 0x2c, 0x20, 0x69, 0x6e, 0x74,
    0x20, 0x5f, 0x72, 0x6f, 0x77, 0x29, 0x0a, 0x7b, 0x0a, 0x72, 0x65, 0x74,
    0x75, 0x72, 0x6e, 0x20, 0x5f, 0x6d, 0x74, 0x78, 0x5b, 0x5f, 0x63, 0x6f,
    0x6c, 0x75, 0x6d, 0x6e, 0x5d, 0x5b, 0x5f, 0x72, 0x6f, 0x77, 0x5d, 0x3b,
    0x0a, 0x7d, 0x0a, 0x66, 0x6c, 0x6f, 0x61, 0x74, 0x20, 0x73, 0x65, 0x6c,
    0x65, 0x63, 0x74, 0x28, 0x62, 0x6f, 0x6f, 0x6c, 0x20, 0x5f, 0x63, 0x6f,
    0x6e, 0x64, 0x2c, 0x20, 0x66, 0x6c, 0x6f, 0x61, 0x74, 0x20, 0x5f, 0x74,
    0x72, 0x75, 0x65, 0x2c, 0x20, 0x66, 0x6c, 0x6f, 0x61, 0x74, 0x20, 0x5f,
    0x66, 0x61, 0x6c, 0x73, 0x65, 0x29, 0x20, 0x7b, 0x20, 0x72, 0x65, 0x74,
    0x75, 0x72, 0x6e, 0x20, 0x5f, 0x63, 0x6f, 0x6e, 0x64, 0x20, 0x3f, 0x20,
    0x5f, 0x74, 0x72, 0x75, 0x65, 0x20, 0x3a, 0x20, 0x5f, 0x66, 0x61, 0x6c,
    0x73, 0x65, 0x3b, 0x20, 0x7d, 0x0a, 0x76, 0x65, 0x63, 0x32, 0x20, 0x73,
    0x65, 0x6c, 0x65, 0x63, 0x74, 0x28, 0x62, 0x6f, 0x6f, 0x6c, 0x20, 0x5f,
    0x63, 0x6f, 0x6e, 0x64, 0x2c, 0x20, 0x76, 0x65, 0x63, 0x32, 0x20, 0x5f,
    0x74, 0x72, 0x75, 0x65, 0x2c, 0x20, 0x76, 0x65, 0x63, 0x32, 0x20, 0x5f,
    0x66, 0x61, 0x6c, 0x73, 0x65, 0x29, 0x20, 0x7b, 0x20, 0x72, 0x65, 0x74,
    0x75, 0x72, 0x6e, 0x20, 0x5f, 0x63, 0x6f, 0x6e, 0x64, 0x20, 0x3f, 0x20,
    0x5f, 0x74, 0x72, 0x75, 0x65, 0x20, 0x3a, 0x20, 0x5f, 0x66, 0x61, 0x6c,
    0x73, 0x65, 0x3b, 0x20, 0x7d, 0x0a, 0x76, 0x65, 0x63, 0x33, 0x20, 0x73,
    0x65, 0x6c, 0x65, 0x63, 0x74, 0x28, 0x62, 0x6f, 0x6f, 0x6c, 0x20, 0x5f,
    0x63, 0x6f, 0x6e, 0x64, 0x2c, 0x20, 0x76, 0x65, 0x63, 0x33, 0x20, 0x5f,
    0x74, 0x72, 0x75, 0x65, 0x2c, 0x20, 0x76, 0x65, 0x63, 0x33, 0x20, 0x5f,
    0x66, 0x61, 0x6c, 0x73, 0x65, 0x29, 0x20, 0x7b, 0x20, 0x72, 0x65, 0x74,
    0x75, 0x72, 0x6e, 0x20, 0x5f, 0x63, 0x6f, 0x6e, 0x64, 0x20, 0x3f, 0x20,
    0x5f, 0x74, 0x72, 0x75, 0x65, 0x20, 0x3a, 0x20, 0x5f, 0x66, 0x61, 0x6c,
    0x73, 0x65, 0x3b, 0x20, 0x7d, 0x0a, 0x76, 0x65, 0x63, 0x34, 0x20, 0x73,
    0x65, 0x6c, 0x65, 0x63, 0x74, 0x28, 0x62, 0x6f, 0x6f, 0x6c, 0x20, 0x5f,
    0x63, 0x6f, 0x6e, 0x64, 0x2c, 0x20, 0x76, 0x65, 0x63, 0x34, 0x20, 0x5f,
    0x74, 0x72, 0x75, 0x65, 0x2c, 0x20, 0x76, 0x65, 0x63, 0x34, 0x20, 0x5f,
    0x66, 0x61, 0x6c, 0x73, 0x65, 0x29, 0x20, 0x7b, 0x20, 0x72, 0x65, 0x74,
    0x75, 0x72, 0x6e, 0x20, 0x5f, 0x63, 0x6f, 0x6e, 0x64, 0x20, 0x3f, 0x20,
    0x5f, 0x74, 0x72, 0x75, 0x65, 0x20, 0x3a, 0x20, 0x5f, 0x66, 0x61, 0x6c,
    0x73, 0x65, 0x3b, 0x20, 0x7d, 0x0a, 0x76, 0x65, 0x63, 0x32, 0x20, 0x73,
    0x65, 0x6c, 0x65, 0x63, 0x74, 0x28, 0x62, 0x76, 0x65, 0x63, 0x32, 0x20,
    0x5f, 0x63, 0x6f, 0x6e, 0x64, 0x2c, 0x20, 0x76, 0x65, 0x63, 0x32, 0x20,
    0x5f, 0x74, 0x72, 0x75, 0x65, 0x2c, 0x20, 0x76, 0x65, 0x63, 0x32, 0x20,
    0x5f, 0x66, 0x61, 0x6c, 0x73, 0x65, 0x29, 0x20, 0x7b, 0x20, 0x72, 0x65,
    0x74, 0x75, 0x72, 0x6e, 0x20, 0x28, 0x76, 0x65, 0x63, 0x32, 0x28, 0x5f,
    0x63, 0x6f, 0x6e, 0x64, 0x29, 0x20, 0x2a, 0x20, 0x5f, 0x74, 0x72, 0x75,
    0x65, 0x29, 0x20, 0x2b, 0x20, 0x28, 0x76, 0x65, 0x63, 0x32, 0x28, 0x6e,
    0x6f, 0x74, 0x28, 0x5f, 0x63, 0x6f, 0x6e, 0x64, 0x29, 0x20, 0x29, 0x20,
    0x2a, 0x20, 0x5f, 0x66, 0x61, 0x6c, 0x73, 0x65, 0x29, 0x3b, 0x20, 0x7d,
    0x0a, 0x76, 0x65, 0x63, 0x33, 0x20, 0x73, 0x65, 0x6c, 0x65, 0x63, 0x74,
    0x28, 0x62, 0x76, 0x65, 0x63, 0x33, 0x20, 0x5f, 0x63, 0x6f, 0x6e, 0x64,
    0x2c, 0x20, 0x76, 0x65, 0x63, 0x33, 0x20, 0x5f, 0x74, 0x72, 0x75, 0x65,
    0x2c, 0x20, 0x76, 0x65, 0x63, 0x33, 0x20, 0x5f, 0x66, 0x61, 0x6c, 0x73,
    0x65, 0x29, 0x20, 0x7b, 0x20, 0x72, 0x65, 0x74, 0x75, 0x72, 0x6e, 0x20,
    0x28, 0x76, 0x65, 0x63, 0x33, 0x28, 0x5f, 0x63, 0x6f, 0x6e, 0x64, 0x29,
    0x20, 0x2a, 0x20, 0x5f, 0x74, 0x72, 0x75, 0x65, 0x29, 0x20, 0x2b, 0x20,
    0x28, 0x76, 0x65, 0x63, 0x33, 0x28, 0x6e, 0x6f, 0x74, 0x28, 0x5f, 0x63,
    0x6f, 0x6e, 0x64, 0x29, 0x20, 0x29, 0x20, 0x2a, 0x20, 0x5f, 0x66, 0x61,
    0x6c, 0x73, 0x65, 0x29, 0x3b, 0x20, 0x7d, 0x0a, 0x76, 0x65, 0x63, 0x34,
    0x20, 0x73, 0x65, 0x6c, 0x65, 0x63, 0x74, 0x28, 0x62, 0x76, 0x65, 0x63,
    0x34, 0x20, 0x5f, 0x63, 0x6f, 0x6e, 0x64, 0x2c, 0x20, 0x76, 0x65, 0x63,
    0x34, 0x20, 0x5f, 0x74, 0x72, 0x75, 0x65, 0x2c, 0x20, 0x76, 0x65, 0x63,
    0x34, 0x20, 0x5f, 0x66, 0x61, 0x6c, 0x73, 0x65, 0x29, 0x20, 0x7b, 0x20,
    0x72, 0x65, 0x74, 0x75, 0x72, 0x6e, 0x20, 0x28, 0x76, 0x65, 0x63, 0x34,
    0x28, 0x5f, 0x63, 0x6f, 0x6e, 0x64, 0x29, 0x20, 0x2a, 0x20, 0x5f, 0x74,
    0x72, 0x75, 0x65, 0x29, 0x20, 0x2b, 0x20, 0x28, 0x76, 0x65, 0x63, 0x34,
    0x28, 0x6e, 0x6f, 0x74, 0x28, 0x5f, 0x63, 0x6f, 0x6e, 0x64, 0x29, 0x20,
    0x29, 0x20, 0x2a, 0x20, 0x5f, 0x66, 0x61, 0x6c, 0x73, 0x65, 0x29, 0x3b,
    0x20, 0x7d, 0x0a, 0x69, 0x6e, 0x74, 0x20, 0x73, 0x65, 0x6c, 0x65, 0x63,
    0x74, 0x28, 0x62, 0x6f, 0x6f, 0x6c, 0x20, 0x5f, 0x63, 0x6f, 0x6e, 0x64,
    0x2c, 0x20, 0x69, 0x6e, 0x74, 0x20, 0x5f, 0x74, 0x72, 0x75, 0x65, 0x2c,
    0x20, 0x69, 0x6e, 0x74, 0x20, 0x5f, 0x66, 0x61, 0x6c, 0x73, 0x65, 0x29,
    0x20, 0x7b, 0x20, 0x72, 0x65, 0x74, 0x75, 0x72, 0x6e, 0x20, 0x5f, 0x63,
    0x6f, 0x6e, 0x64, 0x20, 0x3f, 0x20, 0x5f, 0x74, 0x72, 0x75, 0x65, 0x20,
    0x3a, 0x20, 0x5f, 0x66, 0x61, 0x6c, 0x73, 0x65, 0x3b, 0x20, 0x7d, 0x0a,
    0x69, 0x76, 0x65, 0x63, 0x32, 0x20, 0x73, 0x65, 0x6c, 0x65, 0x63, 0x74,
    0x28, 0x62, 0x6f, 0x6f, 0x6c, 0x20, 0x5f, 0x63, 0x6f, 0x6e, 0x64, 0x2c,
    0x20, 0x69, 0x76, 0x65, 0x63, 0x32, 0x20, 0x5f, 0x74, 0x72, 0x75, 0x65,
    0x2c, 0x20, 0x69, 0x76, 0x65, 0x63, 0x32, 0x20, 0x5f, 0x66, 0x61, 0x6c,
    0x73, 0x65, 0x29, 0x20, 0x7b, 0x20, 0x72, 0x65, 0x74, 0x75, 0x72, 0x6e,
    0x20, 0x5f, 0x63, 0x6f, 0x6e, 0x64, 0x20, 0x3f, 0x20, 0x5f, 0x74, 0x72,
    0x75, 0x65, 0x20, 0x3a, 0x20, 0x5f, 0x66, 0x61, 0x6c, 0x73, 0x65, 0x3b,
    0x20, 0x7d, 0x0a, 0x69, 0x76, 0x65, 0x63, 0x33, 0x20, 0x73, 0x65, 0x6c,
    0x65, 0x63, 0x74, 0x28, 0x62, 0x6f, 0x6f, 0x6c, 0x20, 0x5f, 0x63, 0x6f,
    0x6e, 0x64, 0x2c, 0x20, 0x69, 0x76, 0x65, 0x63, 0x33, 0x20, 0x5f, 0x74,
    0x72, 0x75, 0x65, 0x2c, 0x20, 0x69, 0x76, 0x65, 0x63, 0x33, 0x20, 0x5f,
    0x66, 0x61, 0x6c, 0x73, 0x65, 0x29, 0x20, 0x7b, 0x20, 0x72, 0x65, 0x74,
    0x75, 0x72, 0x6e, 0x20, 0x5f, 0x63, 0x6f, 0x6e, 0x64, 0x20, 0x3f, 0x20,
    0x5f, 0x74, 0x72, 0x75, 0x65, 0x20, 0x3a, 0x20, 0x5f, 0x66, 0x61, 0x6c,
    0x73, 0x65, 0x3b, 0x20, 0x7d, 0x0a, 0x69, 0x76, 0x65, 0x63, 0x34, 0x20,
    0x73, 0x65, 0x6c, 0x65, 0x63, 0x74, 0x28, 0x62, 0x6f, 0x6f, 0x6c, 0x20,
    0x5f, 0x63, 0x6f, 0x6e, 0x64, 0x2c, 0x20, 0x69, 0x76, 0x65, 0x63, 0x34,
    0x20, 0x5f, 0x74, 0x72, 0x75, 0x65, 0x2c, 0x20, 0x69, 0x76, 0x65, 0x63,
    0x34, 0x20, 0x5f, 0x66, 0x61, 0x6c, 0x73, 0x65, 0x29, 0x20, 0x7b, 0x20,
    0x72, 0x65, 0x74, 0x75, 0x72, 0x6e, 0x20, 0x5f, 0x63, 0x6f, 0x6e, 0x64,
    0x20, 0x3f, 0x20, 0x5f, 0x74, 0x72, 0x75, 0x65, 0x20, 0x3a, 0x20, 0x5f,
    0x66, 0x61, 0x6c, 0x73, 0x65, 0x3b, 0x20, 0x7d, 0x0a, 0x69, 0x76, 0x65,
    0x63, 0x32, 0x20, 0x73, 0x65, 0x6c, 0x65, 0x63, 0x74, 0x28, 0x62, 0x76,
    0x65, 0x63, 0x32, 0x20, 0x5f, 0x63, 0x6f, 0x6e, 0x64, 0x2c, 0x20, 0x69,
    0x76, 0x65, 0x63, 0x32, 0x20, 0x5f, 0x74, 0x72, 0x75, 0x65, 0x2c, 0x20,
    0x69, 0x76, 0x65, 0x63, 0x32, 0x20, 0x5f, 0x66, 0x61, 0x6c, 0x73, 0x65,
    0x29, 0x20, 0x7b, 0x20, 0x72, 0x65, 0x74, 0x75, 0x72, 0x6e, 0x20, 0x28,
    0x69, 0x76, 0x65, 0x63, 0x32, 0x28, 0x5f, 0x63, 0x6f, 0x6e, 0x64, 0x29,
    0x20, 0x2a, 0x20, 0x5f, 0x74, 0x72, 0x75, 0x65, 0x29, 0x20, 0x2b, 0x20,
    0x28, 0x69, 0x76, 0x65, 0x63, 0x32, 0x28, 0x6e, 0x6f, 0x74, 0x28, 0x5f,
    0x63, 0x6f, 0x6e, 0x64, 0x29, 0x20, 0x29, 0x20, 0x2a, 0x20, 0x5f, 0x66,
    0x61, 0x6c, 0x73, 0x65, 0x29, 0x3b, 0x20, 0x7d, 0x0a, 0x69, 0x76, 0x65,
    0x63, 0x33, 0x20, 0x73, 0x65, 0x6c, 0x65, 0x63, 0x74, 0x28, 0x62, 0x76,
    0x65, 0x63, 0x33, 0x20, 0x5f, 0x63, 0x6f, 0x6e, 0x64, 0x2c, 0x20, 0x69,
    0x76, 0x65, 0x63, 0x33, 0x20, 0x5f, 0x74, 0x72, 0x75, 0x65, 0x2c, 0x20,
    0x69, 0x76, 0x65, 0x63, 0x33, 0x20, 0x5f, 0x66, 0x61, 0x6c, 0x73, 0x65,
    0x29, 0x20, 0x7b, 0x20, 0x72, 0x65, 0x74, 0x75, 0x72, 0x6e, 0x20, 0x28,
    0x69, 0x76, 0x65, 0x63, 0x33, 0x28, 0x5f, 0x63, 0x6f, 0x6e, 0x64, 0x29,
    0x20, 0x2a, 0x20, 0x5f, 0x74, 0x72, 0x75, 0x65, 0x29, 0x20, 0x2b, 0x20,
    0x28, 0x69, 0x76, 0x65, 0x63, 0x33, 0x28, 0x6e, 0x6f, 0x74, 0x28, 0x5f,
    0x63, 0x6f, 0x6e, 0x64, 0x29, 0x20, 0x29, 0x20, 0x2a, 0x20, 0x5f, 0x66,
    0x61, 0x6c, 0x73, 0x65, 0x29, 0x3b, 0x20, 0x7d, 0x0a, 0x69, 0x76, 0x65,
    0x63, 0x34, 0x20, 0x73, 0x65, 0x6c, 0x65, 0x63, 0x74, 0x28, 0x62, 0x76,
    0x65, 0x63, 0x34, 0x20, 0x5f, 0x63, 0x6f, 0x6e, 0x64, 0x2c, 0x20, 0x69,
    0x76, 0x65, 0x63, 0x34, 0x20, 0x5f, 0x74, 0x72, 0x75, 0x65, 0x2c, 0x20,
    0x69, 0x76, 0x65, 0x63, 0x34, 0x20, 0x5f, 0x66, 0x61, 0x6c, 0x73, 0x65,
    0x29, 0x20, 0x7b, 0x20, 0x72, 0x65, 0x74, 0x75, 0x72, 0x6e, 0x20, 0x28,
    0x69, 0x76, 0x65, 0x63, 0x34, 0x28, 0x5f, 0x63, 0x6f, 0x6e, 0x64, 0x29,
    0x20, 0x2a, 0x20, 0x5f, 0x74, 0x72, 0x75, 0x65, 0x29, 0x20, 0x2b, 0x20,
    0x28, 0x69, 0x76, 0x65, 0x63, 0x34, 0x28, 0x6e, 0x6f, 0x74, 0x28, 0x5f,
    0x63, 0x6f, 0x6e, 0x64, 0x29, 0x20, 0x29, 0x20, 0x2a, 0x20, 0x5f, 0x66,
    0x61, 0x6c, 0x73, 0x65, 0x29, 0x3b, 0x20, 0x7d, 0x0a, 0x75, 0x69, 0x6e,
    0x74, 0x20, 0x73, 0x65, 0x6c, 0x65, 0x63, 0x74, 0x28, 0x62, 0x6f, 0x6f,
    0x6c, 0x20, 0x5f, 0x63, 0x6f, 0x6e, 0x64, 0x2c, 0x20, 0x75, 0x69, 0x6e,
    0x74, 0x20, 0x5f, 0x74, 0x72, 0x75, 0x65, 0x2c, 0x20, 0x75, 0x69, 0x6e,
    0x74, 0x20, 0x5f, 0x66, 0x61, 0x6c, 0x73, 0x65, 0x29, 0x20, 0x7b, 0x20,
    0x72, 0x65, 0x74, 0x75, 0x72, 0x6e, 0x20, 0x5f, 0x63, 0x6f, 0x6e, 0x64,
    0x20, 0x3f, 0x20, 0x5f, 0x74, 0x72, 0x75, 0x65, 0x20, 0x3a, 0x20, 0x5f,
    0x66, 0x61, 0x6c, 0x73, 0x65, 0x3b, 0x20, 0x7d, 0x0a, 0x75, 0x76, 0x65,
    0x63, 0x32, 0x20, 0x73, 0x65, 0x6c, 0x65, 0x63, 0x74, 0x28, 0x62, 0x6f,
    0x6f, 0x6c, 0x20, 0x5f, 0x63, 0x6f, 0x6e, 0x64, 0x2c, 0x20, 0x75, 0x76,
    0x65, 0x63, 0x32, 0x20, 0x5f, 0x74, 0x72, 0x75, 0x65, 0x2c, 0x20, 0x75,
    0x76, 0x65, 0x63, 0x32, 0x20, 0x5f, 0x66, 0x61, 0x6c, 0x73, 0x65, 0x29,
    0x20, 0x7b, 0x20, 0x72, 0x65, 0x74, 0x75, 0x72, 0x6e, 0x20, 0x5f, 0x63,
    0x6f, 0x6e, 0x64, 0x20, 0x3f, 0x20, 0x5f, 0x74, 0x72, 0x75, 0x65, 0x20,
    0x3a, 0x20, 0x5f, 0x66, 0x61, 0x6c, 0x73, 0x65, 0x3b, 0x20, 0x7d, 0x0a,
    0x75, 0x76, 0x65, 0x63, 0x33, 0x20, 0x73, 0x65, 0x6c, 0x65, 0x63, 0x74,
    0x28, 0x62, 0x6f, 0x6f, 0x6c, 0x20, 0x5f, 0x63, 0x6f, 0x6e, 0x64, 0x2c,
    0x20, 0x75, 0x76, 0x65, 0x63, 0x33, 0x20, 0x5f, 0x74, 0x72, 0x75, 0x65,
    0x2c, 0x20, 0x75, 0x76, 0x65, 0x63, 0x33, 0x20, 0x5f, 0x66, 0x61, 0x6c,
    0x73, 0x65, 0x29, 0x20, 0x7b, 0x20, 0x72, 0x65, 0x74, 0x75, 0x72, 0x6e,
    0x20, 0x5f, 0x63, 0x6f, 0x6e, 0x64, 0x20, 0x3f, 0x20, 0x5f, 0x74, 0x72,
    0x75, 0x65, 0x20, 0x3a, 0x20, 0x5f, 0x66, 0x61, 0x6c, 0x73, 0x65, 0x3b,
    0x20, 0x7d, 0x0a, 0x75, 0x76, 0x65, 0x63, 0x34, 0x20, 0x73, 0x65, 0x6c,
    0x65, 0x63, 0x74, 0x28, 0x62, 0x6f, 0x6f, 0x6c, 0x20, 0x5f, 0x63, 0x6f,
    0x6e, 0x64, 0x2c, 0x20, 0x75, 0x76, 0x65, 0x63, 0x34, 0x20, 0x5f, 0x74,
    0x72, 0x75, 0x65, 0x2c, 0x20, 0x75, 0x76, 0x65, 0x63, 0x34, 0x20, 0x5f,
    0x66, 0x61, 0x6c, 0x73, 0x65, 0x29, 0x20, 0x7b, 0x20, 0x72, 0x65, 0x74,
    0x75, 0x72, 0x6e, 0x20, 0x5f, 0x63, 0x6f, 0x6e, 0x64, 0x20, 0x3f, 0x20,
    0x5f, 0x74, 0x72, 0x75, 0x65, 0x20, 0x3a, 0x20, 0x5f, 0x66, 0x61, 0x6c,
    0x73, 0x65, 0x3b, 0x20, 0x7d, 0x0a, 0x75, 0x76, 0x65, 0x63, 0x32, 0x20,
    0x73, 0x65, 0x6c, 0x65, 0x63, 0x74, 0x28, 0x62, 0x76, 0x65, 0x63, 0x32,
    0x20, 0x5f, 0x63, 0x6f, 0x6e, 0x64, 0x2c, 0x20, 0x75, 0x76, 0x65, 0x63,
    0x32, 0x20, 0x5f, 0x74, 0x72, 0x75, 0x65, 0x2c, 0x20, 0x75, 0x76, 0x65,
    0x63, 0x32, 0x20, 0x5f, 0x66, 0x61, 0x6c, 0x73, 0x65, 0x29, 0x20, 0x7b,
    0x20, 0x72, 0x65, 0x74, 0x75, 0x72, 0x6e, 0x20, 0x28, 0x75, 0x76, 0x65,
    0x63, 0x32, 0x28, 0x5f, 0x63, 0x6f, 0x6e, 0x64, 0x29, 0x20, 0x2a, 0x20,
    0x5f, 0x74, 0x72, 0x75, 0x65, 0x29, 0x20, 0x2b, 0x20, 0x28, 0x75, 0x76,
    0x65, 0x63, 0x32, 0x28, 0x6e, 0x6f, 0x74, 0x28, 0x5f, 0x63, 0x6f, 0x6e,
    0x64, 0x29, 0x20, 0x29, 0x20, 0x2a, 0x20, 0x5f, 0x66, 0x61, 0x6c, 0x73,
    0x65, 0x29, 0x3b, 0x20, 0x7d, 0x0a, 0x75, 0x76, 0x65, 0x63, 0x33, 0x20,
    0x73, 0x65, 0x6c, 0x65, 0x63, 0x74, 0x28, 0x62, 0x76, 0x65, 0x63, 0x33,
    0x20, 0x5f, 0x63, 0x6f, 0x6e, 0x64, 0x2c, 0x20, 0x75, 0x76, 0x65, 0x63,
    0x33, 0x20, 0x5f, 0x74, 0x72, 0x75, 0x65, 0x2c, 0x20, 0x75, 0x76, 0x65,
    0x63, 0x33, 0x20, 0x5f, 0x66, 0x61, 0x6c, 0x73, 0x65, 0x29, 0x20, 0x7b,
    0x20, 0x72, 0x65, 0x74, 0x75, 0x72, 0x6e, 0x20, 0x28, 0x75, 0x76, 0x65,
    0x63, 0x33, 0x28, 0x5f, 0x63, 0x6f, 0x6e, 0x64, 0x29, 0x20, 0x2a, 0x20,
    0x5f, 0x74, 0x72, 0x75, 0x65, 0x29, 0x20, 0x2b, 0x20, 0x28, 0x75, 0x76,
    0x65, 0x63, 0x33, 0x28, 0x6e, 0x6f, 0x74, 0x28, 0x5f, 0x63, 0x6f, 0x6e,
    0x64, 0x29, 0x20, 0x29, 0x20, 0x2a, 0x20, 0x5f, 0x66, 0x61, 0x6c, 0x73,
    0x65, 0x29, 0x3b, 0x20, 0x7d, 0x0a, 0x75, 0x76, 0x65, 0x63, 0x34, 0x20,
    0x73, 0x65, 0x6c, 0x65, 0x63, 0x74, 0x28, 0x62, 0x76, 0x65, 0x63, 0x34,
    0x20, 0x5f, 0x63, 0x6f, 0x6e, 0x64, 0x2c, 0x20, 0x75, 0x76, 0x65, 0x63,
    0x34, 0x20, 0x5f, 0x74, 0x72, 0x75, 0x65, 0x2c, 0x20, 0x75, 0x76, 0x65,
    0x63, 0x34, 0x20, 0x5f, 0x66, 0x61, 0x6c, 0x73, 0x65, 0x29, 0x20, 0x7b,
    0x20, 0x72, 0x65, 0x74, 0x75, 0x72, 0x6e, 0x20, 0x28, 0x75, 0x76, 0x65,
    0x63, 0x34, 0x28, 0x5f, 0x63, 0x6f, 0x6e, 0x64, 0x29, 0x20, 0x2a, 0x20,
    0x5f, 0x74, 0x72, 0x75, 0x65, 0x29, 0x20, 0x2b, 0x20, 0x28, 0x75, 0x76,
    0x65, 0x63, 0x34, 0x28, 0x6e, 0x6f, 0x74, 0x28, 0x5f, 0x63, 0x6f, 0x6e,
    0x64, 0x29, 0x20, 0x29, 0x20, 0x2a, 0x20, 0x5f, 0x66, 0x61, 0x6c, 0x73,
    0x65, 0x29, 0x3b, 0x20, 0x7d, 0x0a, 0x75, 0x6e, 0x69, 0x66, 0x6f, 0x72,
    0x6d, 0x20, 0x76, 0x65, 0x63, 0x34, 0x20, 0x75, 0x5f, 0x76, 0x69, 0x65,
    0x77, 0x52, 0x65, 0x63, 0x74, 0x3b, 0x0a, 0x75, 0x6e, 0x69, 0x66, 0x6f,
    0x72, 0x6d, 0x20, 0x76, 0x65, 0x63, 0x34, 0x20, 0x75, 0x5f, 0x76, 0x69,
    0x65, 0x77, 0x54, 0x65, 0x78, 0x65, 0x6c, 0x3b, 0x0a, 0x75, 0x6e, 0x69,
    0x66, 0x6f, 0x72, 0x6d, 0x20, 0x6d, 0x61, 0x74, 0x34, 0x20, 0x75, 0x5f,
    0x76, 0x69, 0x65, 0x77, 0x3b, 0x0a, 0x75, 0x6e, 0x69, 0x66, 0x6f, 0x72,
    0x6d, 0x20, 0x6d, 0x61, 0x74, 0x34, 0x20, 0x75, 0x5f, 0x69, 0x6e, 0x76,
    0x56, 0x69, 0x65, 0x77, 0x3b, 0x0a, 0x75, 0x6e, 0x69, 0x66, 0x6f, 0x72,
    0x6d, 0x20, 0x6d, 0x61, 0x74, 0x34, 0x20, 0x75, 0x5f, 0x70, 0x72, 0x6f,
    0x6a, 0x3b, 0x0a, 0x75, 0x6e, 0x69, 0x66, 0x6f, 0x72, 0x6d, 0x20, 0x6d,
    0x61, 0x74, 0x34, 0x20, 0x75, 0x5f, 0x69, 0x6e, 0x76, 0x50, 0x72, 0x6f,
    0x6a, 0x3b, 0x0a, 0x75, 0x6e, 0x69, 0x66, 0x6f, 0x72, 0x6d, 0x20, 0x6d,
    0x61, 0x74, 0x34, 0x20, 0x75, 0x5f, 0x76, 0x69, 0x65, 0x77, 0x50, 0x72,
    0x6f, 0x6a, 0x3b, 0x0a, 0x75, 0x6e, 0x69, 0x66, 0x6f, 0x72, 0x6d, 0x20,
    0x6d, 0x61, 0x74, 0x34, 0x20, 0x75, 0x5f, 0x69, 0x6e, 0x76, 0x56, 0x69,
    0x65, 0x77, 0x50, 0x72, 0x6f, 0x6a, 0x3b, 0x0a, 0x75, 0x6e, 0x69, 0x66,
    0x6f, 0x72, 0x6d, 0x20, 0x6d, 0x61, 0x74, 0x34, 0x20, 0x75, 0x5f, 0x6d,
    0x6f, 0x64, 0x65, 0x6c, 0x56, 0x69, 0x65, 0x77, 0x3b, 0x0a, 0x75, 0x6e,
    0x69, 0x66, 0x6f, 0x72, 0x6d, 0x20, 0x6d, 0x61, 0x74, 0x34, 0x20, 0x75,
    0x5f, 0x69, 0x6e, 0x76, 0x4d, 0x6f, 0x64, 0x65, 0x6c, 0x56, 0x69, 0x65,
    0x77, 0x3b, 0x0a, 0x75, 0x6e, 0x69, 0x66, 0x6f, 0x72, 0x6d, 0x20, 0x6d,
    0x61, 0x74, 0x34, 0x20, 0x75, 0x5f, 0x6d, 0x6f, 0x64, 0x65, 0x6c, 0x56,
    0x69, 0x65, 0x77, 0x50, 0x72, 0x6f, 0x6a, 0x3b, 0x0a, 0x75, 0x6e, 0x69,
    0x66, 0x6f, 0x72, 0x6d, 0x20, 0x76, 0x65, 0x63, 0x34, 0x20, 0x75, 0x5f,
    0x61, 0x6c, 0x70, 0x68, 0x61, 0x52, 0x65, 0x66, 0x34, 0x3b, 0x0a, 0x75,
    0x6e, 0x69, 0x66, 0x6f, 0x72, 0x6d, 0x20, 0x6d, 0x61, 0x74, 0x34, 0x20,
    0x75, 0x5f, 0x6d, 0x6f, 0x64, 0x65, 0x6c, 0x5b, 0x31, 0x5d, 0x3b, 0x0a,
    0x76, 0x6f, 0x69, 0x64, 0x20, 0x6d, 0x61, 0x69, 0x6e, 0x28, 0x29, 0x0a,
    0x7b, 0x0a, 0x67, 0x6c, 0x5f, 0x50, 0x6f, 0x73, 0x69, 0x74, 0x69, 0x6f,
    0x6e, 0x20, 0x3d, 0x20, 0x76, 0x65, 0x63, 0x34, 0x28, 0x61, 0x5f, 0x70,
    0x6f, 0x73, 0x69, 0x74, 0x69, 0x6f, 0x6e, 0x2c, 0x20, 0x30, 0x2e, 0x30,
    0x2c, 0x20, 0x31, 0x2e, 0x30, 0x29, 0x3b, 0x0a, 0x76, 0x5f, 0x74, 0x65,
    0x78, 0x63, 0x6f, 0x6f, 0x72, 0x64, 0x30, 0x20, 0x3d, 0x20, 0x61, 0x5f,
    0x74, 0x65, 0x78, 0x63, 0x6f, 0x6f, 0x72, 0x64, 0x30, 0x3b, 0x0a, 0x7d,
    0x0a, 0x00,
};
const size_t kEmbeddedGL_vs_fullscreen_size = sizeof(kEmbeddedGL_vs_fullscreen);

const uint8_t kEmbeddedGL_stretch_blt_vs[] = {
    0x56, 0x53, 0x48, 0x0b, 0x00, 0x00, 0x00, 0x00, 0x6f, 0x1e, 0x3e, 0x3c,
    0x00, 0x00, 0xdf, 0x12, 0x00, 0x00, 0x23, 0x76, 0x65, 0x72, 0x73, 0x69,
    0x6f, 0x6e, 0x20, 0x34, 0x33, 0x30, 0x0a, 0x23, 0x64, 0x65, 0x66, 0x69,
    0x6e, 0x65, 0x20, 0x74, 0x65, 0x78, 0x74, 0x75, 0x72, 0x65, 0x32, 0x44,
    0x20, 0x20, 0x20, 0x20, 0x20, 0x20, 0x20, 0x20, 0x20, 0x20, 0x74, 0x65,
    0x78, 0x74, 0x75, 0x72, 0x65, 0x0a, 0x23, 0x64, 0x65, 0x66, 0x69, 0x6e,
    0x65, 0x20, 0x74, 0x65, 0x78, 0x74, 0x75, 0x72, 0x65, 0x32, 0x44, 0x4c,
    0x6f, 0x64, 0x20, 0x20, 0x20, 0x20, 0x20, 0x20, 0x20, 0x74, 0x65, 0x78,
    0x74, 0x75, 0x72, 0x65, 0x4c, 0x6f, 0x64, 0x0a, 0x23, 0x64, 0x65, 0x66,
    0x69, 0x6e, 0x65, 0x20, 0x74, 0x65, 0x78, 0x74, 0x75, 0x72, 0x65, 0x32,
    0x44, 0x47, 0x72, 0x61, 0x64, 0x20, 0x20, 0x20, 0x20, 0x20, 0x20, 0x74,
    0x65, 0x78, 0x74, 0x75, 0x72, 0x65, 0x47, 0x72, 0x61, 0x64, 0x0a, 0x23,
    0x64, 0x65, 0x66, 0x69, 0x6e, 0x65, 0x20, 0x74, 0x65, 0x78, 0x74, 0x75,
    0x72, 0x65, 0x32, 0x44, 0x50, 0x72, 0x6f, 0x6a, 0x4c, 0x6f, 0x64, 0x20,
    0x20, 0x20, 0x74, 0x65, 0x78, 0x74, 0x75, 0x72, 0x65, 0x50, 0x72, 0x6f,
    0x6a, 0x4c, 0x6f, 0x64, 0x0a, 0x23, 0x64, 0x65, 0x66, 0x69, 0x6e, 0x65,
    0x20, 0x74, 0x65, 0x78, 0x74, 0x75, 0x72, 0x65, 0x32, 0x44, 0x50, 0x72,
    0x6f, 0x6a, 0x47, 0x72, 0x61, 0x64, 0x20, 0x20, 0x74, 0x65, 0x78, 0x74,
    0x75, 0x72, 0x65, 0x50, 0x72, 0x6f, 0x6a, 0x47, 0x72, 0x61, 0x64, 0x0a,
    0x23, 0x64, 0x65, 0x66, 0x69, 0x6e, 0x65, 0x20, 0x74, 0x65, 0x78, 0x74,
    0x75, 0x72, 0x65, 0x43, 0x75, 0x62, 0x65, 0x4c, 0x6f, 0x64, 0x20, 0x20,
    0x20, 0x20, 0x20, 0x74, 0x65, 0x78, 0x74, 0x75, 0x72, 0x65, 0x4c, 0x6f,
    0x64, 0x0a, 0x23, 0x64, 0x65, 0x66, 0x69, 0x6e, 0x65, 0x20, 0x74, 0x65,
    0x78, 0x74, 0x75, 0x72, 0x65, 0x43, 0x75, 0x62, 0x65, 0x47, 0x72, 0x61,
    0x64, 0x20, 0x20, 0x20, 0x20, 0x74, 0x65, 0x78, 0x74, 0x75, 0x72, 0x65,
    0x47, 0x72, 0x61, 0x64, 0x0a, 0x23, 0x64, 0x65, 0x66, 0x69, 0x6e, 0x65,
    0x20, 0x74, 0x65, 0x78, 0x74, 0x75, 0x72, 0x65, 0x33, 0x44, 0x20, 0x20,
    0x20, 0x20, 0x20, 0x20, 0x20, 0x20, 0x20, 0x20, 0x74, 0x65, 0x78, 0x74,
    0x75, 0x72, 0x65, 0x0a, 0x23, 0x64, 0x65, 0x66, 0x69, 0x6e, 0x65, 0x20,
    0x74, 0x65, 0x78, 0x74, 0x75, 0x72, 0x65, 0x32, 0x44, 0x4c, 0x6f, 0x64,
    0x4f, 0x66, 0x66, 0x73, 0x65, 0x74, 0x20, 0x74, 0x65, 0x78, 0x74, 0x75,
    0x72, 0x65, 0x4c, 0x6f, 0x64, 0x4f, 0x66, 0x66, 0x73, 0x65, 0x74, 0x0a,
    0x23, 0x64, 0x65, 0x66, 0x69, 0x6e, 0x65, 0x20, 0x61, 0x74, 0x74, 0x72,
    0x69, 0x62, 0x75, 0x74, 0x65, 0x20, 0x69, 0x6e, 0x0a, 0x23, 0x64, 0x65,
    0x66, 0x69, 0x6e, 0x65, 0x20, 0x76, 0x61, 0x72, 0x79, 0x69, 0x6e, 0x67,
    0x20, 0x6f, 0x75, 0x74, 0x0a, 0x23, 0x64, 0x65, 0x66, 0x69, 0x6e, 0x65,
    0x20, 0x62, 0x67, 0x66, 0x78, 0x53, 0x68, 0x61, 0x64, 0x6f, 0x77, 0x32,
    0x44, 0x28, 0x5f, 0x73, 0x61, 0x6d, 0x70, 0x6c, 0x65, 0x72, 0x2c, 0x20,
    0x5f, 0x63, 0x6f, 0x6f, 0x72, 0x64, 0x29, 0x20, 0x20, 0x20, 0x20, 0x20,
    0x76, 0x65, 0x63, 0x34, 0x5f, 0x73, 0x70, 0x6c, 0x61, 0x74, 0x28, 0x74,
    0x65, 0x78, 0x74, 0x75, 0x72, 0x65, 0x28, 0x5f, 0x73, 0x61, 0x6d, 0x70,
    0x6c, 0x65, 0x72, 0x2c, 0x20, 0x5f, 0x63, 0x6f, 0x6f, 0x72, 0x64, 0x29,
    0x20, 0x29, 0x0a, 0x23, 0x64, 0x65, 0x66, 0x69, 0x6e, 0x65, 0x20, 0x62,
    0x67, 0x66, 0x78, 0x53, 0x68, 0x61, 0x64, 0x6f, 0x77, 0x32, 0x44, 0x50,
    0x72, 0x6f, 0x6a, 0x28, 0x5f, 0x73, 0x61, 0x6d, 0x70, 0x6c, 0x65, 0x72,
    0x2c, 0x20, 0x5f, 0x63, 0x6f, 0x6f, 0x72, 0x64, 0x29, 0x20, 0x76, 0x65,
    0x63, 0x34, 0x5f, 0x73, 0x70, 0x6c, 0x61, 0x74, 0x28, 0x74, 0x65, 0x78,
    0x74, 0x75, 0x72, 0x65, 0x50, 0x72, 0x6f, 0x6a, 0x28, 0x5f, 0x73, 0x61,
    0x6d, 0x70, 0x6c, 0x65, 0x72, 0x2c, 0x20, 0x5f, 0x63, 0x6f, 0x6f, 0x72,
    0x64, 0x29, 0x20, 0x29, 0x0a, 0x61, 0x74, 0x74, 0x72, 0x69, 0x62, 0x75,
    0x74, 0x65, 0x20, 0x76, 0x65, 0x63, 0x32, 0x20, 0x61, 0x5f, 0x70, 0x6f,
    0x73, 0x69, 0x74, 0x69, 0x6f, 0x6e, 0x3b, 0x0a, 0x61, 0x74, 0x74, 0x72,
    0x69, 0x62, 0x75, 0x74, 0x65, 0x20, 0x76, 0x65, 0x63, 0x32, 0x20, 0x61,
    0x5f, 0x74, 0x65, 0x78, 0x63, 0x6f, 0x6f, 0x72, 0x64, 0x30, 0x3b, 0x0a,
    0x76, 0x61, 0x72, 0x79, 0x69, 0x6e, 0x67, 0x20, 0x76, 0x65, 0x63, 0x32,
    0x20, 0x76, 0x5f, 0x74, 0x65, 0x78, 0x63, 0x6f, 0x6f, 0x72, 0x64, 0x30,
    0x3b, 0x0a, 0x66, 0x6c, 0x6f, 0x61, 0x74, 0x20, 0x72, 0x63, 0x70, 0x28,
    0x66, 0x6c, 0x6f, 0x61, 0x74, 0x20, 0x5f, 0x61, 0x29, 0x20, 0x7b, 0x20,
    0x72, 0x65, 0x74, 0x75, 0x72, 0x6e, 0x20, 0x31, 0x2e, 0x30, 0x2f, 0x5f,
    0x61, 0x3b, 0x20, 0x7d, 0x0a, 0x76, 0x65, 0x63, 0x32, 0x20, 0x72, 0x63,
    0x70, 0x28, 0x76, 0x65, 0x63, 0x32, 0x20, 0x5f, 0x61, 0x29, 0x20, 0x7b,
    0x20, 0x72, 0x65, 0x74, 0x75, 0x72, 0x6e, 0x20, 0x76, 0x65, 0x63, 0x32,
    0x28, 0x31, 0x2e, 0x30, 0x29, 0x2f, 0x5f, 0x61, 0x3b, 0x20, 0x7d, 0x0a,
    0x76, 0x65, 0x63, 0x33, 0x20, 0x72, 0x63, 0x70, 0x28, 0x76, 0x65, 0x63,
    0x33, 0x20, 0x5f, 0x61, 0x29, 0x20, 0x7b, 0x20, 0x72, 0x65, 0x74, 0x75,
    0x72, 0x6e, 0x20, 0x76, 0x65, 0x63, 0x33, 0x28, 0x31, 0x2e, 0x30, 0x29,
    0x2f, 0x5f, 0x61, 0x3b, 0x20, 0x7d, 0x0a, 0x76, 0x65, 0x63, 0x34, 0x20,
    0x72, 0x63, 0x70, 0x28, 0x76, 0x65, 0x63, 0x34, 0x20, 0x5f, 0x61, 0x29,
    0x20, 0x7b, 0x20, 0x72, 0x65, 0x74, 0x75, 0x72, 0x6e, 0x20, 0x76, 0x65,
    0x63, 0x34, 0x28, 0x31, 0x2e, 0x30, 0x29, 0x2f, 0x5f, 0x61, 0x3b, 0x20,
    0x7d, 0x0a, 0x76, 0x65, 0x63, 0x32, 0x20, 0x76, 0x65, 0x63, 0x32, 0x5f,
    0x73, 0x70, 0x6c, 0x61, 0x74, 0x28, 0x66, 0x6c, 0x6f, 0x61, 0x74, 0x20,
    0x5f, 0x78, 0x29, 0x20, 0x7b, 0x20, 0x72, 0x65, 0x74, 0x75, 0x72, 0x6e,
    0x20, 0x76, 0x65, 0x63, 0x32, 0x28, 0x5f, 0x78, 0x2c, 0x20, 0x5f, 0x78,
    0x29, 0x3b, 0x20, 0x7d, 0x0a, 0x76, 0x65, 0x63, 0x33, 0x20, 0x76, 0x65,
    0x63, 0x33, 0x5f, 0x73, 0x70, 0x6c, 0x61, 0x74, 0x28, 0x66, 0x6c, 0x6f,
    0x61, 0x74, 0x20, 0x5f, 0x78, 0x29, 0x20, 0x7b, 0x20, 0x72, 0x65, 0x74,
    0x75, 0x72, 0x6e, 0x20, 0x76, 0x65, 0x63, 0x33, 0x28, 0x5f, 0x78, 0x2c,
    0x20, 0x5f, 0x78, 0x2c, 0x20, 0x5f, 0x78, 0x29, 0x3b, 0x20, 0x7d, 0x0a,
    0x76, 0x65, 0x63, 0x34, 0x20, 0x76, 0x65, 0x63, 0x34, 0x5f, 0x73, 0x70,
    0x6c, 0x61, 0x74, 0x28, 0x66, 0x6c, 0x6f, 0x61, 0x74, 0x20, 0x5f, 0x78,
    0x29, 0x20, 0x7b, 0x20, 0x72, 0x65, 0x74, 0x75, 0x72, 0x6e, 0x20, 0x76,
    0x65, 0x63, 0x34, 0x28, 0x5f, 0x78, 0x2c, 0x20, 0x5f, 0x78, 0x2c, 0x20,
    0x5f, 0x78, 0x2c, 0x20, 0x5f, 0x78, 0x29, 0x3b, 0x20, 0x7d, 0x0a, 0x75,
    0x76, 0x65, 0x63, 0x32, 0x20, 0x75, 0x76, 0x65, 0x63, 0x32, 0x5f, 0x73,
    0x70, 0x6c, 0x61, 0x74, 0x28, 0x75, 0x69, 0x6e, 0x74, 0x20, 0x5f, 0x78,
    0x29, 0x20, 0x7b, 0x20, 0x72, 0x65, 0x74, 0x75, 0x72, 0x6e, 0x20, 0x75,
    0x76, 0x65, 0x63, 0x32, 0x28, 0x5f, 0x78, 0x2c, 0x20, 0x5f, 0x78, 0x29,
    0x3b, 0x20, 0x7d, 0x0a, 0x75, 0x76, 0x65, 0x63, 0x33, 0x20, 0x75, 0x76,
    0x65, 0x63, 0x33, 0x5f, 0x73, 0x70, 0x6c, 0x61, 0x74, 0x28, 0x75, 0x69,
    0x6e, 0x74, 0x20, 0x5f, 0x78, 0x29, 0x20, 0x7b, 0x20, 0x72, 0x65, 0x74,
    0x75, 0x72, 0x6e, 0x20, 0x75, 0x76, 0x65, 0x63, 0x33, 0x28, 0x5f, 0x78,
    0x2c, 0x20, 0x5f, 0x78, 0x2c, 0x20, 0x5f, 0x78, 0x29, 0x3b, 0x20, 0x7d,
    0x0a, 0x75, 0x76, 0x65, 0x63, 0x34, 0x20, 0x75, 0x76, 0x65, 0x63, 0x34,
    0x5f, 0x73, 0x70, 0x6c, 0x61, 0x74, 0x28, 0x75, 0x69, 0x6e, 0x74, 0x20,
    0x5f, 0x78, 0x29, 0x20, 0x7b, 0x20, 0x72, 0x65, 0x74, 0x75, 0x72, 0x6e,
    0x20, 0x75, 0x76, 0x65, 0x63, 0x34, 0x28, 0x5f, 0x78, 0x2c, 0x20, 0x5f,
    0x78, 0x2c, 0x20, 0x5f, 0x78, 0x2c, 0x20, 0x5f, 0x78, 0x29, 0x3b, 0x20,
    0x7d, 0x0a, 0x6d, 0x61, 0x74, 0x34, 0x20, 0x6d, 0x74, 0x78, 0x46, 0x72,
    0x6f, 0x6d, 0x52, 0x6f, 0x77, 0x73, 0x28, 0x76, 0x65, 0x63, 0x34, 0x20,
    0x5f, 0x30, 0x2c, 0x20, 0x76, 0x65, 0x63, 0x34, 0x20, 0x5f, 0x31, 0x2c,
    0x20, 0x76, 0x65, 0x63, 0x34, 0x20, 0x5f, 0x32, 0x2c, 0x20, 0x76, 0x65,
    0x63, 0x34, 0x20, 0x5f, 0x33, 0x29, 0x0a, 0x7b, 0x0a, 0x72, 0x65, 0x74,
    0x75, 0x72, 0x6e, 0x20, 0x74, 0x72, 0x61, 0x6e, 0x73, 0x70, 0x6f, 0x73,
    0x65, 0x28, 0x6d, 0x61, 0x74, 0x34, 0x28, 0x5f, 0x30, 0x2c, 0x20, 0x5f,
    0x31, 0x2c, 0x20, 0x5f, 0x32, 0x2c, 0x20, 0x5f, 0x33, 0x29, 0x20, 0x29,
    0x3b, 0x0a, 0x7d, 0x0a, 0x6d, 0x61, 0x74, 0x34, 0x20, 0x6d, 0x74, 0x78,
    0x46, 0x72, 0x6f, 0x6d, 0x43, 0x6f, 0x6c, 0x73, 0x28, 0x76, 0x65, 0x63,
    0x34, 0x20, 0x5f, 0x30, 0x2c, 0x20, 0x76, 0x65, 0x63, 0x34, 0x20, 0x5f,
    0x31, 0x2c, 0x20, 0x76, 0x65, 0x63, 0x34, 0x20, 0x5f, 0x32, 0x2c, 0x20,
    0x76, 0x65, 0x63, 0x34, 0x20, 0x5f, 0x33, 0x29, 0x0a, 0x7b, 0x0a, 0x72,
    0x65, 0x74, 0x75, 0x72, 0x6e, 0x20, 0x6d, 0x61, 0x74, 0x34, 0x28, 0x5f,
    0x30, 0x2c, 0x20, 0x5f, 0x31, 0x2c, 0x20, 0x5f, 0x32, 0x2c, 0x20, 0x5f,
    0x33, 0x29, 0x3b, 0x0a, 0x7d, 0x0a, 0x6d, 0x61, 0x74, 0x33, 0x20, 0x6d,
    0x74, 0x78, 0x46, 0x72, 0x6f, 0x6d, 0x52, 0x6f, 0x77, 0x73, 0x28, 0x76,
    0x65, 0x63, 0x33, 0x20, 0x5f, 0x30, 0x2c, 0x20, 0x76, 0x65, 0x63, 0x33,
    0x20, 0x5f, 0x31, 0x2c, 0x20, 0x76, 0x65, 0x63, 0x33, 0x20, 0x5f, 0x32,
    0x29, 0x0a, 0x7b, 0x0a, 0x72, 0x65, 0x74, 0x75, 0x72, 0x6e, 0x20, 0x74,
    0x72, 0x61, 0x6e, 0x73, 0x70, 0x6f, 0x73, 0x65, 0x28, 0x6d, 0x61, 0x74,
    0x33, 0x28, 0x5f, 0x30, 0x2c, 0x20, 0x5f, 0x31, 0x2c, 0x20, 0x5f, 0x32,
    0x29, 0x20, 0x29, 0x3b, 0x0a, 0x7d, 0x0a, 0x6d, 0x61, 0x74, 0x33, 0x20,
    0x6d, 0x74, 0x78, 0x46, 0x72, 0x6f, 0x6d, 0x43, 0x6f, 0x6c, 0x73, 0x28,
    0x76, 0x65, 0x63, 0x33, 0x20, 0x5f, 0x30, 0x2c, 0x20, 0x76, 0x65, 0x63,
    0x33, 0x20, 0x5f, 0x31, 0x2c, 0x20, 0x76, 0x65, 0x63, 0x33, 0x20, 0x5f,
    0x32, 0x29, 0x0a, 0x7b, 0x0a, 0x72, 0x65, 0x74, 0x75, 0x72, 0x6e, 0x20,
    0x6d, 0x61, 0x74, 0x33, 0x28, 0x5f, 0x30, 0x2c, 0x20, 0x5f, 0x31, 0x2c,
    0x20, 0x5f, 0x32, 0x29, 0x3b, 0x0a, 0x7d, 0x0a, 0x6d, 0x61, 0x74, 0x34,
    0x78, 0x33, 0x20, 0x6d, 0x74, 0x78, 0x46, 0x72, 0x6f, 0x6d, 0x52, 0x6f,
    0x77, 0x73, 0x28, 0x76, 0x65, 0x63, 0x34, 0x20, 0x5f, 0x30, 0x2c, 0x20,
    0x76, 0x65, 0x63, 0x34, 0x20, 0x5f, 0x31, 0x2c, 0x20, 0x76, 0x65, 0x63,
    0x34, 0x20, 0x5f, 0x32, 0x29, 0x0a, 0x7b, 0x0a, 0x72, 0x65, 0x74, 0x75,
    0x72, 0x6e, 0x20, 0x74, 0x72, 0x61, 0x6e, 0x73, 0x70, 0x6f, 0x73, 0x65,
    0x28, 0x6d, 0x61, 0x74, 0x33, 0x78, 0x34, 0x28, 0x5f, 0x30, 0x2c, 0x20,
    0x5f, 0x31, 0x2c, 0x20, 0x5f, 0x32, 0x29, 0x20, 0x29, 0x3b, 0x0a, 0x7d,
    0x0a, 0x76, 0x65, 0x63, 0x33, 0x20, 0x6d, 0x74, 0x78, 0x47, 0x65, 0x74,
    0x52, 0x6f, 0x77, 0x28, 0x6d, 0x61, 0x74, 0x33, 0x20, 0x5f, 0x6d, 0x74,
    0x78, 0x2c, 0x20, 0x69, 0x6e, 0x74, 0x20, 0x5f, 0x72, 0x6f, 0x77, 0x29,
    0x0a, 0x7b, 0x0a, 0x72, 0x65, 0x74, 0x75, 0x72, 0x6e, 0x20, 0x76, 0x65,
    0x63, 0x33, 0x28, 0x5f, 0x6d, 0x74, 0x78, 0x5b, 0x30, 0x5d, 0x5b, 0x5f,
    0x72, 0x6f, 0x77, 0x5d, 0x2c, 0x20, 0x5f, 0x6d, 0x74, 0x78, 0x5b, 0x31,
    0x5d, 0x5b, 0x5f, 0x72, 0x6f, 0x77, 0x5d, 0x2c, 0x20, 0x5f, 0x6d, 0x74,
    0x78, 0x5b, 0x32, 0x5d, 0x5b, 0x5f, 0x72, 0x6f, 0x77, 0x5d, 0x29, 0x3b,
    0x0a, 0x7d, 0x0a, 0x76, 0x65, 0x63, 0x33, 0x20, 0x6d, 0x74, 0x78, 0x47,
    0x65, 0x74, 0x43, 0x6f, 0x6c, 0x75, 0x6d, 0x6e, 0x28, 0x6d, 0x61, 0x74,
    0x33, 0x20, 0x5f, 0x6d, 0x74, 0x78, 0x2c, 0x20, 0x69, 0x6e, 0x74, 0x20,
    0x5f, 0x63, 0x6f, 0x6c, 0x75, 0x6d, 0x6e, 0x29, 0x0a, 0x7b, 0x0a, 0x72,
    0x65, 0x74, 0x75, 0x72, 0x6e, 0x20, 0x76, 0x65, 0x63, 0x33, 0x28, 0x5f,
    0x6d, 0x74, 0x78, 0x5b, 0x5f, 0x63, 0x6f, 0x6c, 0x75, 0x6d, 0x6e, 0x5d,
    0x29, 0x3b, 0x0a, 0x7d, 0x0a, 0x76, 0x65, 0x63, 0x34, 0x20, 0x6d, 0x74,
    0x78, 0x47, 0x65, 0x74, 0x52, 0x6f, 0x77, 0x28, 0x6d, 0x61, 0x74, 0x34,
    0x78, 0x33, 0x20, 0x5f, 0x6d, 0x74, 0x78, 0x2c, 0x20, 0x69, 0x6e, 0x74,
    0x20, 0x5f, 0x72, 0x6f, 0x77, 0x29, 0x0a, 0x7b, 0x0a, 0x72, 0x65, 0x74,
    0x75, 0x72, 0x6e, 0x20, 0x76, 0x65, 0x63, 0x34, 0x28, 0x5f, 0x6d, 0x74,
    0x78, 0x5b, 0x30, 0x5d, 0x5b, 0x5f, 0x72, 0x6f, 0x77, 0x5d, 0x2c, 0x20,
    0x5f, 0x6d, 0x74, 0x78, 0x5b, 0x31, 0x5d, 0x5b, 0x5f, 0x72, 0x6f, 0x77,
    0x5d, 0x2c, 0x20, 0x5f, 0x6d, 0x74, 0x78, 0x5b, 0x32, 0x5d, 0x5b, 0x5f,
    0x72, 0x6f, 0x77, 0x5d, 0x2c, 0x20, 0x5f, 0x6d, 0x74, 0x78, 0x5b, 0x33,
    0x5d, 0x5b, 0x5f, 0x72, 0x6f, 0x77, 0x5d, 0x29, 0x3b, 0x0a, 0x7d, 0x0a,
    0x76, 0x65, 0x63, 0x33, 0x20, 0x6d, 0x74, 0x78, 0x47, 0x65, 0x74, 0x43,
    0x6f, 0x6c, 0x75, 0x6d, 0x6e, 0x28, 0x6d, 0x61, 0x74, 0x34, 0x78, 0x33,
    0x20, 0x5f, 0x6d, 0x74, 0x78, 0x2c, 0x20, 0x69, 0x6e, 0x74, 0x20, 0x5f,
    0x63, 0x6f, 0x6c, 0x75, 0x6d, 0x6e, 0x29, 0x0a, 0x7b, 0x0a, 0x72, 0x65,
    0x74, 0x75, 0x72, 0x6e, 0x20, 0x76, 0x65, 0x63, 0x33, 0x28, 0x5f, 0x6d,
    0x74, 0x78, 0x5b, 0x5f, 0x63, 0x6f, 0x6c, 0x75, 0x6d, 0x6e, 0x5d, 0x29,
    0x3b, 0x0a, 0x7d, 0x0a, 0x76, 0x65, 0x63, 0x34, 0x20, 0x6d, 0x74, 0x78,
    0x47, 0x65, 0x74, 0x52, 0x6f, 0x77, 0x28, 0x6d, 0x61, 0x74, 0x34, 0x20,
    0x5f, 0x6d, 0x74, 0x78, 0x2c, 0x20, 0x69, 0x6e, 0x74, 0x20, 0x5f, 0x72,
    0x6f, 0x77, 0x29, 0x0a, 0x7b, 0x0a, 0x72, 0x65, 0x74, 0x75, 0x72, 0x6e,
    0x20, 0x76, 0x65, 0x63, 0x34, 0x28, 0x5f, 0x6d, 0x74, 0x78, 0x5b, 0x30,
    0x5d, 0x5b, 0x5f, 0x72, 0x6f, 0x77, 0x5d, 0x2c, 0x20, 0x5f, 0x6d, 0x74,
    0x78, 0x5b, 0x31, 0x5d, 0x5b, 0x5f, 0x72, 0x6f, 0x77, 0x5d, 0x2c, 0x20,
    0x5f, 0x6d, 0x74, 0x78, 0x5b, 0x32, 0x5d, 0x5b, 0x5f, 0x72, 0x6f, 0x77,
    0x5d, 0x2c, 0x20, 0x5f, 0x6d, 0x74, 0x78, 0x5b, 0x33, 0x5d, 0x5b, 0x5f,
    0x72, 0x6f, 0x77, 0x5d, 0x29, 0x3b, 0x0a, 0x7d, 0x0a, 0x76, 0x65, 0x63,
    0x34, 0x20, 0x6d, 0x74, 0x78, 0x47, 0x65, 0x74, 0x43, 0x6f, 0x6c, 0x75,
    0x6d, 0x6e, 0x28, 0x6d, 0x61, 0x74, 0x34, 0x20, 0x5f, 0x6d, 0x74, 0x78,
    0x2c, 0x20, 0x69, 0x6e, 0x74, 0x20, 0x5f, 0x63, 0x6f, 0x6c, 0x75, 0x6d,
    0x6e, 0x29, 0x0a, 0x7b, 0x0a, 0x72, 0x65, 0x74, 0x75, 0x72, 0x6e, 0x20,
    0x76, 0x65, 0x63, 0x34, 0x28, 0x5f, 0x6d, 0x74, 0x78, 0x5b, 0x5f, 0x63,
    0x6f, 0x6c, 0x75, 0x6d, 0x6e, 0x5d, 0x29, 0x3b, 0x0a, 0x7d, 0x0a, 0x66,
    0x6c, 0x6f, 0x61, 0x74, 0x20, 0x6d, 0x74, 0x78, 0x47, 0x65, 0x74, 0x45,
    0x6c, 0x65, 0x6d, 0x65, 0x6e, 0x74, 0x28, 0x6d, 0x61, 0x74, 0x33, 0x20,
    0x5f, 0x6d, 0x74, 0x78, 0x2c, 0x20, 0x69, 0x6e, 0x74, 0x20, 0x5f, 0x63,
    0x6f, 0x6c, 0x75, 0x6d, 0x6e, 0x2c, 0x20, 0x69, 0x6e, 0x74, 0x20, 0x5f,
    0x72, 0x6f, 0x77, 0x29, 0x0a, 0x7b, 0x0a, 0x72, 0x65, 0x74, 0x75, 0x72,
    0x6e, 0x20, 0x5f, 0x6d, 0x74, 0x78, 0x5b, 0x5f, 0x63, 0x6f, 0x6c, 0x75,
    0x6d, 0x6e, 0x5d, 0x5b, 0x5f, 0x72, 0x6f, 0x77, 0x5d, 0x3b, 0x0a, 0x7d,
    0x0a, 0x66, 0x6c, 0x6f, 0x61, 0x74, 0x20, 0x6d, 0x74, 0x78, 0x47, 0x65,
    0x74, 0x45, 0x6c, 0x65, 0x6d, 0x65, 0x6e, 0x74, 0x28, 0x6d, 0x61, 0x74,
    0x34, 0x20, 0x5f, 0x6d, 0x74, 0x78, 0x2c, 0x20, 0x69, 0x6e, 0x74, 0x20,
    0x5f, 0x63, 0x6f, 0x6c, 0x75, 0x6d, 0x6e, 0x2c, 0x20, 0x69, 0x6e, 0x74,
    0x20, 0x5f, 0x72, 0x6f, 0x77, 0x29, 0x0a, 0x7b, 0x0a, 0x72, 0x65, 0x74,
    0x75, 0x72, 0x6e, 0x20, 0x5f, 0x6d, 0x74, 0x78, 0x5b, 0x5f, 0x63, 0x6f,
    0x6c, 0x75, 0x6d, 0x6e, 0x5d, 0x5b, 0x5f, 0x72, 0x6f, 0x77, 0x5d, 0x3b,
    0x0a, 0x7d, 0x0a, 0x66, 0x6c, 0x6f, 0x61, 0x74, 0x20, 0x73, 0x65, 0x6c,
    0x65, 0x63, 0x74, 0x28, 0x62, 0x6f, 0x6f, 0x6c, 0x20, 0x5f, 0x63, 0x6f,
    0x6e, 0x64, 0x2c, 0x20, 0x66, 0x6c, 0x6f, 0x61, 0x74, 0x20, 0x5f, 0x74,
    0x72, 0x75, 0x65, 0x2c, 0x20, 0x66, 0x6c, 0x6f, 0x61, 0x74, 0x20, 0x5f,
    0x66, 0x61, 0x6c, 0x73, 0x65, 0x29, 0x20, 0x7b, 0x20, 0x72, 0x65, 0x74,
    0x75, 0x72, 0x6e, 0x20, 0x5f, 0x63, 0x6f, 0x6e, 0x64, 0x20, 0x3f, 0x20,
    0x5f, 0x74, 0x72, 0x75, 0x65, 0x20, 0x3a, 0x20, 0x5f, 0x66, 0x61, 0x6c,
    0x73, 0x65, 0x3b, 0x20, 0x7d, 0x0a, 0x76, 0x65, 0x63, 0x32, 0x20, 0x73,
    0x65, 0x6c, 0x65, 0x63, 0x74, 0x28, 0x62, 0x6f, 0x6f, 0x6c, 0x20, 0x5f,
    0x63, 0x6f, 0x6e, 0x64, 0x2c, 0x20, 0x76, 0x65, 0x63, 0x32, 0x20, 0x5f,
    0x74, 0x72, 0x75, 0x65, 0x2c, 0x20, 0x76, 0x65, 0x63, 0x32, 0x20, 0x5f,
    0x66, 0x61, 0x6c, 0x73, 0x65, 0x29, 0x20, 0x7b, 0x20, 0x72, 0x65, 0x74,
    0x75, 0x72, 0x6e, 0x20, 0x5f, 0x63, 0x6f, 0x6e, 0x64, 0x20, 0x3f, 0x20,
    0x5f, 0x74, 0x72, 0x75, 0x65, 0x20, 0x3a, 0x20, 0x5f, 0x66, 0x61, 0x6c,
    0x73, 0x65, 0x3b, 0x20, 0x7d, 0x0a, 0x76, 0x65, 0x63, 0x33, 0x20, 0x73,
    0x65, 0x6c, 0x65, 0x63, 0x74, 0x28, 0x62, 0x6f, 0x6f, 0x6c, 0x20, 0x5f,
    0x63, 0x6f, 0x6e, 0x64, 0x2c, 0x20, 0x76, 0x65, 0x63, 0x33, 0x20, 0x5f,
    0x74, 0x72, 0x75, 0x65, 0x2c, 0x20, 0x76, 0x65, 0x63, 0x33, 0x20, 0x5f,
    0x66, 0x61, 0x6c, 0x73, 0x65, 0x29, 0x20, 0x7b, 0x20, 0x72, 0x65, 0x74,
    0x75, 0x72, 0x6e, 0x20, 0x5f, 0x63, 0x6f, 0x6e, 0x64, 0x20, 0x3f, 0x20,
    0x5f, 0x74, 0x72, 0x75, 0x65, 0x20, 0x3a, 0x20, 0x5f, 0x66, 0x61, 0x6c,
    0x73, 0x65, 0x3b, 0x20, 0x7d, 0x0a, 0x76, 0x65, 0x63, 0x34, 0x20, 0x73,
    0x65, 0x6c, 0x65, 0x63, 0x74, 0x28, 0x62, 0x6f, 0x6f, 0x6c, 0x20, 0x5f,
    0x63, 0x6f, 0x6e, 0x64, 0x2c, 0x20, 0x76, 0x65, 0x63, 0x34, 0x20, 0x5f,
    0x74, 0x72, 0x75, 0x65, 0x2c, 0x20, 0x76, 0x65, 0x63, 0x34, 0x20, 0x5f,
    0x66, 0x61, 0x6c, 0x73, 0x65, 0x29, 0x20, 0x7b, 0x20, 0x72, 0x65, 0x74,
    0x75, 0x72, 0x6e, 0x20, 0x5f, 0x63, 0x6f, 0x6e, 0x64, 0x20, 0x3f, 0x20,
    0x5f, 0x74, 0x72, 0x75, 0x65, 0x20, 0x3a, 0x20, 0x5f, 0x66, 0x61, 0x6c,
    0x73, 0x65, 0x3b, 0x20, 0x7d, 0x0a, 0x76, 0x65, 0x63, 0x32, 0x20, 0x73,
    0x65, 0x6c, 0x65, 0x63, 0x74, 0x28, 0x62, 0x76, 0x65, 0x63, 0x32, 0x20,
    0x5f, 0x63, 0x6f, 0x6e, 0x64, 0x2c, 0x20, 0x76, 0x65, 0x63, 0x32, 0x20,
    0x5f, 0x74, 0x72, 0x75, 0x65, 0x2c, 0x20, 0x76, 0x65, 0x63, 0x32, 0x20,
    0x5f, 0x66, 0x61, 0x6c, 0x73, 0x65, 0x29, 0x20, 0x7b, 0x20, 0x72, 0x65,
    0x74, 0x75, 0x72, 0x6e, 0x20, 0x28, 0x76, 0x65, 0x63, 0x32, 0x28, 0x5f,
    0x63, 0x6f, 0x6e, 0x64, 0x29, 0x20, 0x2a, 0x20, 0x5f, 0x74, 0x72, 0x75,
    0x65, 0x29, 0x20, 0x2b, 0x20, 0x28, 0x76, 0x65, 0x63, 0x32, 0x28, 0x6e,
    0x6f, 0x74, 0x28, 0x5f, 0x63, 0x6f, 0x6e, 0x64, 0x29, 0x20, 0x29, 0x20,
    0x2a, 0x20, 0x5f, 0x66, 0x61, 0x6c, 0x73, 0x65, 0x29, 0x3b, 0x20, 0x7d,
    0x0a, 0x76, 0x65, 0x63, 0x33, 0x20, 0x73, 0x65, 0x6c, 0x65, 0x63, 0x74,
    0x28, 0x62, 0x76, 0x65, 0x63, 0x33, 0x20, 0x5f, 0x63, 0x6f, 0x6e, 0x64,
    0x2c, 0x20, 0x76, 0x65, 0x63, 0x33, 0x20, 0x5f, 0x74, 0x72, 0x75, 0x65,
    0x2c, 0x20, 0x76, 0x65, 0x63, 0x33, 0x20, 0x5f, 0x66, 0x61, 0x6c, 0x73,
    0x65, 0x29, 0x20, 0x7b, 0x20, 0x72, 0x65, 0x74, 0x75, 0x72, 0x6e, 0x20,
    0x28, 0x76, 0x65, 0x63, 0x33, 0x28, 0x5f, 0x63, 0x6f, 0x6e, 0x64, 0x29,
    0x20, 0x2a, 0x20, 0x5f, 0x74, 0x72, 0x75, 0x65, 0x29, 0x20, 0x2b, 0x20,
    0x28, 0x76, 0x65, 0x63, 0x33, 0x28, 0x6e, 0x6f, 0x74, 0x28, 0x5f, 0x63,
    0x6f, 0x6e, 0x64, 0x29, 0x20, 0x29, 0x20, 0x2a, 0x20, 0x5f, 0x66, 0x61,
    0x6c, 0x73, 0x65, 0x29, 0x3b, 0x20, 0x7d, 0x0a, 0x76, 0x65, 0x63, 0x34,
    0x20, 0x73, 0x65, 0x6c, 0x65, 0x63, 0x74, 0x28, 0x62, 0x76, 0x65, 0x63,
    0x34, 0x20, 0x5f, 0x63, 0x6f, 0x6e, 0x64, 0x2c, 0x20, 0x76, 0x65, 0x63,
    0x34, 0x20, 0x5f, 0x74, 0x72, 0x75, 0x65, 0x2c, 0x20, 0x76, 0x65, 0x63,
    0x34, 0x20, 0x5f, 0x66, 0x61, 0x6c, 0x73, 0x65, 0x29, 0x20, 0x7b, 0x20,
    0x72, 0x65, 0x74, 0x75, 0x72, 0x6e, 0x20, 0x28, 0x76, 0x65, 0x63, 0x34,
    0x28, 0x5f, 0x63, 0x6f, 0x6e, 0x64, 0x29, 0x20, 0x2a, 0x20, 0x5f, 0x74,
    0x72, 0x75, 0x65, 0x29, 0x20, 0x2b, 0x20, 0x28, 0x76, 0x65, 0x63, 0x34,
    0x28, 0x6e, 0x6f, 0x74, 0x28, 0x5f, 0x63, 0x6f, 0x6e, 0x64, 0x29, 0x20,
    0x29, 0x20, 0x2a, 0x20, 0x5f, 0x66, 0x61, 0x6c, 0x73, 0x65, 0x29, 0x3b,
    0x20, 0x7d, 0x0a, 0x69, 0x6e, 0x74, 0x20, 0x73, 0x65, 0x6c, 0x65, 0x63,
    0x74, 0x28, 0x62, 0x6f, 0x6f, 0x6c, 0x20, 0x5f, 0x63, 0x6f, 0x6e, 0x64,
    0x2c, 0x20, 0x69, 0x6e, 0x74, 0x20, 0x5f, 0x74, 0x72, 0x75, 0x65, 0x2c,
    0x20, 0x69, 0x6e, 0x74, 0x20, 0x5f, 0x66, 0x61, 0x6c, 0x73, 0x65, 0x29,
    0x20, 0x7b, 0x20, 0x72, 0x65, 0x74, 0x75, 0x72, 0x6e, 0x20, 0x5f, 0x63,
    0x6f, 0x6e, 0x64, 0x20, 0x3f, 0x20, 0x5f, 0x74, 0x72, 0x75, 0x65, 0x20,
    0x3a, 0x20, 0x5f, 0x66, 0x61, 0x6c, 0x73, 0x65, 0x3b, 0x20, 0x7d, 0x0a,
    0x69, 0x76, 0x65, 0x63, 0x32, 0x20, 0x73, 0x65, 0x6c, 0x65, 0x63, 0x74,
    0x28, 0x62, 0x6f, 0x6f, 0x6c, 0x20, 0x5f, 0x63, 0x6f, 0x6e, 0x64, 0x2c,
    0x20, 0x69, 0x76, 0x65, 0x63, 0x32, 0x20, 0x5f, 0x74, 0x72, 0x75, 0x65,
    0x2c, 0x20, 0x69, 0x76, 0x65, 0x63, 0x32, 0x20, 0x5f, 0x66, 0x61, 0x6c,
    0x73, 0x65, 0x29, 0x20, 0x7b, 0x20, 0x72, 0x65, 0x74, 0x75, 0x72, 0x6e,
    0x20, 0x5f, 0x63, 0x6f, 0x6e, 0x64, 0x20, 0x3f, 0x20, 0x5f, 0x74, 0x72,
    0x75, 0x65, 0x20, 0x3a, 0x20, 0x5f, 0x66, 0x61, 0x6c, 0x73, 0x65, 0x3b,
    0x20, 0x7d, 0x0a, 0x69, 0x76, 0x65, 0x63, 0x33, 0x20, 0x73, 0x65, 0x6c,
    0x65, 0x63, 0x74, 0x28, 0x62, 0x6f, 0x6f, 0x6c, 0x20, 0x5f, 0x63, 0x6f,
    0x6e, 0x64, 0x2c, 0x20, 0x69, 0x76, 0x65, 0x63, 0x33, 0x20, 0x5f, 0x74,
    0x72, 0x75, 0x65, 0x2c, 0x20, 0x69, 0x76, 0x65, 0x63, 0x33, 0x20, 0x5f,
    0x66, 0x61, 0x6c, 0x73, 0x65, 0x29, 0x20, 0x7b, 0x20, 0x72, 0x65, 0x74,
    0x75, 0x72, 0x6e, 0x20, 0x5f, 0x63, 0x6f, 0x6e, 0x64, 0x20, 0x3f, 0x20,
    0x5f, 0x74, 0x72, 0x75, 0x65, 0x20, 0x3a, 0x20, 0x5f, 0x66, 0x61, 0x6c,
    0x73, 0x65, 0x3b, 0x20, 0x7d, 0x0a, 0x69, 0x76, 0x65, 0x63, 0x34, 0x20,
    0x73, 0x65, 0x6c, 0x65, 0x63, 0x74, 0x28, 0x62, 0x6f, 0x6f, 0x6c, 0x20,
    0x5f, 0x63, 0x6f, 0x6e, 0x64, 0x2c, 0x20, 0x69, 0x76, 0x65, 0x63, 0x34,
    0x20, 0x5f, 0x74, 0x72, 0x75, 0x65, 0x2c, 0x20, 0x69, 0x76, 0x65, 0x63,
    0x34, 0x20, 0x5f, 0x66, 0x61, 0x6c, 0x73, 0x65, 0x29, 0x20, 0x7b, 0x20,
    0x72, 0x65, 0x74, 0x75, 0x72, 0x6e, 0x20, 0x5f, 0x63, 0x6f, 0x6e, 0x64,
    0x20, 0x3f, 0x20, 0x5f, 0x74, 0x72, 0x75, 0x65, 0x20, 0x3a, 0x20, 0x5f,
    0x66, 0x61, 0x6c, 0x73, 0x65, 0x3b, 0x20, 0x7d, 0x0a, 0x69, 0x76, 0x65,
    0x63, 0x32, 0x20, 0x73, 0x65, 0x6c, 0x65, 0x63, 0x74, 0x28, 0x62, 0x76,
    0x65, 0x63, 0x32, 0x20, 0x5f, 0x63, 0x6f, 0x6e, 0x64, 0x2c, 0x20, 0x69,
    0x76, 0x65, 0x63, 0x32, 0x20, 0x5f, 0x74, 0x72, 0x75, 0x65, 0x2c, 0x20,
    0x69, 0x76, 0x65, 0x63, 0x32, 0x20, 0x5f, 0x66, 0x61, 0x6c, 0x73, 0x65,
    0x29, 0x20, 0x7b, 0x20, 0x72, 0x65, 0x74, 0x75, 0x72, 0x6e, 0x20, 0x28,
    0x69, 0x76, 0x65, 0x63, 0x32, 0x28, 0x5f, 0x63, 0x6f, 0x6e, 0x64, 0x29,
    0x20, 0x2a, 0x20, 0x5f, 0x74, 0x72, 0x75, 0x65, 0x29, 0x20, 0x2b, 0x20,
    0x28, 0x69, 0x76, 0x65, 0x63, 0x32, 0x28, 0x6e, 0x6f, 0x74, 0x28, 0x5f,
    0x63, 0x6f, 0x6e, 0x64, 0x29, 0x20, 0x29, 0x20, 0x2a, 0x20, 0x5f, 0x66,
    0x61, 0x6c, 0x73, 0x65, 0x29, 0x3b, 0x20, 0x7d, 0x0a, 0x69, 0x76, 0x65,
    0x63, 0x33, 0x20, 0x73, 0x65, 0x6c, 0x65, 0x63, 0x74, 0x28, 0x62, 0x76,
    0x65, 0x63, 0x33, 0x20, 0x5f, 0x63, 0x6f, 0x6e, 0x64, 0x2c, 0x20, 0x69,
    0x76, 0x65, 0x63, 0x33, 0x20, 0x5f, 0x74, 0x72, 0x75, 0x65, 0x2c, 0x20,
    0x69, 0x76, 0x65, 0x63, 0x33, 0x20, 0x5f, 0x66, 0x61, 0x6c, 0x73, 0x65,
    0x29, 0x20, 0x7b, 0x20, 0x72, 0x65, 0x74, 0x75, 0x72, 0x6e, 0x20, 0x28,
    0x69, 0x76, 0x65, 0x63, 0x33, 0x28, 0x5f, 0x63, 0x6f, 0x6e, 0x64, 0x29,
    0x20, 0x2a, 0x20, 0x5f, 0x74, 0x72, 0x75, 0x65, 0x29, 0x20, 0x2b, 0x20,
    0x28, 0x69, 0x76, 0x65, 0x63, 0x33, 0x28, 0x6e, 0x6f, 0x74, 0x28, 0x5f,
    0x63, 0x6f, 0x6e, 0x64, 0x29, 0x20, 0x29, 0x20, 0x2a, 0x20, 0x5f, 0x66,
    0x61, 0x6c, 0x73, 0x65, 0x29, 0x3b, 0x20, 0x7d, 0x0a, 0x69, 0x76, 0x65,
    0x63, 0x34, 0x20, 0x73, 0x65, 0x6c, 0x65, 0x63, 0x74, 0x28, 0x62, 0x76,
    0x65, 0x63, 0x34, 0x20, 0x5f, 0x63, 0x6f, 0x6e, 0x64, 0x2c, 0x20, 0x69,
    0x76, 0x65, 0x63, 0x34, 0x20, 0x5f, 0x74, 0x72, 0x75, 0x65, 0x2c, 0x20,
    0x69, 0x76, 0x65, 0x63, 0x34, 0x20, 0x5f, 0x66, 0x61, 0x6c, 0x73, 0x65,
    0x29, 0x20, 0x7b, 0x20, 0x72, 0x65, 0x74, 0x75, 0x72, 0x6e, 0x20, 0x28,
    0x69, 0x76, 0x65, 0x63, 0x34, 0x28, 0x5f, 0x63, 0x6f, 0x6e, 0x64, 0x29,
    0x20, 0x2a, 0x20, 0x5f, 0x74, 0x72, 0x75, 0x65, 0x29, 0x20, 0x2b, 0x20,
    0x28, 0x69, 0x76, 0x65, 0x63, 0x34, 0x28, 0x6e, 0x6f, 0x74, 0x28, 0x5f,
    0x63, 0x6f, 0x6e, 0x64, 0x29, 0x20, 0x29, 0x20, 0x2a, 0x20, 0x5f, 0x66,
    0x61, 0x6c, 0x73, 0x65, 0x29, 0x3b, 0x20, 0x7d, 0x0a, 0x75, 0x69, 0x6e,
    0x74, 0x20, 0x73, 0x65, 0x6c, 0x65, 0x63, 0x74, 0x28, 0x62, 0x6f, 0x6f,
    0x6c, 0x20, 0x5f, 0x63, 0x6f, 0x6e, 0x64, 0x2c, 0x20, 0x75, 0x69, 0x6e,
    0x74, 0x20, 0x5f, 0x74, 0x72, 0x75, 0x65, 0x2c, 0x20, 0x75, 0x69, 0x6e,
    0x74, 0x20, 0x5f, 0x66, 0x61, 0x6c, 0x73, 0x65, 0x29, 0x20, 0x7b, 0x20,
    0x72, 0x65, 0x74, 0x75, 0x72, 0x6e, 0x20, 0x5f, 0x63, 0x6f, 0x6e, 0x64,
    0x20, 0x3f, 0x20, 0x5f, 0x74, 0x72, 0x75, 0x65, 0x20, 0x3a, 0x20, 0x5f,
    0x66, 0x61, 0x6c, 0x73, 0x65, 0x3b, 0x20, 0x7d, 0x0a, 0x75, 0x76, 0x65,
    0x63, 0x32, 0x20, 0x73, 0x65, 0x6c, 0x65, 0x63, 0x74, 0x28, 0x62, 0x6f,
    0x6f, 0x6c, 0x20, 0x5f, 0x63, 0x6f, 0x6e, 0x64, 0x2c, 0x20, 0x75, 0x76,
    0x65, 0x63, 0x32, 0x20, 0x5f, 0x74, 0x72, 0x75, 0x65, 0x2c, 0x20, 0x75,
    0x76, 0x65, 0x63, 0x32, 0x20, 0x5f, 0x66, 0x61, 0x6c, 0x73, 0x65, 0x29,
    0x20, 0x7b, 0x20, 0x72, 0x65, 0x74, 0x75, 0x72, 0x6e, 0x20, 0x5f, 0x63,
    0x6f, 0x6e, 0x64, 0x20, 0x3f, 0x20, 0x5f, 0x74, 0x72, 0x75, 0x65, 0x20,
    0x3a, 0x20, 0x5f, 0x66, 0x61, 0x6c, 0x73, 0x65, 0x3b, 0x20, 0x7d, 0x0a,
    0x75, 0x76, 0x65, 0x63, 0x33, 0x20, 0x73, 0x65, 0x6c, 0x65, 0x63, 0x74,
    0x28, 0x62, 0x6f, 0x6f, 0x6c, 0x20, 0x5f, 0x63, 0x6f, 0x6e, 0x64, 0x2c,
    0x20, 0x75, 0x76, 0x65, 0x63, 0x33, 0x20, 0x5f, 0x74, 0x72, 0x75, 0x65,
    0x2c, 0x20, 0x75, 0x76, 0x65, 0x63, 0x33, 0x20, 0x5f, 0x66, 0x61, 0x6c,
    0x73, 0x65, 0x29, 0x20, 0x7b, 0x20, 0x72, 0x65, 0x74, 0x75, 0x72, 0x6e,
    0x20, 0x5f, 0x63, 0x6f, 0x6e, 0x64, 0x20, 0x3f, 0x20, 0x5f, 0x74, 0x72,
    0x75, 0x65, 0x20, 0x3a, 0x20, 0x5f, 0x66, 0x61, 0x6c, 0x73, 0x65, 0x3b,
    0x20, 0x7d, 0x0a, 0x75, 0x76, 0x65, 0x63, 0x34, 0x20, 0x73, 0x65, 0x6c,
    0x65, 0x63, 0x74, 0x28, 0x62, 0x6f, 0x6f, 0x6c, 0x20, 0x5f, 0x63, 0x6f,
    0x6e, 0x64, 0x2c, 0x20, 0x75, 0x76, 0x65, 0x63, 0x34, 0x20, 0x5f, 0x74,
    0x72, 0x75, 0x65, 0x2c, 0x20, 0x75, 0x76, 0x65, 0x63, 0x34, 0x20, 0x5f,
    0x66, 0x61, 0x6c, 0x73, 0x65, 0x29, 0x20, 0x7b, 0x20, 0x72, 0x65, 0x74,
    0x75, 0x72, 0x6e, 0x20, 0x5f, 0x63, 0x6f, 0x6e, 0x64, 0x20, 0x3f, 0x20,
    0x5f, 0x74, 0x72, 0x75, 0x65, 0x20, 0x3a, 0x20, 0x5f, 0x66, 0x61, 0x6c,
    0x73, 0x65, 0x3b, 0x20, 0x7d, 0x0a, 0x75, 0x76, 0x65, 0x63, 0x32, 0x20,
    0x73, 0x65, 0x6c, 0x65, 0x63, 0x74, 0x28, 0x62, 0x76, 0x65, 0x63, 0x32,
    0x20, 0x5f, 0x63, 0x6f, 0x6e, 0x64, 0x2c, 0x20, 0x75, 0x76, 0x65, 0x63,
    0x32, 0x20, 0x5f, 0x74, 0x72, 0x75, 0x65, 0x2c, 0x20, 0x75, 0x76, 0x65,
    0x63, 0x32, 0x20, 0x5f, 0x66, 0x61, 0x6c, 0x73, 0x65, 0x29, 0x20, 0x7b,
    0x20, 0x72, 0x65, 0x74, 0x75, 0x72, 0x6e, 0x20, 0x28, 0x75, 0x76, 0x65,
    0x63, 0x32, 0x28, 0x5f, 0x63, 0x6f, 0x6e, 0x64, 0x29, 0x20, 0x2a, 0x20,
    0x5f, 0x74, 0x72, 0x75, 0x65, 0x29, 0x20, 0x2b, 0x20, 0x28, 0x75, 0x76,
    0x65, 0x63, 0x32, 0x28, 0x6e, 0x6f, 0x74, 0x28, 0x5f, 0x63, 0x6f, 0x6e,
    0x64, 0x29, 0x20, 0x29, 0x20, 0x2a, 0x20, 0x5f, 0x66, 0x61, 0x6c, 0x73,
    0x65, 0x29, 0x3b, 0x20, 0x7d, 0x0a, 0x75, 0x76, 0x65, 0x63, 0x33, 0x20,
    0x73, 0x65, 0x6c, 0x65, 0x63, 0x74, 0x28, 0x62, 0x76, 0x65, 0x63, 0x33,
    0x20, 0x5f, 0x63, 0x6f, 0x6e, 0x64, 0x2c, 0x20, 0x75, 0x76, 0x65, 0x63,
    0x33, 0x20, 0x5f, 0x74, 0x72, 0x75, 0x65, 0x2c, 0x20, 0x75, 0x76, 0x65,
    0x63, 0x33, 0x20, 0x5f, 0x66, 0x61, 0x6c, 0x73, 0x65, 0x29, 0x20, 0x7b,
    0x20, 0x72, 0x65, 0x74, 0x75, 0x72, 0x6e, 0x20, 0x28, 0x75, 0x76, 0x65,
    0x63, 0x33, 0x28, 0x5f, 0x63, 0x6f, 0x6e, 0x64, 0x29, 0x20, 0x2a, 0x20,
    0x5f, 0x74, 0x72, 0x75, 0x65, 0x29, 0x20, 0x2b, 0x20, 0x28, 0x75, 0x76,
    0x65, 0x63, 0x33, 0x28, 0x6e, 0x6f, 0x74, 0x28, 0x5f, 0x63, 0x6f, 0x6e,
    0x64, 0x29, 0x20, 0x29, 0x20, 0x2a, 0x20, 0x5f, 0x66, 0x61, 0x6c, 0x73,
    0x65, 0x29, 0x3b, 0x20, 0x7d, 0x0a, 0x75, 0x76, 0x65, 0x63, 0x34, 0x20,
    0x73, 0x65, 0x6c, 0x65, 0x63, 0x74, 0x28, 0x62, 0x76, 0x65, 0x63, 0x34,
    0x20, 0x5f, 0x63, 0x6f, 0x6e, 0x64, 0x2c, 0x20, 0x75, 0x76, 0x65, 0x63,
    0x34, 0x20, 0x5f, 0x74, 0x72, 0x75, 0x65, 0x2c, 0x20, 0x75, 0x76, 0x65,
    0x63, 0x34, 0x20, 0x5f, 0x66, 0x61, 0x6c, 0x73, 0x65, 0x29, 0x20, 0x7b,
    0x20, 0x72, 0x65, 0x74, 0x75, 0x72, 0x6e, 0x20, 0x28, 0x75, 0x76, 0x65,
    0x63, 0x34, 0x28, 0x5f, 0x63, 0x6f, 0x6e, 0x64, 0x29, 0x20, 0x2a, 0x20,
    0x5f, 0x74, 0x72, 0x75, 0x65, 0x29, 0x20, 0x2b, 0x20, 0x28, 0x75, 0x76,
    0x65, 0x63, 0x34, 0x28, 0x6e, 0x6f, 0x74, 0x28, 0x5f, 0x63, 0x6f, 0x6e,
    0x64, 0x29, 0x20, 0x29, 0x20, 0x2a, 0x20, 0x5f, 0x66, 0x61, 0x6c, 0x73,
    0x65, 0x29, 0x3b, 0x20, 0x7d, 0x0a, 0x75, 0x6e, 0x69, 0x66, 0x6f, 0x72,
    0x6d, 0x20, 0x76, 0x65, 0x63, 0x34, 0x20, 0x75, 0x5f, 0x76, 0x69, 0x65,
    0x77, 0x52, 0x65, 0x63, 0x74, 0x3b, 0x0a, 0x75, 0x6e, 0x69, 0x66, 0x6f,
    0x72, 0x6d, 0x20, 0x76, 0x65, 0x63, 0x34, 0x20, 0x75, 0x5f, 0x76, 0x69,
    0x65, 0x77, 0x54, 0x65, 0x78, 0x65, 0x6c, 0x3b, 0x0a, 0x75, 0x6e, 0x69,
    0x66, 0x6f, 0x72, 0x6d, 0x20, 0x6d, 0x61, 0x74, 0x34, 0x20, 0x75, 0x5f,
    0x76, 0x69, 0x65, 0x77, 0x3b, 0x0a, 0x75, 0x6e, 0x69, 0x66, 0x6f, 0x72,
    0x6d, 0x20, 0x6d, 0x61, 0x74, 0x34, 0x20, 0x75, 0x5f, 0x69, 0x6e, 0x76,
    0x56, 0x69, 0x65, 0x77, 0x3b, 0x0a, 0x75, 0x6e, 0x69, 0x66, 0x6f, 0x72,
    0x6d, 0x20, 0x6d, 0x61, 0x74, 0x34, 0x20, 0x75, 0x5f, 0x70, 0x72, 0x6f,
    0x6a, 0x3b, 0x0a, 0x75, 0x6e, 0x69, 0x66, 0x6f, 0x72, 0x6d, 0x20, 0x6d,
    0x61, 0x74, 0x34, 0x20, 0x75, 0x5f, 0x69, 0x6e, 0x76, 0x50, 0x72, 0x6f,
    0x6a, 0x3b, 0x0a, 0x75, 0x6e, 0x69, 0x66, 0x6f, 0x72, 0x6d, 0x20, 0x6d,
    0x61, 0x74, 0x34, 0x20, 0x75, 0x5f, 0x76, 0x69, 0x65, 0x77, 0x50, 0x72,
    0x6f, 0x6a, 0x3b, 0x0a, 0x75, 0x6e, 0x69, 0x66, 0x6f, 0x72, 0x6d, 0x20,
    0x6d, 0x61, 0x74, 0x34, 0x20, 0x75, 0x5f, 0x69, 0x6e, 0x76, 0x56, 0x69,
    0x65, 0x77, 0x50, 0x72, 0x6f, 0x6a, 0x3b, 0x0a, 0x75, 0x6e, 0x69, 0x66,
    0x6f, 0x72, 0x6d, 0x20, 0x6d, 0x61, 0x74, 0x34, 0x20, 0x75, 0x5f, 0x6d,
    0x6f, 0x64, 0x65, 0x6c, 0x56, 0x69, 0x65, 0x77, 0x3b, 0x0a, 0x75, 0x6e,
    0x69, 0x66, 0x6f, 0x72, 0x6d, 0x20, 0x6d, 0x61, 0x74, 0x34, 0x20, 0x75,
    0x5f, 0x69, 0x6e, 0x76, 0x4d, 0x6f, 0x64, 0x65, 0x6c, 0x56, 0x69, 0x65,
    0x77, 0x3b, 0x0a, 0x75, 0x6e, 0x69, 0x66, 0x6f, 0x72, 0x6d, 0x20, 0x6d,
    0x61, 0x74, 0x34, 0x20, 0x75, 0x5f, 0x6d, 0x6f, 0x64, 0x65, 0x6c, 0x56,
    0x69, 0x65, 0x77, 0x50, 0x72, 0x6f, 0x6a, 0x3b, 0x0a, 0x75, 0x6e, 0x69,
    0x66, 0x6f, 0x72, 0x6d, 0x20, 0x76, 0x65, 0x63, 0x34, 0x20, 0x75, 0x5f,
    0x61, 0x6c, 0x70, 0x68, 0x61, 0x52, 0x65, 0x66, 0x34, 0x3b, 0x0a, 0x75,
    0x6e, 0x69, 0x66, 0x6f, 0x72, 0x6d, 0x20, 0x6d, 0x61, 0x74, 0x34, 0x20,
    0x75, 0x5f, 0x6d, 0x6f, 0x64, 0x65, 0x6c, 0x5b, 0x31, 0x5d, 0x3b, 0x0a,
    0x76, 0x6f, 0x69, 0x64, 0x20, 0x6d, 0x61, 0x69, 0x6e, 0x28, 0x29, 0x0a,
    0x7b, 0x0a, 0x67, 0x6c, 0x5f, 0x50, 0x6f, 0x73, 0x69, 0x74, 0x69, 0x6f,
    0x6e, 0x20, 0x3d, 0x20, 0x76, 0x65, 0x63, 0x34, 0x28, 0x61, 0x5f, 0x70,
    0x6f, 0x73, 0x69, 0x74, 0x69, 0x6f, 0x6e, 0x20, 0x2a, 0x20, 0x32, 0x2e,
    0x30, 0x20, 0x2d, 0x20, 0x31, 0x2e, 0x30, 0x2c, 0x20, 0x30, 0x2e, 0x30,
    0x2c, 0x20, 0x31, 0x2e, 0x30, 0x29, 0x3b, 0x0a, 0x76, 0x5f, 0x74, 0x65,
    0x78, 0x63, 0x6f, 0x6f, 0x72, 0x64, 0x30, 0x20, 0x3d, 0x20, 0x61, 0x5f,
    0x74, 0x65, 0x78, 0x63, 0x6f, 0x6f, 0x72, 0x64, 0x30, 0x3b, 0x0a, 0x7d,
    0x0a, 0x00,
};
const size_t kEmbeddedGL_stretch_blt_vs_size = sizeof(kEmbeddedGL_stretch_blt_vs);

const uint8_t kEmbeddedGL_affine_blt_vs[] = {
    0x56, 0x53, 0x48, 0x0b, 0x00, 0x00, 0x00, 0x00, 0x6f, 0x1e, 0x3e, 0x3c,
    0x00, 0x00, 0x3b, 0x14, 0x00, 0x00, 0x23, 0x76, 0x65, 0x72, 0x73, 0x69,
    0x6f, 0x6e, 0x20, 0x34, 0x33, 0x30, 0x0a, 0x23, 0x64, 0x65, 0x66, 0x69,
    0x6e, 0x65, 0x20, 0x74, 0x65, 0x78, 0x74, 0x75, 0x72, 0x65, 0x32, 0x44,
    0x20, 0x20, 0x20, 0x20, 0x20, 0x20, 0x20, 0x20, 0x20, 0x20, 0x74, 0x65,
    0x78, 0x74, 0x75, 0x72, 0x65, 0x0a, 0x23, 0x64, 0x65, 0x66, 0x69, 0x6e,
    0x65, 0x20, 0x74, 0x65, 0x78, 0x74, 0x75, 0x72, 0x65, 0x32, 0x44, 0x4c,
    0x6f, 0x64, 0x20, 0x20, 0x20, 0x20, 0x20, 0x20, 0x20, 0x74, 0x65, 0x78,
    0x74, 0x75, 0x72, 0x65, 0x4c, 0x6f, 0x64, 0x0a, 0x23, 0x64, 0x65, 0x66,
    0x69, 0x6e, 0x65, 0x20, 0x74, 0x65, 0x78, 0x74, 0x75, 0x72, 0x65, 0x32,
    0x44, 0x47, 0x72, 0x61, 0x64, 0x20, 0x20, 0x20, 0x20, 0x20, 0x20, 0x74,
    0x65, 0x78, 0x74, 0x75, 0x72, 0x65, 0x47, 0x72, 0x61, 0x64, 0x0a, 0x23,
    0x64, 0x65, 0x66, 0x69, 0x6e, 0x65, 0x20, 0x74, 0x65, 0x78, 0x74, 0x75,
    0x72, 0x65, 0x32, 0x44, 0x50, 0x72, 0x6f, 0x6a, 0x4c, 0x6f, 0x64, 0x20,
    0x20, 0x20, 0x74, 0x65, 0x78, 0x74, 0x75, 0x72, 0x65, 0x50, 0x72, 0x6f,
    0x6a, 0x4c, 0x6f, 0x64, 0x0a, 0x23, 0x64, 0x65, 0x66, 0x69, 0x6e, 0x65,
    0x20, 0x74, 0x65, 0x78, 0x74, 0x75, 0x72, 0x65, 0x32, 0x44, 0x50, 0x72,
    0x6f, 0x6a, 0x47, 0x72, 0x61, 0x64, 0x20, 0x20, 0x74, 0x65, 0x78, 0x74,
    0x75, 0x72, 0x65, 0x50, 0x72, 0x6f, 0x6a, 0x47, 0x72, 0x61, 0x64, 0x0a,
    0x23, 0x64, 0x65, 0x66, 0x69, 0x6e, 0x65, 0x20, 0x74, 0x65, 0x78, 0x74,
    0x75, 0x72, 0x65, 0x43, 0x75, 0x62, 0x65, 0x4c, 0x6f, 0x64, 0x20, 0x20,
    0x20, 0x20, 0x20, 0x74, 0x65, 0x78, 0x74, 0x75, 0x72, 0x65, 0x4c, 0x6f,
    0x64, 0x0a, 0x23, 0x64, 0x65, 0x66, 0x69, 0x6e, 0x65, 0x20, 0x74, 0x65,
    0x78, 0x74, 0x75, 0x72, 0x65, 0x43, 0x75, 0x62, 0x65, 0x47, 0x72, 0x61,
    0x64, 0x20, 0x20, 0x20, 0x20, 0x74, 0x65, 0x78, 0x74, 0x75, 0x72, 0x65,
    0x47, 0x72, 0x61, 0x64, 0x0a, 0x23, 0x64, 0x65, 0x66, 0x69, 0x6e, 0x65,
    0x20, 0x74, 0x65, 0x78, 0x74, 0x75, 0x72, 0x65, 0x33, 0x44, 0x20, 0x20,
    0x20, 0x20, 0x20, 0x20, 0x20, 0x20, 0x20, 0x20, 0x74, 0x65, 0x78, 0x74,
    0x75, 0x72, 0x65, 0x0a, 0x23, 0x64, 0x65, 0x66, 0x69, 0x6e, 0x65, 0x20,
    0x74, 0x65, 0x78, 0x74, 0x75, 0x72, 0x65, 0x32, 0x44, 0x4c, 0x6f, 0x64,
    0x4f, 0x66, 0x66, 0x73, 0x65, 0x74, 0x20, 0x74, 0x65, 0x78, 0x74, 0x75,
    0x72, 0x65, 0x4c, 0x6f, 0x64, 0x4f, 0x66, 0x66, 0x73, 0x65, 0x74, 0x0a,
    0x23, 0x64, 0x65, 0x66, 0x69, 0x6e, 0x65, 0x20, 0x61, 0x74, 0x74, 0x72,
    0x69, 0x62, 0x75, 0x74, 0x65, 0x20, 0x69, 0x6e, 0x0a, 0x23, 0x64, 0x65,
    0x66, 0x69, 0x6e, 0x65, 0x20, 0x76, 0x61, 0x72, 0x79, 0x69, 0x6e, 0x67,
    0x20, 0x6f, 0x75, 0x74, 0x0a, 0x23, 0x64, 0x65, 0x66, 0x69, 0x6e, 0x65,
    0x20, 0x62, 0x67, 0x66, 0x78, 0x53, 0x68, 0x61, 0x64, 0x6f, 0x77, 0x32,
    0x44, 0x28, 0x5f, 0x73, 0x61, 0x6d, 0x70, 0x6c, 0x65, 0x72, 0x2c, 0x20,
    0x5f, 0x63, 0x6f, 0x6f, 0x72, 0x64, 0x29, 0x20, 0x20, 0x20, 0x20, 0x20,
    0x76, 0x65, 0x63, 0x34, 0x5f, 0x73, 0x70, 0x6c, 0x61, 0x74, 0x28, 0x74,
    0x65, 0x78, 0x74, 0x75, 0x72, 0x65, 0x28, 0x5f, 0x73, 0x61, 0x6d, 0x70,
    0x6c, 0x65, 0x72, 0x2c, 0x20, 0x5f, 0x63, 0x6f, 0x6f, 0x72, 0x64, 0x29,
    0x20, 0x29, 0x0a, 0x23, 0x64, 0x65, 0x66, 0x69, 0x6e, 0x65, 0x20, 0x62,
    0x67, 0x66, 0x78, 0x53, 0x68, 0x61, 0x64, 0x6f, 0x77, 0x32, 0x44, 0x50,
    0x72, 0x6f, 0x6a, 0x28, 0x5f, 0x73, 0x61, 0x6d, 0x70, 0x6c, 0x65, 0x72,
    0x2c, 0x20, 0x5f, 0x63, 0x6f, 0x6f, 0x72, 0x64, 0x29, 0x20, 0x76, 0x65,
    0x63, 0x34, 0x5f, 0x73, 0x70, 0x6c, 0x61, 0x74, 0x28, 0x74, 0x65, 0x78,
    0x74, 0x75, 0x72, 0x65, 0x50, 0x72, 0x6f, 0x6a, 0x28, 0x5f, 0x73, 0x61,
    0x6d, 0x70, 0x6c, 0x65, 0x72, 0x2c, 0x20, 0x5f, 0x63, 0x6f, 0x6f, 0x72,
    0x64, 0x29, 0x20, 0x29, 0x0a, 0x61, 0x74, 0x74, 0x72, 0x69, 0x62, 0x75,
    0x74, 0x65, 0x20, 0x76, 0x65, 0x63, 0x32, 0x20, 0x61, 0x5f, 0x70, 0x6f,
    0x73, 0x69, 0x74, 0x69, 0x6f, 0x6e, 0x3b, 0x0a, 0x61, 0x74, 0x74, 0x72,
    0x69, 0x62, 0x75, 0x74, 0x65, 0x20, 0x76, 0x65, 0x63, 0x32, 0x20, 0x61,
    0x5f, 0x74, 0x65, 0x78, 0x63, 0x6f, 0x6f, 0x72, 0x64, 0x30, 0x3b, 0x0a,
    0x76, 0x61, 0x72, 0x79, 0x69, 0x6e, 0x67, 0x20, 0x76, 0x65, 0x63, 0x32,
    0x20, 0x76, 0x5f, 0x74, 0x65, 0x78, 0x63, 0x6f, 0x6f, 0x72, 0x64, 0x30,
    0x3b, 0x0a, 0x66, 0x6c, 0x6f, 0x61, 0x74, 0x20, 0x72, 0x63, 0x70, 0x28,
    0x66, 0x6c, 0x6f, 0x61, 0x74, 0x20, 0x5f, 0x61, 0x29, 0x20, 0x7b, 0x20,
    0x72, 0x65, 0x74, 0x75, 0x72, 0x6e, 0x20, 0x31, 0x2e, 0x30, 0x2f, 0x5f,
    0x61, 0x3b, 0x20, 0x7d, 0x0a, 0x76, 0x65, 0x63, 0x32, 0x20, 0x72, 0x63,
    0x70, 0x28, 0x76, 0x65, 0x63, 0x32, 0x20, 0x5f, 0x61, 0x29, 0x20, 0x7b,
    0x20, 0x72, 0x65, 0x74, 0x75, 0x72, 0x6e, 0x20, 0x76, 0x65, 0x63, 0x32,
    0x28, 0x31, 0x2e, 0x30, 0x29, 0x2f, 0x5f, 0x61, 0x3b, 0x20, 0x7d, 0x0a,
    0x76, 0x65, 0x63, 0x33, 0x20, 0x72, 0x63, 0x70, 0x28, 0x76, 0x65, 0x63,
    0x33, 0x20, 0x5f, 0x61, 0x29, 0x20, 0x7b, 0x20, 0x72, 0x65, 0x74, 0x75,
    0x72, 0x6e, 0x20, 0x76, 0x65, 0x63, 0x33, 0x28, 0x31, 0x2e, 0x30, 0x29,
    0x2f, 0x5f, 0x61, 0x3b, 0x20, 0x7d, 0x0a, 0x76, 0x65, 0x63, 0x34, 0x20,
    0x72, 0x63, 0x70, 0x28, 0x76, 0x65, 0x63, 0x34, 0x20, 0x5f, 0x61, 0x29,
    0x20, 0x7b, 0x20, 0x72, 0x65, 0x74, 0x75, 0x72, 0x6e, 0x20, 0x76, 0x65,
    0x63, 0x34, 0x28, 0x31, 0x2e, 0x30, 0x29, 0x2f, 0x5f, 0x61, 0x3b, 0x20,
    0x7d, 0x0a, 0x76, 0x65, 0x63, 0x32, 0x20, 0x76, 0x65, 0x63, 0x32, 0x5f,
    0x73, 0x70, 0x6c, 0x61, 0x74, 0x28, 0x66, 0x6c, 0x6f, 0x61, 0x74, 0x20,
    0x5f, 0x78, 0x29, 0x20, 0x7b, 0x20, 0x72, 0x65, 0x74, 0x75, 0x72, 0x6e,
    0x20, 0x76, 0x65, 0x63, 0x32, 0x28, 0x5f, 0x78, 0x2c, 0x20, 0x5f, 0x78,
    0x29, 0x3b, 0x20, 0x7d, 0x0a, 0x76, 0x65, 0x63, 0x33, 0x20, 0x76, 0x65,
    0x63, 0x33, 0x5f, 0x73, 0x70, 0x6c, 0x61, 0x74, 0x28, 0x66, 0x6c, 0x6f,
    0x61, 0x74, 0x20, 0x5f, 0x78, 0x29, 0x20, 0x7b, 0x20, 0x72, 0x65, 0x74,
    0x75, 0x72, 0x6e, 0x20, 0x76, 0x65, 0x63, 0x33, 0x28, 0x5f, 0x78, 0x2c,
    0x20, 0x5f, 0x78, 0x2c, 0x20, 0x5f, 0x78, 0x29, 0x3b, 0x20, 0x7d, 0x0a,
    0x76, 0x65, 0x63, 0x34, 0x20, 0x76, 0x65, 0x63, 0x34, 0x5f, 0x73, 0x70,
    0x6c, 0x61, 0x74, 0x28, 0x66, 0x6c, 0x6f, 0x61, 0x74, 0x20, 0x5f, 0x78,
    0x29, 0x20, 0x7b, 0x20, 0x72, 0x65, 0x74, 0x75, 0x72, 0x6e, 0x20, 0x76,
    0x65, 0x63, 0x34, 0x28, 0x5f, 0x78, 0x2c, 0x20, 0x5f, 0x78, 0x2c, 0x20,
    0x5f, 0x78, 0x2c, 0x20, 0x5f, 0x78, 0x29, 0x3b, 0x20, 0x7d, 0x0a, 0x75,
    0x76, 0x65, 0x63, 0x32, 0x20, 0x75, 0x76, 0x65, 0x63, 0x32, 0x5f, 0x73,
    0x70, 0x6c, 0x61, 0x74, 0x28, 0x75, 0x69, 0x6e, 0x74, 0x20, 0x5f, 0x78,
    0x29, 0x20, 0x7b, 0x20, 0x72, 0x65, 0x74, 0x75, 0x72, 0x6e, 0x20, 0x75,
    0x76, 0x65, 0x63, 0x32, 0x28, 0x5f, 0x78, 0x2c, 0x20, 0x5f, 0x78, 0x29,
    0x3b, 0x20, 0x7d, 0x0a, 0x75, 0x76, 0x65, 0x63, 0x33, 0x20, 0x75, 0x76,
    0x65, 0x63, 0x33, 0x5f, 0x73, 0x70, 0x6c, 0x61, 0x74, 0x28, 0x75, 0x69,
    0x6e, 0x74, 0x20, 0x5f, 0x78, 0x29, 0x20, 0x7b, 0x20, 0x72, 0x65, 0x74,
    0x75, 0x72, 0x6e, 0x20, 0x75, 0x76, 0x65, 0x63, 0x33, 0x28, 0x5f, 0x78,
    0x2c, 0x20, 0x5f, 0x78, 0x2c, 0x20, 0x5f, 0x78, 0x29, 0x3b, 0x20, 0x7d,
    0x0a, 0x75, 0x76, 0x65, 0x63, 0x34, 0x20, 0x75, 0x76, 0x65, 0x63, 0x34,
    0x5f, 0x73, 0x70, 0x6c, 0x61, 0x74, 0x28, 0x75, 0x69, 0x6e, 0x74, 0x20,
    0x5f, 0x78, 0x29, 0x20, 0x7b, 0x20, 0x72, 0x65, 0x74, 0x75, 0x72, 0x6e,
    0x20, 0x75, 0x76, 0x65, 0x63, 0x34, 0x28, 0x5f, 0x78, 0x2c, 0x20, 0x5f,
    0x78, 0x2c, 0x20, 0x5f, 0x78, 0x2c, 0x20, 0x5f, 0x78, 0x29, 0x3b, 0x20,
    0x7d, 0x0a, 0x6d, 0x61, 0x74, 0x34, 0x20, 0x6d, 0x74, 0x78, 0x46, 0x72,
    0x6f, 0x6d, 0x52, 0x6f, 0x77, 0x73, 0x28, 0x76, 0x65, 0x63, 0x34, 0x20,
    0x5f, 0x30, 0x2c, 0x20, 0x76, 0x65, 0x63, 0x34, 0x20, 0x5f, 0x31, 0x2c,
    0x20, 0x76, 0x65, 0x63, 0x34, 0x20, 0x5f, 0x32, 0x2c, 0x20, 0x76, 0x65,
    0x63, 0x34, 0x20, 0x5f, 0x33, 0x29, 0x0a, 0x7b, 0x0a, 0x72, 0x65, 0x74,
    0x75, 0x72, 0x6e, 0x20, 0x74, 0x72, 0x61, 0x6e, 0x73, 0x70, 0x6f, 0x73,
    0x65, 0x28, 0x6d, 0x61, 0x74, 0x34, 0x28, 0x5f, 0x30, 0x2c, 0x20, 0x5f,
    0x31, 0x2c, 0x20, 0x5f, 0x32, 0x2c, 0x20, 0x5f, 0x33, 0x29, 0x20, 0x29,
    0x3b, 0x0a, 0x7d, 0x0a, 0x6d, 0x61, 0x74, 0x34, 0x20, 0x6d, 0x74, 0x78,
    0x46, 0x72, 0x6f, 0x6d, 0x43, 0x6f, 0x6c, 0x73, 0x28, 0x76, 0x65, 0x63,
    0x34, 0x20, 0x5f, 0x30, 0x2c, 0x20, 0x76, 0x65, 0x63, 0x34, 0x20, 0x5f,
    0x31, 0x2c, 0x20, 0x76, 0x65, 0x63, 0x34, 0x20, 0x5f, 0x32, 0x2c, 0x20,
    0x76, 0x65, 0x63, 0x34, 0x20, 0x5f, 0x33, 0x29, 0x0a, 0x7b, 0x0a, 0x72,
    0x65, 0x74, 0x75, 0x72, 0x6e, 0x20, 0x6d, 0x61, 0x74, 0x34, 0x28, 0x5f,
    0x30, 0x2c, 0x20, 0x5f, 0x31, 0x2c, 0x20, 0x5f, 0x32, 0x2c, 0x20, 0x5f,
    0x33, 0x29, 0x3b, 0x0a, 0x7d, 0x0a, 0x6d, 0x61, 0x74, 0x33, 0x20, 0x6d,
    0x74, 0x78, 0x46, 0x72, 0x6f, 0x6d, 0x52, 0x6f, 0x77, 0x73, 0x28, 0x76,
    0x65, 0x63, 0x33, 0x20, 0x5f, 0x30, 0x2c, 0x20, 0x76, 0x65, 0x63, 0x33,
    0x20, 0x5f, 0x31, 0x2c, 0x20, 0x76, 0x65, 0x63, 0x33, 0x20, 0x5f, 0x32,
    0x29, 0x0a, 0x7b, 0x0a, 0x72, 0x65, 0x74, 0x75, 0x72, 0x6e, 0x20, 0x74,
    0x72, 0x61, 0x6e, 0x73, 0x70, 0x6f, 0x73, 0x65, 0x28, 0x6d, 0x61, 0x74,
    0x33, 0x28, 0x5f, 0x30, 0x2c, 0x20, 0x5f, 0x31, 0x2c, 0x20, 0x5f, 0x32,
    0x29, 0x20, 0x29, 0x3b, 0x0a, 0x7d, 0x0a, 0x6d, 0x61, 0x74, 0x33, 0x20,
    0x6d, 0x74, 0x78, 0x46, 0x72, 0x6f, 0x6d, 0x43, 0x6f, 0x6c, 0x73, 0x28,
    0x76, 0x65, 0x63, 0x33, 0x20, 0x5f, 0x30, 0x2c, 0x20, 0x76, 0x65, 0x63,
    0x33, 0x20, 0x5f, 0x31, 0x2c, 0x20, 0x76, 0x65, 0x63, 0x33, 0x20, 0x5f,
    0x32, 0x29, 0x0a, 0x7b, 0x0a, 0x72, 0x65, 0x74, 0x75, 0x72, 0x6e, 0x20,
    0x6d, 0x61, 0x74, 0x33, 0x28, 0x5f, 0x30, 0x2c, 0x20, 0x5f, 0x31, 0x2c,
    0x20, 0x5f, 0x32, 0x29, 0x3b, 0x0a, 0x7d, 0x0a, 0x6d, 0x61, 0x74, 0x34,
    0x78, 0x33, 0x20, 0x6d, 0x74, 0x78, 0x46, 0x72, 0x6f, 0x6d, 0x52, 0x6f,
    0x77, 0x73, 0x28, 0x76, 0x65, 0x63, 0x34, 0x20, 0x5f, 0x30, 0x2c, 0x20,
    0x76, 0x65, 0x63, 0x34, 0x20, 0x5f, 0x31, 0x2c, 0x20, 0x76, 0x65, 0x63,
    0x34, 0x20, 0x5f, 0x32, 0x29, 0x0a, 0x7b, 0x0a, 0x72, 0x65, 0x74, 0x75,
    0x72, 0x6e, 0x20, 0x74, 0x72, 0x61, 0x6e, 0x73, 0x70, 0x6f, 0x73, 0x65,
    0x28, 0x6d, 0x61, 0x74, 0x33, 0x78, 0x34, 0x28, 0x5f, 0x30, 0x2c, 0x20,
    0x5f, 0x31, 0x2c, 0x20, 0x5f, 0x32, 0x29, 0x20, 0x29, 0x3b, 0x0a, 0x7d,
    0x0a, 0x76, 0x65, 0x63, 0x33, 0x20, 0x6d, 0x74, 0x78, 0x47, 0x65, 0x74,
    0x52, 0x6f, 0x77, 0x28, 0x6d, 0x61, 0x74, 0x33, 0x20, 0x5f, 0x6d, 0x74,
    0x78, 0x2c, 0x20, 0x69, 0x6e, 0x74, 0x20, 0x5f, 0x72, 0x6f, 0x77, 0x29,
    0x0a, 0x7b, 0x0a, 0x72, 0x65, 0x74, 0x75, 0x72, 0x6e, 0x20, 0x76, 0x65,
    0x63, 0x33, 0x28, 0x5f, 0x6d, 0x74, 0x78, 0x5b, 0x30, 0x5d, 0x5b, 0x5f,
    0x72, 0x6f, 0x77, 0x5d, 0x2c, 0x20, 0x5f, 0x6d, 0x74, 0x78, 0x5b, 0x31,
    0x5d, 0x5b, 0x5f, 0x72, 0x6f, 0x77, 0x5d, 0x2c, 0x20, 0x5f, 0x6d, 0x74,
    0x78, 0x5b, 0x32, 0x5d, 0x5b, 0x5f, 0x72, 0x6f, 0x77, 0x5d, 0x29, 0x3b,
    0x0a, 0x7d, 0x0a, 0x76, 0x65, 0x63, 0x33, 0x20, 0x6d, 0x74, 0x78, 0x47,
    0x65, 0x74, 0x43, 0x6f, 0x6c, 0x75, 0x6d, 0x6e, 0x28, 0x6d, 0x61, 0x74,
    0x33, 0x20, 0x5f, 0x6d, 0x74, 0x78, 0x2c, 0x20, 0x69, 0x6e, 0x74, 0x20,
    0x5f, 0x63, 0x6f, 0x6c, 0x75, 0x6d, 0x6e, 0x29, 0x0a, 0x7b, 0x0a, 0x72,
    0x65, 0x74, 0x75, 0x72, 0x6e, 0x20, 0x76, 0x65, 0x63, 0x33, 0x28, 0x5f,
    0x6d, 0x74, 0x78, 0x5b, 0x5f, 0x63, 0x6f, 0x6c, 0x75, 0x6d, 0x6e, 0x5d,
    0x29, 0x3b, 0x0a, 0x7d, 0x0a, 0x76, 0x65, 0x63, 0x34, 0x20, 0x6d, 0x74,
    0x78, 0x47, 0x65, 0x74, 0x52, 0x6f, 0x77, 0x28, 0x6d, 0x61, 0x74, 0x34,
    0x78, 0x33, 0x20, 0x5f, 0x6d, 0x74, 0x78, 0x2c, 0x20, 0x69, 0x6e, 0x74,
    0x20, 0x5f, 0x72, 0x6f, 0x77, 0x29, 0x0a, 0x7b, 0x0a, 0x72, 0x65, 0x74,
    0x75, 0x72, 0x6e, 0x20, 0x76, 0x65, 0x63, 0x34, 0x28, 0x5f, 0x6d, 0x74,
    0x78, 0x5b, 0x30, 0x5d, 0x5b, 0x5f, 0x72, 0x6f, 0x77, 0x5d, 0x2c, 0x20,
    0x5f, 0x6d, 0x74, 0x78, 0x5b, 0x31, 0x5d, 0x5b, 0x5f, 0x72, 0x6f, 0x77,
    0x5d, 0x2c, 0x20, 0x5f, 0x6d, 0x74, 0x78, 0x5b, 0x32, 0x5d, 0x5b, 0x5f,
    0x72, 0x6f, 0x77, 0x5d, 0x2c, 0x20, 0x5f, 0x6d, 0x74, 0x78, 0x5b, 0x33,
    0x5d, 0x5b, 0x5f, 0x72, 0x6f, 0x77, 0x5d, 0x29, 0x3b, 0x0a, 0x7d, 0x0a,
    0x76, 0x65, 0x63, 0x33, 0x20, 0x6d, 0x74, 0x78, 0x47, 0x65, 0x74, 0x43,
    0x6f, 0x6c, 0x75, 0x6d, 0x6e, 0x28, 0x6d, 0x61, 0x74, 0x34, 0x78, 0x33,
    0x20, 0x5f, 0x6d, 0x74, 0x78, 0x2c, 0x20, 0x69, 0x6e, 0x74, 0x20, 0x5f,
    0x63, 0x6f, 0x6c, 0x75, 0x6d, 0x6e, 0x29, 0x0a, 0x7b, 0x0a, 0x72, 0x65,
    0x74, 0x75, 0x72, 0x6e, 0x20, 0x76, 0x65, 0x63, 0x33, 0x28, 0x5f, 0x6d,
    0x74, 0x78, 0x5b, 0x5f, 0x63, 0x6f, 0x6c, 0x75, 0x6d, 0x6e, 0x5d, 0x29,
    0x3b, 0x0a, 0x7d, 0x0a, 0x76, 0x65, 0x63, 0x34, 0x20, 0x6d, 0x74, 0x78,
    0x47, 0x65, 0x74, 0x52, 0x6f, 0x77, 0x28, 0x6d, 0x61, 0x74, 0x34, 0x20,
    0x5f, 0x6d, 0x74, 0x78, 0x2c, 0x20, 0x69, 0x6e, 0x74, 0x20, 0x5f, 0x72,
    0x6f, 0x77, 0x29, 0x0a, 0x7b, 0x0a, 0x72, 0x65, 0x74, 0x75, 0x72, 0x6e,
    0x20, 0x76, 0x65, 0x63, 0x34, 0x28, 0x5f, 0x6d, 0x74, 0x78, 0x5b, 0x30,
    0x5d, 0x5b, 0x5f, 0x72, 0x6f, 0x77, 0x5d, 0x2c, 0x20, 0x5f, 0x6d, 0x74,
    0x78, 0x5b, 0x31, 0x5d, 0x5b, 0x5f, 0x72, 0x6f, 0x77, 0x5d, 0x2c, 0x20,
    0x5f, 0x6d, 0x74, 0x78, 0x5b, 0x32, 0x5d, 0x5b, 0x5f, 0x72, 0x6f, 0x77,
    0x5d, 0x2c, 0x20, 0x5f, 0x6d, 0x74, 0x78, 0x5b, 0x33, 0x5d, 0x5b, 0x5f,
    0x72, 0x6f, 0x77, 0x5d, 0x29, 0x3b, 0x0a, 0x7d, 0x0a, 0x76, 0x65, 0x63,
    0x34, 0x20, 0x6d, 0x74, 0x78, 0x47, 0x65, 0x74, 0x43, 0x6f, 0x6c, 0x75,
    0x6d, 0x6e, 0x28, 0x6d, 0x61, 0x74, 0x34, 0x20, 0x5f, 0x6d, 0x74, 0x78,
    0x2c, 0x20, 0x69, 0x6e, 0x74, 0x20, 0x5f, 0x63, 0x6f, 0x6c, 0x75, 0x6d,
    0x6e, 0x29, 0x0a, 0x7b, 0x0a, 0x72, 0x65, 0x74, 0x75, 0x72, 0x6e, 0x20,
    0x76, 0x65, 0x63, 0x34, 0x28, 0x5f, 0x6d, 0x74, 0x78, 0x5b, 0x5f, 0x63,
    0x6f, 0x6c, 0x75, 0x6d, 0x6e, 0x5d, 0x29, 0x3b, 0x0a, 0x7d, 0x0a, 0x66,
    0x6c, 0x6f, 0x61, 0x74, 0x20, 0x6d, 0x74, 0x78, 0x47, 0x65, 0x74, 0x45,
    0x6c, 0x65, 0x6d, 0x65, 0x6e, 0x74, 0x28, 0x6d, 0x61, 0x74, 0x33, 0x20,
    0x5f, 0x6d, 0x74, 0x78, 0x2c, 0x20, 0x69, 0x6e, 0x74, 0x20, 0x5f, 0x63,
    0x6f, 0x6c, 0x75, 0x6d, 0x6e, 0x2c, 0x20, 0x69, 0x6e, 0x74, 0x20, 0x5f,
    0x72, 0x6f, 0x77, 0x29, 0x0a, 0x7b, 0x0a, 0x72, 0x65, 0x74, 0x75, 0x72,
    0x6e, 0x20, 0x5f, 0x6d, 0x74, 0x78, 0x5b, 0x5f, 0x63, 0x6f, 0x6c, 0x75,
    0x6d, 0x6e, 0x5d, 0x5b, 0x5f, 0x72, 0x6f, 0x77, 0x5d, 0x3b, 0x0a, 0x7d,
    0x0a, 0x66, 0x6c, 0x6f, 0x61, 0x74, 0x20, 0x6d, 0x74, 0x78, 0x47, 0x65,
    0x74, 0x45, 0x6c, 0x65, 0x6d, 0x65, 0x6e, 0x74, 0x28, 0x6d, 0x61, 0x74,
    0x34, 0x20, 0x5f, 0x6d, 0x74, 0x78, 0x2c, 0x20, 0x69, 0x6e, 0x74, 0x20,
    0x5f, 0x63, 0x6f, 0x6c, 0x75, 0x6d, 0x6e, 0x2c, 0x20, 0x69, 0x6e, 0x74,
    0x20, 0x5f, 0x72, 0x6f, 0x77, 0x29, 0x0a, 0x7b, 0x0a, 0x72, 0x65, 0x74,
    0x75, 0x72, 0x6e, 0x20, 0x5f, 0x6d, 0x74, 0x78, 0x5b, 0x5f, 0x63, 0x6f,
    0x6c, 0x75, 0x6d, 0x6e, 0x5d, 0x5b, 0x5f, 0x72, 0x6f, 0x77, 0x5d, 0x3b,
    0x0a, 0x7d, 0x0a, 0x66, 0x6c, 0x6f, 0x61, 0x74, 0x20, 0x73, 0x65, 0x6c,
    0x65, 0x63, 0x74, 0x28, 0x62, 0x6f, 0x6f, 0x6c, 0x20, 0x5f, 0x63, 0x6f,
    0x6e, 0x64, 0x2c, 0x20, 0x66, 0x6c, 0x6f, 0x61, 0x74, 0x20, 0x5f, 0x74,
    0x72, 0x75, 0x65, 0x2c, 0x20, 0x66, 0x6c, 0x6f, 0x61, 0x74, 0x20, 0x5f,
    0x66, 0x61, 0x6c, 0x73, 0x65, 0x29, 0x20, 0x7b, 0x20, 0x72, 0x65, 0x74,
    0x75, 0x72, 0x6e, 0x20, 0x5f, 0x63, 0x6f, 0x6e, 0x64, 0x20, 0x3f, 0x20,
    0x5f, 0x74, 0x72, 0x75, 0x65, 0x20, 0x3a, 0x20, 0x5f, 0x66, 0x61, 0x6c,
    0x73, 0x65, 0x3b, 0x20, 0x7d, 0x0a, 0x76, 0x65, 0x63, 0x32, 0x20, 0x73,
    0x65, 0x6c, 0x65, 0x63, 0x74, 0x28, 0x62, 0x6f, 0x6f, 0x6c, 0x20, 0x5f,
    0x63, 0x6f, 0x6e, 0x64, 0x2c, 0x20, 0x76, 0x65, 0x63, 0x32, 0x20, 0x5f,
    0x74, 0x72, 0x75, 0x65, 0x2c, 0x20, 0x76, 0x65, 0x63, 0x32, 0x20, 0x5f,
    0x66, 0x61, 0x6c, 0x73, 0x65, 0x29, 0x20, 0x7b, 0x20, 0x72, 0x65, 0x74,
    0x75, 0x72, 0x6e, 0x20, 0x5f, 0x63, 0x6f, 0x6e, 0x64, 0x20, 0x3f, 0x20,
    0x5f, 0x74, 0x72, 0x75, 0x65, 0x20, 0x3a, 0x20, 0x5f, 0x66, 0x61, 0x6c,
    0x73, 0x65, 0x3b, 0x20, 0x7d, 0x0a, 0x76, 0x65, 0x63, 0x33, 0x20, 0x73,
    0x65, 0x6c, 0x65, 0x63, 0x74, 0x28, 0x62, 0x6f, 0x6f, 0x6c, 0x20, 0x5f,
    0x63, 0x6f, 0x6e, 0x64, 0x2c, 0x20, 0x76, 0x65, 0x63, 0x33, 0x20, 0x5f,
    0x74, 0x72, 0x75, 0x65, 0x2c, 0x20, 0x76, 0x65, 0x63, 0x33, 0x20, 0x5f,
    0x66, 0x61, 0x6c, 0x73, 0x65, 0x29, 0x20, 0x7b, 0x20, 0x72, 0x65, 0x74,
    0x75, 0x72, 0x6e, 0x20, 0x5f, 0x63, 0x6f, 0x6e, 0x64, 0x20, 0x3f, 0x20,
    0x5f, 0x74, 0x72, 0x75, 0x65, 0x20, 0x3a, 0x20, 0x5f, 0x66, 0x61, 0x6c,
    0x73, 0x65, 0x3b, 0x20, 0x7d, 0x0a, 0x76, 0x65, 0x63, 0x34, 0x20, 0x73,
    0x65, 0x6c, 0x65, 0x63, 0x74, 0x28, 0x62, 0x6f, 0x6f, 0x6c, 0x20, 0x5f,
    0x63, 0x6f, 0x6e, 0x64, 0x2c, 0x20, 0x76, 0x65, 0x63, 0x34, 0x20, 0x5f,
    0x74, 0x72, 0x75, 0x65, 0x2c, 0x20, 0x76, 0x65, 0x63, 0x34, 0x20, 0x5f,
    0x66, 0x61, 0x6c, 0x73, 0x65, 0x29, 0x20, 0x7b, 0x20, 0x72, 0x65, 0x74,
    0x75, 0x72, 0x6e, 0x20, 0x5f, 0x63, 0x6f, 0x6e, 0x64, 0x20, 0x3f, 0x20,
    0x5f, 0x74, 0x72, 0x75, 0x65, 0x20, 0x3a, 0x20, 0x5f, 0x66, 0x61, 0x6c,
    0x73, 0x65, 0x3b, 0x20, 0x7d, 0x0a, 0x76, 0x65, 0x63, 0x32, 0x20, 0x73,
    0x65, 0x6c, 0x65, 0x63, 0x74, 0x28, 0x62, 0x76, 0x65, 0x63, 0x32, 0x20,
    0x5f, 0x63, 0x6f, 0x6e, 0x64, 0x2c, 0x20, 0x76, 0x65, 0x63, 0x32, 0x20,
    0x5f, 0x74, 0x72, 0x75, 0x65, 0x2c, 0x20, 0x76, 0x65, 0x63, 0x32, 0x20,
    0x5f, 0x66, 0x61, 0x6c, 0x73, 0x65, 0x29, 0x20, 0x7b, 0x20, 0x72, 0x65,
    0x74, 0x75, 0x72, 0x6e, 0x20, 0x28, 0x76, 0x65, 0x63, 0x32, 0x28, 0x5f,
    0x63, 0x6f, 0x6e, 0x64, 0x29, 0x20, 0x2a, 0x20, 0x5f, 0x74, 0x72, 0x75,
    0x65, 0x29, 0x20, 0x2b, 0x20, 0x28, 0x76, 0x65, 0x63, 0x32, 0x28, 0x6e,
    0x6f, 0x74, 0x28, 0x5f, 0x63, 0x6f, 0x6e, 0x64, 0x29, 0x20, 0x29, 0x20,
    0x2a, 0x20, 0x5f, 0x66, 0x61, 0x6c, 0x73, 0x65, 0x29, 0x3b, 0x20, 0x7d,
    0x0a, 0x76, 0x65, 0x63, 0x33, 0x20, 0x73, 0x65, 0x6c, 0x65, 0x63, 0x74,
    0x28, 0x62, 0x76, 0x65, 0x63, 0x33, 0x20, 0x5f, 0x63, 0x6f, 0x6e, 0x64,
    0x2c, 0x20, 0x76, 0x65, 0x63, 0x33, 0x20, 0x5f, 0x74, 0x72, 0x75, 0x65,
    0x2c, 0x20, 0x76, 0x65, 0x63, 0x33, 0x20, 0x5f, 0x66, 0x61, 0x6c, 0x73,
    0x65, 0x29, 0x20, 0x7b, 0x20, 0x72, 0x65, 0x74, 0x75, 0x72, 0x6e, 0x20,
    0x28, 0x76, 0x65, 0x63, 0x33, 0x28, 0x5f, 0x63, 0x6f, 0x6e, 0x64, 0x29,
    0x20, 0x2a, 0x20, 0x5f, 0x74, 0x72, 0x75, 0x65, 0x29, 0x20, 0x2b, 0x20,
    0x28, 0x76, 0x65, 0x63, 0x33, 0x28, 0x6e, 0x6f, 0x74, 0x28, 0x5f, 0x63,
    0x6f, 0x6e, 0x64, 0x29, 0x20, 0x29, 0x20, 0x2a, 0x20, 0x5f, 0x66, 0x61,
    0x6c, 0x73, 0x65, 0x29, 0x3b, 0x20, 0x7d, 0x0a, 0x76, 0x65, 0x63, 0x34,
    0x20, 0x73, 0x65, 0x6c, 0x65, 0x63, 0x74, 0x28, 0x62, 0x76, 0x65, 0x63,
    0x34, 0x20, 0x5f, 0x63, 0x6f, 0x6e, 0x64, 0x2c, 0x20, 0x76, 0x65, 0x63,
    0x34, 0x20, 0x5f, 0x74, 0x72, 0x75, 0x65, 0x2c, 0x20, 0x76, 0x65, 0x63,
    0x34, 0x20, 0x5f, 0x66, 0x61, 0x6c, 0x73, 0x65, 0x29, 0x20, 0x7b, 0x20,
    0x72, 0x65, 0x74, 0x75, 0x72, 0x6e, 0x20, 0x28, 0x76, 0x65, 0x63, 0x34,
    0x28, 0x5f, 0x63, 0x6f, 0x6e, 0x64, 0x29, 0x20, 0x2a, 0x20, 0x5f, 0x74,
    0x72, 0x75, 0x65, 0x29, 0x20, 0x2b, 0x20, 0x28, 0x76, 0x65, 0x63, 0x34,
    0x28, 0x6e, 0x6f, 0x74, 0x28, 0x5f, 0x63, 0x6f, 0x6e, 0x64, 0x29, 0x20,
    0x29, 0x20, 0x2a, 0x20, 0x5f, 0x66, 0x61, 0x6c, 0x73, 0x65, 0x29, 0x3b,
    0x20, 0x7d, 0x0a, 0x69, 0x6e, 0x74, 0x20, 0x73, 0x65, 0x6c, 0x65, 0x63,
    0x74, 0x28, 0x62, 0x6f, 0x6f, 0x6c, 0x20, 0x5f, 0x63, 0x6f, 0x6e, 0x64,
    0x2c, 0x20, 0x69, 0x6e, 0x74, 0x20, 0x5f, 0x74, 0x72, 0x75, 0x65, 0x2c,
    0x20, 0x69, 0x6e, 0x74, 0x20, 0x5f, 0x66, 0x61, 0x6c, 0x73, 0x65, 0x29,
    0x20, 0x7b, 0x20, 0x72, 0x65, 0x74, 0x75, 0x72, 0x6e, 0x20, 0x5f, 0x63,
    0x6f, 0x6e, 0x64, 0x20, 0x3f, 0x20, 0x5f, 0x74, 0x72, 0x75, 0x65, 0x20,
    0x3a, 0x20, 0x5f, 0x66, 0x61, 0x6c, 0x73, 0x65, 0x3b, 0x20, 0x7d, 0x0a,
    0x69, 0x76, 0x65, 0x63, 0x32, 0x20, 0x73, 0x65, 0x6c, 0x65, 0x63, 0x74,
    0x28, 0x62, 0x6f, 0x6f, 0x6c, 0x20, 0x5f, 0x63, 0x6f, 0x6e, 0x64, 0x2c,
    0x20, 0x69, 0x76, 0x65, 0x63, 0x32, 0x20, 0x5f, 0x74, 0x72, 0x75, 0x65,
    0x2c, 0x20, 0x69, 0x76, 0x65, 0x63, 0x32, 0x20, 0x5f, 0x66, 0x61, 0x6c,
    0x73, 0x65, 0x29, 0x20, 0x7b, 0x20, 0x72, 0x65, 0x74, 0x75, 0x72, 0x6e,
    0x20, 0x5f, 0x63, 0x6f, 0x6e, 0x64, 0x20, 0x3f, 0x20, 0x5f, 0x74, 0x72,
    0x75, 0x65, 0x20, 0x3a, 0x20, 0x5f, 0x66, 0x61, 0x6c, 0x73, 0x65, 0x3b,
    0x20, 0x7d, 0x0a, 0x69, 0x76, 0x65, 0x63, 0x33, 0x20, 0x73, 0x65, 0x6c,
    0x65, 0x63, 0x74, 0x28, 0x62, 0x6f, 0x6f, 0x6c, 0x20, 0x5f, 0x63, 0x6f,
    0x6e, 0x64, 0x2c, 0x20, 0x69, 0x76, 0x65, 0x63, 0x33, 0x20, 0x5f, 0x74,
    0x72, 0x75, 0x65, 0x2c, 0x20, 0x69, 0x76, 0x65, 0x63, 0x33, 0x20, 0x5f,
    0x66, 0x61, 0x6c, 0x73, 0x65, 0x29, 0x20, 0x7b, 0x20, 0x72, 0x65, 0x74,
    0x75, 0x72, 0x6e, 0x20, 0x5f, 0x63, 0x6f, 0x6e, 0x64, 0x20, 0x3f, 0x20,
    0x5f, 0x74, 0x72, 0x75, 0x65, 0x20, 0x3a, 0x20, 0x5f, 0x66, 0x61, 0x6c,
    0x73, 0x65, 0x3b, 0x20, 0x7d, 0x0a, 0x69, 0x76, 0x65, 0x63, 0x34, 0x20,
    0x73, 0x65, 0x6c, 0x65, 0x63, 0x74, 0x28, 0x62, 0x6f, 0x6f, 0x6c, 0x20,
    0x5f, 0x63, 0x6f, 0x6e, 0x64, 0x2c, 0x20, 0x69, 0x76, 0x65, 0x63, 0x34,
    0x20, 0x5f, 0x74, 0x72, 0x75, 0x65, 0x2c, 0x20, 0x69, 0x76, 0x65, 0x63,
    0x34, 0x20, 0x5f, 0x66, 0x61, 0x6c, 0x73, 0x65, 0x29, 0x20, 0x7b, 0x20,
    0x72, 0x65, 0x74, 0x75, 0x72, 0x6e, 0x20, 0x5f, 0x63, 0x6f, 0x6e, 0x64,
    0x20, 0x3f, 0x20, 0x5f, 0x74, 0x72, 0x75, 0x65, 0x20, 0x3a, 0x20, 0x5f,
    0x66, 0x61, 0x6c, 0x73, 0x65, 0x3b, 0x20, 0x7d, 0x0a, 0x69, 0x76, 0x65,
    0x63, 0x32, 0x20, 0x73, 0x65, 0x6c, 0x65, 0x63, 0x74, 0x28, 0x62, 0x76,
    0x65, 0x63, 0x32, 0x20, 0x5f, 0x63, 0x6f, 0x6e, 0x64, 0x2c, 0x20, 0x69,
    0x76, 0x65, 0x63, 0x32, 0x20, 0x5f, 0x74, 0x72, 0x75, 0x65, 0x2c, 0x20,
    0x69, 0x76, 0x65, 0x63, 0x32, 0x20, 0x5f, 0x66, 0x61, 0x6c, 0x73, 0x65,
    0x29, 0x20, 0x7b, 0x20, 0x72, 0x65, 0x74, 0x75, 0x72, 0x6e, 0x20, 0x28,
    0x69, 0x76, 0x65, 0x63, 0x32, 0x28, 0x5f, 0x63, 0x6f, 0x6e, 0x64, 0x29,
    0x20, 0x2a, 0x20, 0x5f, 0x74, 0x72, 0x75, 0x65, 0x29, 0x20, 0x2b, 0x20,
    0x28, 0x69, 0x76, 0x65, 0x63, 0x32, 0x28, 0x6e, 0x6f, 0x74, 0x28, 0x5f,
    0x63, 0x6f, 0x6e, 0x64, 0x29, 0x20, 0x29, 0x20, 0x2a, 0x20, 0x5f, 0x66,
    0x61, 0x6c, 0x73, 0x65, 0x29, 0x3b, 0x20, 0x7d, 0x0a, 0x69, 0x76, 0x65,
    0x63, 0x33, 0x20, 0x73, 0x65, 0x6c, 0x65, 0x63, 0x74, 0x28, 0x62, 0x76,
    0x65, 0x63, 0x33, 0x20, 0x5f, 0x63, 0x6f, 0x6e, 0x64, 0x2c, 0x20, 0x69,
    0x76, 0x65, 0x63, 0x33, 0x20, 0x5f, 0x74, 0x72, 0x75, 0x65, 0x2c, 0x20,
    0x69, 0x76, 0x65, 0x63, 0x33, 0x20, 0x5f, 0x66, 0x61, 0x6c, 0x73, 0x65,
    0x29, 0x20, 0x7b, 0x20, 0x72, 0x65, 0x74, 0x75, 0x72, 0x6e, 0x20, 0x28,
    0x69, 0x76, 0x65, 0x63, 0x33, 0x28, 0x5f, 0x63, 0x6f, 0x6e, 0x64, 0x29,
    0x20, 0x2a, 0x20, 0x5f, 0x74, 0x72, 0x75, 0x65, 0x29, 0x20, 0x2b, 0x20,
    0x28, 0x69, 0x76, 0x65, 0x63, 0x33, 0x28, 0x6e, 0x6f, 0x74, 0x28, 0x5f,
    0x63, 0x6f, 0x6e, 0x64, 0x29, 0x20, 0x29, 0x20, 0x2a, 0x20, 0x5f, 0x66,
    0x61, 0x6c, 0x73, 0x65, 0x29, 0x3b, 0x20, 0x7d, 0x0a, 0x69, 0x76, 0x65,
    0x63, 0x34, 0x20, 0x73, 0x65, 0x6c, 0x65, 0x63, 0x74, 0x28, 0x62, 0x76,
    0x65, 0x63, 0x34, 0x20, 0x5f, 0x63, 0x6f, 0x6e, 0x64, 0x2c, 0x20, 0x69,
    0x76, 0x65, 0x63, 0x34, 0x20, 0x5f, 0x74, 0x72, 0x75, 0x65, 0x2c, 0x20,
    0x69, 0x76, 0x65, 0x63, 0x34, 0x20, 0x5f, 0x66, 0x61, 0x6c, 0x73, 0x65,
    0x29, 0x20, 0x7b, 0x20, 0x72, 0x65, 0x74, 0x75, 0x72, 0x6e, 0x20, 0x28,
    0x69, 0x76, 0x65, 0x63, 0x34, 0x28, 0x5f, 0x63, 0x6f, 0x6e, 0x64, 0x29,
    0x20, 0x2a, 0x20, 0x5f, 0x74, 0x72, 0x75, 0x65, 0x29, 0x20, 0x2b, 0x20,
    0x28, 0x69, 0x76, 0x65, 0x63, 0x34, 0x28, 0x6e, 0x6f, 0x74, 0x28, 0x5f,
    0x63, 0x6f, 0x6e, 0x64, 0x29, 0x20, 0x29, 0x20, 0x2a, 0x20, 0x5f, 0x66,
    0x61, 0x6c, 0x73, 0x65, 0x29, 0x3b, 0x20, 0x7d, 0x0a, 0x75, 0x69, 0x6e,
    0x74, 0x20, 0x73, 0x65, 0x6c, 0x65, 0x63, 0x74, 0x28, 0x62, 0x6f, 0x6f,
    0x6c, 0x20, 0x5f, 0x63, 0x6f, 0x6e, 0x64, 0x2c, 0x20, 0x75, 0x69, 0x6e,
    0x74, 0x20, 0x5f, 0x74, 0x72, 0x75, 0x65, 0x2c, 0x20, 0x75, 0x69, 0x6e,
    0x74, 0x20, 0x5f, 0x66, 0x61, 0x6c, 0x73, 0x65, 0x29, 0x20, 0x7b, 0x20,
    0x72, 0x65, 0x74, 0x75, 0x72, 0x6e, 0x20, 0x5f, 0x63, 0x6f, 0x6e, 0x64,
    0x20, 0x3f, 0x20, 0x5f, 0x74, 0x72, 0x75, 0x65, 0x20, 0x3a, 0x20, 0x5f,
    0x66, 0x61, 0x6c, 0x73, 0x65, 0x3b, 0x20, 0x7d, 0x0a, 0x75, 0x76, 0x65,
    0x63, 0x32, 0x20, 0x73, 0x65, 0x6c, 0x65, 0x63, 0x74, 0x28, 0x62, 0x6f,
    0x6f, 0x6c, 0x20, 0x5f, 0x63, 0x6f, 0x6e, 0x64, 0x2c, 0x20, 0x75, 0x76,
    0x65, 0x63, 0x32, 0x20, 0x5f, 0x74, 0x72, 0x75, 0x65, 0x2c, 0x20, 0x75,
    0x76, 0x65, 0x63, 0x32, 0x20, 0x5f, 0x66, 0x61, 0x6c, 0x73, 0x65, 0x29,
    0x20, 0x7b, 0x20, 0x72, 0x65, 0x74, 0x75, 0x72, 0x6e, 0x20, 0x5f, 0x63,
    0x6f, 0x6e, 0x64, 0x20, 0x3f, 0x20, 0x5f, 0x74, 0x72, 0x75, 0x65, 0x20,
    0x3a, 0x20, 0x5f, 0x66, 0x61, 0x6c, 0x73, 0x65, 0x3b, 0x20, 0x7d, 0x0a,
    0x75, 0x76, 0x65, 0x63, 0x33, 0x20, 0x73, 0x65, 0x6c, 0x65, 0x63, 0x74,
    0x28, 0x62, 0x6f, 0x6f, 0x6c, 0x20, 0x5f, 0x63, 0x6f, 0x6e, 0x64, 0x2c,
    0x20, 0x75, 0x76, 0x65, 0x63, 0x33, 0x20, 0x5f, 0x74, 0x72, 0x75, 0x65,
    0x2c, 0x20, 0x75, 0x76, 0x65, 0x63, 0x33, 0x20, 0x5f, 0x66, 0x61, 0x6c,
    0x73, 0x65, 0x29, 0x20, 0x7b, 0x20, 0x72, 0x65, 0x74, 0x75, 0x72, 0x6e,
    0x20, 0x5f, 0x63, 0x6f, 0x6e, 0x64, 0x20, 0x3f, 0x20, 0x5f, 0x74, 0x72,
    0x75, 0x65, 0x20, 0x3a, 0x20, 0x5f, 0x66, 0x61, 0x6c, 0x73, 0x65, 0x3b,
    0x20, 0x7d, 0x0a, 0x75, 0x76, 0x65, 0x63, 0x34, 0x20, 0x73, 0x65, 0x6c,
    0x65, 0x63, 0x74, 0x28, 0x62, 0x6f, 0x6f, 0x6c, 0x20, 0x5f, 0x63, 0x6f,
    0x6e, 0x64, 0x2c, 0x20, 0x75, 0x76, 0x65, 0x63, 0x34, 0x20, 0x5f, 0x74,
    0x72, 0x75, 0x65, 0x2c, 0x20, 0x75, 0x76, 0x65, 0x63, 0x34, 0x20, 0x5f,
    0x66, 0x61, 0x6c, 0x73, 0x65, 0x29, 0x20, 0x7b, 0x20, 0x72, 0x65, 0x74,
    0x75, 0x72, 0x6e, 0x20, 0x5f, 0x63, 0x6f, 0x6e, 0x64, 0x20, 0x3f, 0x20,
    0x5f, 0x74, 0x72, 0x75, 0x65, 0x20, 0x3a, 0x20, 0x5f, 0x66, 0x61, 0x6c,
    0x73, 0x65, 0x3b, 0x20, 0x7d, 0x0a, 0x75, 0x76, 0x65, 0x63, 0x32, 0x20,
    0x73, 0x65, 0x6c, 0x65, 0x63, 0x74, 0x28, 0x62, 0x76, 0x65, 0x63, 0x32,
    0x20, 0x5f, 0x63, 0x6f, 0x6e, 0x64, 0x2c, 0x20, 0x75, 0x76, 0x65, 0x63,
    0x32, 0x20, 0x5f, 0x74, 0x72, 0x75, 0x65, 0x2c, 0x20, 0x75, 0x76, 0x65,
    0x63, 0x32, 0x20, 0x5f, 0x66, 0x61, 0x6c, 0x73, 0x65, 0x29, 0x20, 0x7b,
    0x20, 0x72, 0x65, 0x74, 0x75, 0x72, 0x6e, 0x20, 0x28, 0x75, 0x76, 0x65,
    0x63, 0x32, 0x28, 0x5f, 0x63, 0x6f, 0x6e, 0x64, 0x29, 0x20, 0x2a, 0x20,
    0x5f, 0x74, 0x72, 0x75, 0x65, 0x29, 0x20, 0x2b, 0x20, 0x28, 0x75, 0x76,
    0x65, 0x63, 0x32, 0x28, 0x6e, 0x6f, 0x74, 0x28, 0x5f, 0x63, 0x6f, 0x6e,
    0x64, 0x29, 0x20, 0x29, 0x20, 0x2a, 0x20, 0x5f, 0x66, 0x61, 0x6c, 0x73,
    0x65, 0x29, 0x3b, 0x20, 0x7d, 0x0a, 0x75, 0x76, 0x65, 0x63, 0x33, 0x20,
    0x73, 0x65, 0x6c, 0x65, 0x63, 0x74, 0x28, 0x62, 0x76, 0x65, 0x63, 0x33,
    0x20, 0x5f, 0x63, 0x6f, 0x6e, 0x64, 0x2c, 0x20, 0x75, 0x76, 0x65, 0x63,
    0x33, 0x20, 0x5f, 0x74, 0x72, 0x75, 0x65, 0x2c, 0x20, 0x75, 0x76, 0x65,
    0x63, 0x33, 0x20, 0x5f, 0x66, 0x61, 0x6c, 0x73, 0x65, 0x29, 0x20, 0x7b,
    0x20, 0x72, 0x65, 0x74, 0x75, 0x72, 0x6e, 0x20, 0x28, 0x75, 0x76, 0x65,
    0x63, 0x33, 0x28, 0x5f, 0x63, 0x6f, 0x6e, 0x64, 0x29, 0x20, 0x2a, 0x20,
    0x5f, 0x74, 0x72, 0x75, 0x65, 0x29, 0x20, 0x2b, 0x20, 0x28, 0x75, 0x76,
    0x65, 0x63, 0x33, 0x28, 0x6e, 0x6f, 0x74, 0x28, 0x5f, 0x63, 0x6f, 0x6e,
    0x64, 0x29, 0x20, 0x29, 0x20, 0x2a, 0x20, 0x5f, 0x66, 0x61, 0x6c, 0x73,
    0x65, 0x29, 0x3b, 0x20, 0x7d, 0x0a, 0x75, 0x76, 0x65, 0x63, 0x34, 0x20,
    0x73, 0x65, 0x6c, 0x65, 0x63, 0x74, 0x28, 0x62, 0x76, 0x65, 0x63, 0x34,
    0x20, 0x5f, 0x63, 0x6f, 0x6e, 0x64, 0x2c, 0x20, 0x75, 0x76, 0x65, 0x63,
    0x34, 0x20, 0x5f, 0x74, 0x72, 0x75, 0x65, 0x2c, 0x20, 0x75, 0x76, 0x65,
    0x63, 0x34, 0x20, 0x5f, 0x66, 0x61, 0x6c, 0x73, 0x65, 0x29, 0x20, 0x7b,
    0x20, 0x72, 0x65, 0x74, 0x75, 0x72, 0x6e, 0x20, 0x28, 0x75, 0x76, 0x65,
    0x63, 0x34, 0x28, 0x5f, 0x63, 0x6f, 0x6e, 0x64, 0x29, 0x20, 0x2a, 0x20,
    0x5f, 0x74, 0x72, 0x75, 0x65, 0x29, 0x20, 0x2b, 0x20, 0x28, 0x75, 0x76,
    0x65, 0x63, 0x34, 0x28, 0x6e, 0x6f, 0x74, 0x28, 0x5f, 0x63, 0x6f, 0x6e,
    0x64, 0x29, 0x20, 0x29, 0x20, 0x2a, 0x20, 0x5f, 0x66, 0x61, 0x6c, 0x73,
    0x65, 0x29, 0x3b, 0x20, 0x7d, 0x0a, 0x75, 0x6e, 0x69, 0x66, 0x6f, 0x72,
    0x6d, 0x20, 0x76, 0x65, 0x63, 0x34, 0x20, 0x75, 0x5f, 0x76, 0x69, 0x65,
    0x77, 0x52, 0x65, 0x63, 0x74, 0x3b, 0x0a, 0x75, 0x6e, 0x69, 0x66, 0x6f,
    0x72, 0x6d, 0x20, 0x76, 0x65, 0x63, 0x34, 0x20, 0x75, 0x5f, 0x76, 0x69,
    0x65, 0x77, 0x54, 0x65, 0x78, 0x65, 0x6c, 0x3b, 0x0a, 0x75, 0x6e, 0x69,
    0x66, 0x6f, 0x72, 0x6d, 0x20, 0x6d, 0x61, 0x74, 0x34, 0x20, 0x75, 0x5f,
    0x76, 0x69, 0x65, 0x77, 0x3b, 0x0a, 0x75, 0x6e, 0x69, 0x66, 0x6f, 0x72,
    0x6d, 0x20, 0x6d, 0x61, 0x74, 0x34, 0x20, 0x75, 0x5f, 0x69, 0x6e, 0x76,
    0x56, 0x69, 0x65, 0x77, 0x3b, 0x0a, 0x75, 0x6e, 0x69, 0x66, 0x6f, 0x72,
    0x6d, 0x20, 0x6d, 0x61, 0x74, 0x34, 0x20, 0x75, 0x5f, 0x70, 0x72, 0x6f,
    0x6a, 0x3b, 0x0a, 0x75, 0x6e, 0x69, 0x66, 0x6f, 0x72, 0x6d, 0x20, 0x6d,
    0x61, 0x74, 0x34, 0x20, 0x75, 0x5f, 0x69, 0x6e, 0x76, 0x50, 0x72, 0x6f,
    0x6a, 0x3b, 0x0a, 0x75, 0x6e, 0x69, 0x66, 0x6f, 0x72, 0x6d, 0x20, 0x6d,
    0x61, 0x74, 0x34, 0x20, 0x75, 0x5f, 0x76, 0x69, 0x65, 0x77, 0x50, 0x72,
    0x6f, 0x6a, 0x3b, 0x0a, 0x75, 0x6e, 0x69, 0x66, 0x6f, 0x72, 0x6d, 0x20,
    0x6d, 0x61, 0x74, 0x34, 0x20, 0x75, 0x5f, 0x69, 0x6e, 0x76, 0x56, 0x69,
    0x65, 0x77, 0x50, 0x72, 0x6f, 0x6a, 0x3b, 0x0a, 0x75, 0x6e, 0x69, 0x66,
    0x6f, 0x72, 0x6d, 0x20, 0x6d, 0x61, 0x74, 0x34, 0x20, 0x75, 0x5f, 0x6d,
    0x6f, 0x64, 0x65, 0x6c, 0x56, 0x69, 0x65, 0x77, 0x3b, 0x0a, 0x75, 0x6e,
    0x69, 0x66, 0x6f, 0x72, 0x6d, 0x20, 0x6d, 0x61, 0x74, 0x34, 0x20, 0x75,
    0x5f, 0x69, 0x6e, 0x76, 0x4d, 0x6f, 0x64, 0x65, 0x6c, 0x56, 0x69, 0x65,
    0x77, 0x3b, 0x0a, 0x75, 0x6e, 0x69, 0x66, 0x6f, 0x72, 0x6d, 0x20, 0x6d,
    0x61, 0x74, 0x34, 0x20, 0x75, 0x5f, 0x6d, 0x6f, 0x64, 0x65, 0x6c, 0x56,
    0x69, 0x65, 0x77, 0x50, 0x72, 0x6f, 0x6a, 0x3b, 0x0a, 0x75, 0x6e, 0x69,
    0x66, 0x6f, 0x72, 0x6d, 0x20, 0x76, 0x65, 0x63, 0x34, 0x20, 0x75, 0x5f,
    0x61, 0x6c, 0x70, 0x68, 0x61, 0x52, 0x65, 0x66, 0x34, 0x3b, 0x0a, 0x75,
    0x6e, 0x69, 0x66, 0x6f, 0x72, 0x6d, 0x20, 0x6d, 0x61, 0x74, 0x34, 0x20,
    0x75, 0x5f, 0x6d, 0x6f, 0x64, 0x65, 0x6c, 0x5b, 0x31, 0x5d, 0x3b, 0x0a,
    0x75, 0x6e, 0x69, 0x66, 0x6f, 0x72, 0x6d, 0x20, 0x76, 0x65, 0x63, 0x34,
    0x20, 0x41, 0x66, 0x66, 0x69, 0x6e, 0x65, 0x50, 0x61, 0x72, 0x61, 0x6d,
    0x73, 0x5b, 0x34, 0x5d, 0x3b, 0x0a, 0x76, 0x6f, 0x69, 0x64, 0x20, 0x6d,
    0x61, 0x69, 0x6e, 0x28, 0x29, 0x0a, 0x7b, 0x0a, 0x76, 0x65, 0x63, 0x32,
    0x20, 0x70, 0x6f, 0x73, 0x20, 0x3d, 0x20, 0x61, 0x5f, 0x70, 0x6f, 0x73,
    0x69, 0x74, 0x69, 0x6f, 0x6e, 0x3b, 0x0a, 0x66, 0x6c, 0x6f, 0x61, 0x74,
    0x20, 0x61, 0x20, 0x3d, 0x20, 0x41, 0x66, 0x66, 0x69, 0x6e, 0x65, 0x50,
    0x61, 0x72, 0x61, 0x6d, 0x73, 0x5b, 0x30, 0x5d, 0x2e, 0x78, 0x3b, 0x0a,
    0x66, 0x6c, 0x6f, 0x61, 0x74, 0x20, 0x63, 0x20, 0x3d, 0x20, 0x41, 0x66,
    0x66, 0x69, 0x6e, 0x65, 0x50, 0x61, 0x72, 0x61, 0x6d, 0x73, 0x5b, 0x30,
    0x5d, 0x2e, 0x79, 0x3b, 0x0a, 0x66, 0x6c, 0x6f, 0x61, 0x74, 0x20, 0x74,
    0x78, 0x20, 0x3d, 0x20, 0x41, 0x66, 0x66, 0x69, 0x6e, 0x65, 0x50, 0x61,
    0x72, 0x61, 0x6d, 0x73, 0x5b, 0x30, 0x5d, 0x2e, 0x7a, 0x3b, 0x0a, 0x66,
    0x6c, 0x6f, 0x61, 0x74, 0x20, 0x62, 0x20, 0x3d, 0x20, 0x41, 0x66, 0x66,
    0x69, 0x6e, 0x65, 0x50, 0x61, 0x72, 0x61, 0x6d, 0x73, 0x5b, 0x31, 0x5d,
    0x2e, 0x78, 0x3b, 0x0a, 0x66, 0x6c, 0x6f, 0x61, 0x74, 0x20, 0x64, 0x20,
    0x3d, 0x20, 0x41, 0x66, 0x66, 0x69, 0x6e, 0x65, 0x50, 0x61, 0x72, 0x61,
    0x6d, 0x73, 0x5b, 0x31, 0x5d, 0x2e, 0x79, 0x3b, 0x0a, 0x66, 0x6c, 0x6f,
    0x61, 0x74, 0x20, 0x74, 0x79, 0x20, 0x3d, 0x20, 0x41, 0x66, 0x66, 0x69,
    0x6e, 0x65, 0x50, 0x61, 0x72, 0x61, 0x6d, 0x73, 0x5b, 0x31, 0x5d, 0x2e,
    0x7a, 0x3b, 0x0a, 0x76, 0x65, 0x63, 0x32, 0x20, 0x74, 0x70, 0x3b, 0x0a,
    0x74, 0x70, 0x2e, 0x78, 0x20, 0x3d, 0x20, 0x61, 0x20, 0x2a, 0x20, 0x70,
    0x6f, 0x73, 0x2e, 0x78, 0x20, 0x2b, 0x20, 0x63, 0x20, 0x2a, 0x20, 0x70,
    0x6f, 0x73, 0x2e, 0x79, 0x20, 0x2b, 0x20, 0x74, 0x78, 0x3b, 0x0a, 0x74,
    0x70, 0x2e, 0x79, 0x20, 0x3d, 0x20, 0x62, 0x20, 0x2a, 0x20, 0x70, 0x6f,
    0x73, 0x2e, 0x78, 0x20, 0x2b, 0x20, 0x64, 0x20, 0x2a, 0x20, 0x70, 0x6f,
    0x73, 0x2e, 0x79, 0x20, 0x2b, 0x20, 0x74, 0x79, 0x3b, 0x0a, 0x76, 0x65,
    0x63, 0x34, 0x20, 0x73, 0x72, 0x63, 0x52, 0x20, 0x3d, 0x20, 0x41, 0x66,
    0x66, 0x69, 0x6e, 0x65, 0x50, 0x61, 0x72, 0x61, 0x6d, 0x73, 0x5b, 0x32,
    0x5d, 0x3b, 0x0a, 0x76, 0x5f, 0x74, 0x65, 0x78, 0x63, 0x6f, 0x6f, 0x72,
    0x64, 0x30, 0x20, 0x3d, 0x20, 0x73, 0x72, 0x63, 0x52, 0x2e, 0x78, 0x79,
    0x20, 0x2b, 0x20, 0x74, 0x70, 0x20, 0x2a, 0x20, 0x73, 0x72, 0x63, 0x52,
    0x2e, 0x7a, 0x77, 0x3b, 0x0a, 0x67, 0x6c, 0x5f, 0x50, 0x6f, 0x73, 0x69,
    0x74, 0x69, 0x6f, 0x6e, 0x20, 0x3d, 0x20, 0x76, 0x65, 0x63, 0x34, 0x28,
    0x61, 0x5f, 0x70, 0x6f, 0x73, 0x69, 0x74, 0x69, 0x6f, 0x6e, 0x20, 0x2a,
    0x20, 0x32, 0x2e, 0x30, 0x20, 0x2d, 0x20, 0x31, 0x2e, 0x30, 0x2c, 0x20,
    0x30, 0x2e, 0x30, 0x2c, 0x20, 0x31, 0x2e, 0x30, 0x29, 0x3b, 0x0a, 0x7d,
    0x0a, 0x00,
};
const size_t kEmbeddedGL_affine_blt_vs_size = sizeof(kEmbeddedGL_affine_blt_vs);

const uint8_t kEmbeddedGL_fs_texture[] = {
    0x46, 0x53, 0x48, 0x0b, 0x6f, 0x1e, 0x3e, 0x3c, 0x00, 0x00, 0x00, 0x00,
    0x00, 0x00, 0xbe, 0x12, 0x00, 0x00, 0x23, 0x76, 0x65, 0x72, 0x73, 0x69,
    0x6f, 0x6e, 0x20, 0x34, 0x33, 0x30, 0x0a, 0x23, 0x64, 0x65, 0x66, 0x69,
    0x6e, 0x65, 0x20, 0x74, 0x65, 0x78, 0x74, 0x75, 0x72, 0x65, 0x32, 0x44,
    0x20, 0x20, 0x20, 0x20, 0x20, 0x20, 0x20, 0x20, 0x20, 0x20, 0x74, 0x65,
    0x78, 0x74, 0x75, 0x72, 0x65, 0x0a, 0x23, 0x64, 0x65, 0x66, 0x69, 0x6e,
    0x65, 0x20, 0x74, 0x65, 0x78, 0x74, 0x75, 0x72, 0x65, 0x32, 0x44, 0x4c,
    0x6f, 0x64, 0x20, 0x20, 0x20, 0x20, 0x20, 0x20, 0x20, 0x74, 0x65, 0x78,
    0x74, 0x75, 0x72, 0x65, 0x4c, 0x6f, 0x64, 0x0a, 0x23, 0x64, 0x65, 0x66,
    0x69, 0x6e, 0x65, 0x20, 0x74, 0x65, 0x78, 0x74, 0x75, 0x72, 0x65, 0x32,
    0x44, 0x47, 0x72, 0x61, 0x64, 0x20, 0x20, 0x20, 0x20, 0x20, 0x20, 0x74,
    0x65, 0x78, 0x74, 0x75, 0x72, 0x65, 0x47, 0x72, 0x61, 0x64, 0x0a, 0x23,
    0x64, 0x65, 0x66, 0x69, 0x6e, 0x65, 0x20, 0x74, 0x65, 0x78, 0x74, 0x75,
    0x72, 0x65, 0x32, 0x44, 0x50, 0x72, 0x6f, 0x6a, 0x4c, 0x6f, 0x64, 0x20,
    0x20, 0x20, 0x74, 0x65, 0x78, 0x74, 0x75, 0x72, 0x65, 0x50, 0x72, 0x6f,
    0x6a, 0x4c, 0x6f, 0x64, 0x0a, 0x23, 0x64, 0x65, 0x66, 0x69, 0x6e, 0x65,
    0x20, 0x74, 0x65, 0x78, 0x74, 0x75, 0x72, 0x65, 0x32, 0x44, 0x50, 0x72,
    0x6f, 0x6a, 0x47, 0x72, 0x61, 0x64, 0x20, 0x20, 0x74, 0x65, 0x78, 0x74,
    0x75, 0x72, 0x65, 0x50, 0x72, 0x6f, 0x6a, 0x47, 0x72, 0x61, 0x64, 0x0a,
    0x23, 0x64, 0x65, 0x66, 0x69, 0x6e, 0x65, 0x20, 0x74, 0x65, 0x78, 0x74,
    0x75, 0x72, 0x65, 0x43, 0x75, 0x62, 0x65, 0x4c, 0x6f, 0x64, 0x20, 0x20,
    0x20, 0x20, 0x20, 0x74, 0x65, 0x78, 0x74, 0x75, 0x72, 0x65, 0x4c, 0x6f,
    0x64, 0x0a, 0x23, 0x64, 0x65, 0x66, 0x69, 0x6e, 0x65, 0x20, 0x74, 0x65,
    0x78, 0x74, 0x75, 0x72, 0x65, 0x43, 0x75, 0x62, 0x65, 0x47, 0x72, 0x61,
    0x64, 0x20, 0x20, 0x20, 0x20, 0x74, 0x65, 0x78, 0x74, 0x75, 0x72, 0x65,
    0x47, 0x72, 0x61, 0x64, 0x0a, 0x23, 0x64, 0x65, 0x66, 0x69, 0x6e, 0x65,
    0x20, 0x74, 0x65, 0x78, 0x74, 0x75, 0x72, 0x65, 0x33, 0x44, 0x20, 0x20,
    0x20, 0x20, 0x20, 0x20, 0x20, 0x20, 0x20, 0x20, 0x74, 0x65, 0x78, 0x74,
    0x75, 0x72, 0x65, 0x0a, 0x23, 0x64, 0x65, 0x66, 0x69, 0x6e, 0x65, 0x20,
    0x74, 0x65, 0x78, 0x74, 0x75, 0x72, 0x65, 0x32, 0x44, 0x4c, 0x6f, 0x64,
    0x4f, 0x66, 0x66, 0x73, 0x65, 0x74, 0x20, 0x74, 0x65, 0x78, 0x74, 0x75,
    0x72, 0x65, 0x4c, 0x6f, 0x64, 0x4f, 0x66, 0x66, 0x73, 0x65, 0x74, 0x0a,
    0x23, 0x64, 0x65, 0x66, 0x69, 0x6e, 0x65, 0x20, 0x61, 0x74, 0x74, 0x72,
    0x69, 0x62, 0x75, 0x74, 0x65, 0x20, 0x69, 0x6e, 0x0a, 0x23, 0x64, 0x65,
    0x66, 0x69, 0x6e, 0x65, 0x20, 0x76, 0x61, 0x72, 0x79, 0x69, 0x6e, 0x67,
    0x20, 0x69, 0x6e, 0x0a, 0x23, 0x64, 0x65, 0x66, 0x69, 0x6e, 0x65, 0x20,
    0x62, 0x67, 0x66, 0x78, 0x53, 0x68, 0x61, 0x64, 0x6f, 0x77, 0x32, 0x44,
    0x28, 0x5f, 0x73, 0x61, 0x6d, 0x70, 0x6c, 0x65, 0x72, 0x2c, 0x20, 0x5f,
    0x63, 0x6f, 0x6f, 0x72, 0x64, 0x29, 0x20, 0x20, 0x20, 0x20, 0x20, 0x76,
    0x65, 0x63, 0x34, 0x5f, 0x73, 0x70, 0x6c, 0x61, 0x74, 0x28, 0x74, 0x65,
    0x78, 0x74, 0x75, 0x72, 0x65, 0x28, 0x5f, 0x73, 0x61, 0x6d, 0x70, 0x6c,
    0x65, 0x72, 0x2c, 0x20, 0x5f, 0x63, 0x6f, 0x6f, 0x72, 0x64, 0x29, 0x20,
    0x29, 0x0a, 0x23, 0x64, 0x65, 0x66, 0x69, 0x6e, 0x65, 0x20, 0x62, 0x67,
    0x66, 0x78, 0x53, 0x68, 0x61, 0x64, 0x6f, 0x77, 0x32, 0x44, 0x50, 0x72,
    0x6f, 0x6a, 0x28, 0x5f, 0x73, 0x61, 0x6d, 0x70, 0x6c, 0x65, 0x72, 0x2c,
    0x20, 0x5f, 0x63, 0x6f, 0x6f, 0x72, 0x64, 0x29, 0x20, 0x76, 0x65, 0x63,
    0x34, 0x5f, 0x73, 0x70, 0x6c, 0x61, 0x74, 0x28, 0x74, 0x65, 0x78, 0x74,
    0x75, 0x72, 0x65, 0x50, 0x72, 0x6f, 0x6a, 0x28, 0x5f, 0x73, 0x61, 0x6d,
    0x70, 0x6c, 0x65, 0x72, 0x2c, 0x20, 0x5f, 0x63, 0x6f, 0x6f, 0x72, 0x64,
    0x29, 0x20, 0x29, 0x0a, 0x76, 0x61, 0x72, 0x79, 0x69, 0x6e, 0x67, 0x20,
    0x76, 0x65, 0x63, 0x32, 0x20, 0x76, 0x5f, 0x74, 0x65, 0x78, 0x63, 0x6f,
    0x6f, 0x72, 0x64, 0x30, 0x3b, 0x0a, 0x66, 0x6c, 0x6f, 0x61, 0x74, 0x20,
    0x72, 0x63, 0x70, 0x28, 0x66, 0x6c, 0x6f, 0x61, 0x74, 0x20, 0x5f, 0x61,
    0x29, 0x20, 0x7b, 0x20, 0x72, 0x65, 0x74, 0x75, 0x72, 0x6e, 0x20, 0x31,
    0x2e, 0x30, 0x2f, 0x5f, 0x61, 0x3b, 0x20, 0x7d, 0x0a, 0x76, 0x65, 0x63,
    0x32, 0x20, 0x72, 0x63, 0x70, 0x28, 0x76, 0x65, 0x63, 0x32, 0x20, 0x5f,
    0x61, 0x29, 0x20, 0x7b, 0x20, 0x72, 0x65, 0x74, 0x75, 0x72, 0x6e, 0x20,
    0x76, 0x65, 0x63, 0x32, 0x28, 0x31, 0x2e, 0x30, 0x29, 0x2f, 0x5f, 0x61,
    0x3b, 0x20, 0x7d, 0x0a, 0x76, 0x65, 0x63, 0x33, 0x20, 0x72, 0x63, 0x70,
    0x28, 0x76, 0x65, 0x63, 0x33, 0x20, 0x5f, 0x61, 0x29, 0x20, 0x7b, 0x20,
    0x72, 0x65, 0x74, 0x75, 0x72, 0x6e, 0x20, 0x76, 0x65, 0x63, 0x33, 0x28,
    0x31, 0x2e, 0x30, 0x29, 0x2f, 0x5f, 0x61, 0x3b, 0x20, 0x7d, 0x0a, 0x76,
    0x65, 0x63, 0x34, 0x20, 0x72, 0x63, 0x70, 0x28, 0x76, 0x65, 0x63, 0x34,
    0x20, 0x5f, 0x61, 0x29, 0x20, 0x7b, 0x20, 0x72, 0x65, 0x74, 0x75, 0x72,
    0x6e, 0x20, 0x76, 0x65, 0x63, 0x34, 0x28, 0x31, 0x2e, 0x30, 0x29, 0x2f,
    0x5f, 0x61, 0x3b, 0x20, 0x7d, 0x0a, 0x76, 0x65, 0x63, 0x32, 0x20, 0x76,
    0x65, 0x63, 0x32, 0x5f, 0x73, 0x70, 0x6c, 0x61, 0x74, 0x28, 0x66, 0x6c,
    0x6f, 0x61, 0x74, 0x20, 0x5f, 0x78, 0x29, 0x20, 0x7b, 0x20, 0x72, 0x65,
    0x74, 0x75, 0x72, 0x6e, 0x20, 0x76, 0x65, 0x63, 0x32, 0x28, 0x5f, 0x78,
    0x2c, 0x20, 0x5f, 0x78, 0x29, 0x3b, 0x20, 0x7d, 0x0a, 0x76, 0x65, 0x63,
    0x33, 0x20, 0x76, 0x65, 0x63, 0x33, 0x5f, 0x73, 0x70, 0x6c, 0x61, 0x74,
    0x28, 0x66, 0x6c, 0x6f, 0x61, 0x74, 0x20, 0x5f, 0x78, 0x29, 0x20, 0x7b,
    0x20, 0x72, 0x65, 0x74, 0x75, 0x72, 0x6e, 0x20, 0x76, 0x65, 0x63, 0x33,
    0x28, 0x5f, 0x78, 0x2c, 0x20, 0x5f, 0x78, 0x2c, 0x20, 0x5f, 0x78, 0x29,
    0x3b, 0x20, 0x7d, 0x0a, 0x76, 0x65, 0x63, 0x34, 0x20, 0x76, 0x65, 0x63,
    0x34, 0x5f, 0x73, 0x70, 0x6c, 0x61, 0x74, 0x28, 0x66, 0x6c, 0x6f, 0x61,
    0x74, 0x20, 0x5f, 0x78, 0x29, 0x20, 0x7b, 0x20, 0x72, 0x65, 0x74, 0x75,
    0x72, 0x6e, 0x20, 0x76, 0x65, 0x63, 0x34, 0x28, 0x5f, 0x78, 0x2c, 0x20,
    0x5f, 0x78, 0x2c, 0x20, 0x5f, 0x78, 0x2c, 0x20, 0x5f, 0x78, 0x29, 0x3b,
    0x20, 0x7d, 0x0a, 0x75, 0x76, 0x65, 0x63, 0x32, 0x20, 0x75, 0x76, 0x65,
    0x63, 0x32, 0x5f, 0x73, 0x70, 0x6c, 0x61, 0x74, 0x28, 0x75, 0x69, 0x6e,
    0x74, 0x20, 0x5f, 0x78, 0x29, 0x20, 0x7b, 0x20, 0x72, 0x65, 0x74, 0x75,
    0x72, 0x6e, 0x20, 0x75, 0x76, 0x65, 0x63, 0x32, 0x28, 0x5f, 0x78, 0x2c,
    0x20, 0x5f, 0x78, 0x29, 0x3b, 0x20, 0x7d, 0x0a, 0x75, 0x76, 0x65, 0x63,
    0x33, 0x20, 0x75, 0x76, 0x65, 0x63, 0x33, 0x5f, 0x73, 0x70, 0x6c, 0x61,
    0x74, 0x28, 0x75, 0x69, 0x6e, 0x74, 0x20, 0x5f, 0x78, 0x29, 0x20, 0x7b,
    0x20, 0x72, 0x65, 0x74, 0x75, 0x72, 0x6e, 0x20, 0x75, 0x76, 0x65, 0x63,
    0x33, 0x28, 0x5f, 0x78, 0x2c, 0x20, 0x5f, 0x78, 0x2c, 0x20, 0x5f, 0x78,
    0x29, 0x3b, 0x20, 0x7d, 0x0a, 0x75, 0x76, 0x65, 0x63, 0x34, 0x20, 0x75,
    0x76, 0x65, 0x63, 0x34, 0x5f, 0x73, 0x70, 0x6c, 0x61, 0x74, 0x28, 0x75,
    0x69, 0x6e, 0x74, 0x20, 0x5f, 0x78, 0x29, 0x20, 0x7b, 0x20, 0x72, 0x65,
    0x74, 0x75, 0x72, 0x6e, 0x20, 0x75, 0x76, 0x65, 0x63, 0x34, 0x28, 0x5f,
    0x78, 0x2c, 0x20, 0x5f, 0x78, 0x2c, 0x20, 0x5f, 0x78, 0x2c, 0x20, 0x5f,
    0x78, 0x29, 0x3b, 0x20, 0x7d, 0x0a, 0x6d, 0x61, 0x74, 0x34, 0x20, 0x6d,
    0x74, 0x78, 0x46, 0x72, 0x6f, 0x6d, 0x52, 0x6f, 0x77, 0x73, 0x28, 0x76,
    0x65, 0x63, 0x34, 0x20, 0x5f, 0x30, 0x2c, 0x20, 0x76, 0x65, 0x63, 0x34,
    0x20, 0x5f, 0x31, 0x2c, 0x20, 0x76, 0x65, 0x63, 0x34, 0x20, 0x5f, 0x32,
    0x2c, 0x20, 0x76, 0x65, 0x63, 0x34, 0x20, 0x5f, 0x33, 0x29, 0x0a, 0x7b,
    0x0a, 0x72, 0x65, 0x74, 0x75, 0x72, 0x6e, 0x20, 0x74, 0x72, 0x61, 0x6e,
    0x73, 0x70, 0x6f, 0x73, 0x65, 0x28, 0x6d, 0x61, 0x74, 0x34, 0x28, 0x5f,
    0x30, 0x2c, 0x20, 0x5f, 0x31, 0x2c, 0x20, 0x5f, 0x32, 0x2c, 0x20, 0x5f,
    0x33, 0x29, 0x20, 0x29, 0x3b, 0x0a, 0x7d, 0x0a, 0x6d, 0x61, 0x74, 0x34,
    0x20, 0x6d, 0x74, 0x78, 0x46, 0x72, 0x6f, 0x6d, 0x43, 0x6f, 0x6c, 0x73,
    0x28, 0x76, 0x65, 0x63, 0x34, 0x20, 0x5f, 0x30, 0x2c, 0x20, 0x76, 0x65,
    0x63, 0x34, 0x20, 0x5f, 0x31, 0x2c, 0x20, 0x76, 0x65, 0x63, 0x34, 0x20,
    0x5f, 0x32, 0x2c, 0x20, 0x76, 0x65, 0x63, 0x34, 0x20, 0x5f, 0x33, 0x29,
    0x0a, 0x7b, 0x0a, 0x72, 0x65, 0x74, 0x75, 0x72, 0x6e, 0x20, 0x6d, 0x61,
    0x74, 0x34, 0x28, 0x5f, 0x30, 0x2c, 0x20, 0x5f, 0x31, 0x2c, 0x20, 0x5f,
    0x32, 0x2c, 0x20, 0x5f, 0x33, 0x29, 0x3b, 0x0a, 0x7d, 0x0a, 0x6d, 0x61,
    0x74, 0x33, 0x20, 0x6d, 0x74, 0x78, 0x46, 0x72, 0x6f, 0x6d, 0x52, 0x6f,
    0x77, 0x73, 0x28, 0x76, 0x65, 0x63, 0x33, 0x20, 0x5f, 0x30, 0x2c, 0x20,
    0x76, 0x65, 0x63, 0x33, 0x20, 0x5f, 0x31, 0x2c, 0x20, 0x76, 0x65, 0x63,
    0x33, 0x20, 0x5f, 0x32, 0x29, 0x0a, 0x7b, 0x0a, 0x72, 0x65, 0x74, 0x75,
    0x72, 0x6e, 0x20, 0x74, 0x72, 0x61, 0x6e, 0x73, 0x70, 0x6f, 0x73, 0x65,
    0x28, 0x6d, 0x61, 0x74, 0x33, 0x28, 0x5f, 0x30, 0x2c, 0x20, 0x5f, 0x31,
    0x2c, 0x20, 0x5f, 0x32, 0x29, 0x20, 0x29, 0x3b, 0x0a, 0x7d, 0x0a, 0x6d,
    0x61, 0x74, 0x33, 0x20, 0x6d, 0x74, 0x78, 0x46, 0x72, 0x6f, 0x6d, 0x43,
    0x6f, 0x6c, 0x73, 0x28, 0x76, 0x65, 0x63, 0x33, 0x20, 0x5f, 0x30, 0x2c,
    0x20, 0x76, 0x65, 0x63, 0x33, 0x20, 0x5f, 0x31, 0x2c, 0x20, 0x76, 0x65,
    0x63, 0x33, 0x20, 0x5f, 0x32, 0x29, 0x0a, 0x7b, 0x0a, 0x72, 0x65, 0x74,
    0x75, 0x72, 0x6e, 0x20, 0x6d, 0x61, 0x74, 0x33, 0x28, 0x5f, 0x30, 0x2c,
    0x20, 0x5f, 0x31, 0x2c, 0x20, 0x5f, 0x32, 0x29, 0x3b, 0x0a, 0x7d, 0x0a,
    0x6d, 0x61, 0x74, 0x34, 0x78, 0x33, 0x20, 0x6d, 0x74, 0x78, 0x46, 0x72,
    0x6f, 0x6d, 0x52, 0x6f, 0x77, 0x73, 0x28, 0x76, 0x65, 0x63, 0x34, 0x20,
    0x5f, 0x30, 0x2c, 0x20, 0x76, 0x65, 0x63, 0x34, 0x20, 0x5f, 0x31, 0x2c,
    0x20, 0x76, 0x65, 0x63, 0x34, 0x20, 0x5f, 0x32, 0x29, 0x0a, 0x7b, 0x0a,
    0x72, 0x65, 0x74, 0x75, 0x72, 0x6e, 0x20, 0x74, 0x72, 0x61, 0x6e, 0x73,
    0x70, 0x6f, 0x73, 0x65, 0x28, 0x6d, 0x61, 0x74, 0x33, 0x78, 0x34, 0x28,
    0x5f, 0x30, 0x2c, 0x20, 0x5f, 0x31, 0x2c, 0x20, 0x5f, 0x32, 0x29, 0x20,
    0x29, 0x3b, 0x0a, 0x7d, 0x0a, 0x76, 0x65, 0x63, 0x33, 0x20, 0x6d, 0x74,
    0x78, 0x47, 0x65, 0x74, 0x52, 0x6f, 0x77, 0x28, 0x6d, 0x61, 0x74, 0x33,
    0x20, 0x5f, 0x6d, 0x74, 0x78, 0x2c, 0x20, 0x69, 0x6e, 0x74, 0x20, 0x5f,
    0x72, 0x6f, 0x77, 0x29, 0x0a, 0x7b, 0x0a, 0x72, 0x65, 0x74, 0x75, 0x72,
    0x6e, 0x20, 0x76, 0x65, 0x63, 0x33, 0x28, 0x5f, 0x6d, 0x74, 0x78, 0x5b,
    0x30, 0x5d, 0x5b, 0x5f, 0x72, 0x6f, 0x77, 0x5d, 0x2c, 0x20, 0x5f, 0x6d,
    0x74, 0x78, 0x5b, 0x31, 0x5d, 0x5b, 0x5f, 0x72, 0x6f, 0x77, 0x5d, 0x2c,
    0x20, 0x5f, 0x6d, 0x74, 0x78, 0x5b, 0x32, 0x5d, 0x5b, 0x5f, 0x72, 0x6f,
    0x77, 0x5d, 0x29, 0x3b, 0x0a, 0x7d, 0x0a, 0x76, 0x65, 0x63, 0x33, 0x20,
    0x6d, 0x74, 0x78, 0x47, 0x65, 0x74, 0x43, 0x6f, 0x6c, 0x75, 0x6d, 0x6e,
    0x28, 0x6d, 0x61, 0x74, 0x33, 0x20, 0x5f, 0x6d, 0x74, 0x78, 0x2c, 0x20,
    0x69, 0x6e, 0x74, 0x20, 0x5f, 0x63, 0x6f, 0x6c, 0x75, 0x6d, 0x6e, 0x29,
    0x0a, 0x7b, 0x0a, 0x72, 0x65, 0x74, 0x75, 0x72, 0x6e, 0x20, 0x76, 0x65,
    0x63, 0x33, 0x28, 0x5f, 0x6d, 0x74, 0x78, 0x5b, 0x5f, 0x63, 0x6f, 0x6c,
    0x75, 0x6d, 0x6e, 0x5d, 0x29, 0x3b, 0x0a, 0x7d, 0x0a, 0x76, 0x65, 0x63,
    0x34, 0x20, 0x6d, 0x74, 0x78, 0x47, 0x65, 0x74, 0x52, 0x6f, 0x77, 0x28,
    0x6d, 0x61, 0x74, 0x34, 0x78, 0x33, 0x20, 0x5f, 0x6d, 0x74, 0x78, 0x2c,
    0x20, 0x69, 0x6e, 0x74, 0x20, 0x5f, 0x72, 0x6f, 0x77, 0x29, 0x0a, 0x7b,
    0x0a, 0x72, 0x65, 0x74, 0x75, 0x72, 0x6e, 0x20, 0x76, 0x65, 0x63, 0x34,
    0x28, 0x5f, 0x6d, 0x74, 0x78, 0x5b, 0x30, 0x5d, 0x5b, 0x5f, 0x72, 0x6f,
    0x77, 0x5d, 0x2c, 0x20, 0x5f, 0x6d, 0x74, 0x78, 0x5b, 0x31, 0x5d, 0x5b,
    0x5f, 0x72, 0x6f, 0x77, 0x5d, 0x2c, 0x20, 0x5f, 0x6d, 0x74, 0x78, 0x5b,
    0x32, 0x5d, 0x5b, 0x5f, 0x72, 0x6f, 0x77, 0x5d, 0x2c, 0x20, 0x5f, 0x6d,
    0x74, 0x78, 0x5b, 0x33, 0x5d, 0x5b, 0x5f, 0x72, 0x6f, 0x77, 0x5d, 0x29,
    0x3b, 0x0a, 0x7d, 0x0a, 0x76, 0x65, 0x63, 0x33, 0x20, 0x6d, 0x74, 0x78,
    0x47, 0x65, 0x74, 0x43, 0x6f, 0x6c, 0x75, 0x6d, 0x6e, 0x28, 0x6d, 0x61,
    0x74, 0x34, 0x78, 0x33, 0x20, 0x5f, 0x6d, 0x74, 0x78, 0x2c, 0x20, 0x69,
    0x6e, 0x74, 0x20, 0x5f, 0x63, 0x6f, 0x6c, 0x75, 0x6d, 0x6e, 0x29, 0x0a,
    0x7b, 0x0a, 0x72, 0x65, 0x74, 0x75, 0x72, 0x6e, 0x20, 0x76, 0x65, 0x63,
    0x33, 0x28, 0x5f, 0x6d, 0x74, 0x78, 0x5b, 0x5f, 0x63, 0x6f, 0x6c, 0x75,
    0x6d, 0x6e, 0x5d, 0x29, 0x3b, 0x0a, 0x7d, 0x0a, 0x76, 0x65, 0x63, 0x34,
    0x20, 0x6d, 0x74, 0x78, 0x47, 0x65, 0x74, 0x52, 0x6f, 0x77, 0x28, 0x6d,
    0x61, 0x74, 0x34, 0x20, 0x5f, 0x6d, 0x74, 0x78, 0x2c, 0x20, 0x69, 0x6e,
    0x74, 0x20, 0x5f, 0x72, 0x6f, 0x77, 0x29, 0x0a, 0x7b, 0x0a, 0x72, 0x65,
    0x74, 0x75, 0x72, 0x6e, 0x20, 0x76, 0x65, 0x63, 0x34, 0x28, 0x5f, 0x6d,
    0x74, 0x78, 0x5b, 0x30, 0x5d, 0x5b, 0x5f, 0x72, 0x6f, 0x77, 0x5d, 0x2c,
    0x20, 0x5f, 0x6d, 0x74, 0x78, 0x5b, 0x31, 0x5d, 0x5b, 0x5f, 0x72, 0x6f,
    0x77, 0x5d, 0x2c, 0x20, 0x5f, 0x6d, 0x74, 0x78, 0x5b, 0x32, 0x5d, 0x5b,
    0x5f, 0x72, 0x6f, 0x77, 0x5d, 0x2c, 0x20, 0x5f, 0x6d, 0x74, 0x78, 0x5b,
    0x33, 0x5d, 0x5b, 0x5f, 0x72, 0x6f, 0x77, 0x5d, 0x29, 0x3b, 0x0a, 0x7d,
    0x0a, 0x76, 0x65, 0x63, 0x34, 0x20, 0x6d, 0x74, 0x78, 0x47, 0x65, 0x74,
    0x43, 0x6f, 0x6c, 0x75, 0x6d, 0x6e, 0x28, 0x6d, 0x61, 0x74, 0x34, 0x20,
    0x5f, 0x6d, 0x74, 0x78, 0x2c, 0x20, 0x69, 0x6e, 0x74, 0x20, 0x5f, 0x63,
    0x6f, 0x6c, 0x75, 0x6d, 0x6e, 0x29, 0x0a, 0x7b, 0x0a, 0x72, 0x65, 0x74,
    0x75, 0x72, 0x6e, 0x20, 0x76, 0x65, 0x63, 0x34, 0x28, 0x5f, 0x6d, 0x74,
    0x78, 0x5b, 0x5f, 0x63, 0x6f, 0x6c, 0x75, 0x6d, 0x6e, 0x5d, 0x29, 0x3b,
    0x0a, 0x7d, 0x0a, 0x66, 0x6c, 0x6f, 0x61, 0x74, 0x20, 0x6d, 0x74, 0x78,
    0x47, 0x65, 0x74, 0x45, 0x6c, 0x65, 0x6d, 0x65, 0x6e, 0x74, 0x28, 0x6d,
    0x61, 0x74, 0x33, 0x20, 0x5f, 0x6d, 0x74, 0x78, 0x2c, 0x20, 0x69, 0x6e,
    0x74, 0x20, 0x5f, 0x63, 0x6f, 0x6c, 0x75, 0x6d, 0x6e, 0x2c, 0x20, 0x69,
    0x6e, 0x74, 0x20, 0x5f, 0x72, 0x6f, 0x77, 0x29, 0x0a, 0x7b, 0x0a, 0x72,
    0x65, 0x74, 0x75, 0x72, 0x6e, 0x20, 0x5f, 0x6d, 0x74, 0x78, 0x5b, 0x5f,
    0x63, 0x6f, 0x6c, 0x75, 0x6d, 0x6e, 0x5d, 0x5b, 0x5f, 0x72, 0x6f, 0x77,
    0x5d, 0x3b, 0x0a, 0x7d, 0x0a, 0x66, 0x6c, 0x6f, 0x61, 0x74, 0x20, 0x6d,
    0x74, 0x78, 0x47, 0x65, 0x74, 0x45, 0x6c, 0x65, 0x6d, 0x65, 0x6e, 0x74,
    0x28, 0x6d, 0x61, 0x74, 0x34, 0x20, 0x5f, 0x6d, 0x74, 0x78, 0x2c, 0x20,
    0x69, 0x6e, 0x74, 0x20, 0x5f, 0x63, 0x6f, 0x6c, 0x75, 0x6d, 0x6e, 0x2c,
    0x20, 0x69, 0x6e, 0x74, 0x20, 0x5f, 0x72, 0x6f, 0x77, 0x29, 0x0a, 0x7b,
    0x0a, 0x72, 0x65, 0x74, 0x75, 0x72, 0x6e, 0x20, 0x5f, 0x6d, 0x74, 0x78,
    0x5b, 0x5f, 0x63, 0x6f, 0x6c, 0x75, 0x6d, 0x6e, 0x5d, 0x5b, 0x5f, 0x72,
    0x6f, 0x77, 0x5d, 0x3b, 0x0a, 0x7d, 0x0a, 0x66, 0x6c, 0x6f, 0x61, 0x74,
    0x20, 0x73, 0x65, 0x6c, 0x65, 0x63, 0x74, 0x28, 0x62, 0x6f, 0x6f, 0x6c,
    0x20, 0x5f, 0x63, 0x6f, 0x6e, 0x64, 0x2c, 0x20, 0x66, 0x6c, 0x6f, 0x61,
    0x74, 0x20, 0x5f, 0x74, 0x72, 0x75, 0x65, 0x2c, 0x20, 0x66, 0x6c, 0x6f,
    0x61, 0x74, 0x20, 0x5f, 0x66, 0x61, 0x6c, 0x73, 0x65, 0x29, 0x20, 0x7b,
    0x20, 0x72, 0x65, 0x74, 0x75, 0x72, 0x6e, 0x20, 0x5f, 0x63, 0x6f, 0x6e,
    0x64, 0x20, 0x3f, 0x20, 0x5f, 0x74, 0x72, 0x75, 0x65, 0x20, 0x3a, 0x20,
    0x5f, 0x66, 0x61, 0x6c, 0x73, 0x65, 0x3b, 0x20, 0x7d, 0x0a, 0x76, 0x65,
    0x63, 0x32, 0x20, 0x73, 0x65, 0x6c, 0x65, 0x63, 0x74, 0x28, 0x62, 0x6f,
    0x6f, 0x6c, 0x20, 0x5f, 0x63, 0x6f, 0x6e, 0x64, 0x2c, 0x20, 0x76, 0x65,
    0x63, 0x32, 0x20, 0x5f, 0x74, 0x72, 0x75, 0x65, 0x2c, 0x20, 0x76, 0x65,
    0x63, 0x32, 0x20, 0x5f, 0x66, 0x61, 0x6c, 0x73, 0x65, 0x29, 0x20, 0x7b,
    0x20, 0x72, 0x65, 0x74, 0x75, 0x72, 0x6e, 0x20, 0x5f, 0x63, 0x6f, 0x6e,
    0x64, 0x20, 0x3f, 0x20, 0x5f, 0x74, 0x72, 0x75, 0x65, 0x20, 0x3a, 0x20,
    0x5f, 0x66, 0x61, 0x6c, 0x73, 0x65, 0x3b, 0x20, 0x7d, 0x0a, 0x76, 0x65,
    0x63, 0x33, 0x20, 0x73, 0x65, 0x6c, 0x65, 0x63, 0x74, 0x28, 0x62, 0x6f,
    0x6f, 0x6c, 0x20, 0x5f, 0x63, 0x6f, 0x6e, 0x64, 0x2c, 0x20, 0x76, 0x65,
    0x63, 0x33, 0x20, 0x5f, 0x74, 0x72, 0x75, 0x65, 0x2c, 0x20, 0x76, 0x65,
    0x63, 0x33, 0x20, 0x5f, 0x66, 0x61, 0x6c, 0x73, 0x65, 0x29, 0x20, 0x7b,
    0x20, 0x72, 0x65, 0x74, 0x75, 0x72, 0x6e, 0x20, 0x5f, 0x63, 0x6f, 0x6e,
    0x64, 0x20, 0x3f, 0x20, 0x5f, 0x74, 0x72, 0x75, 0x65, 0x20, 0x3a, 0x20,
    0x5f, 0x66, 0x61, 0x6c, 0x73, 0x65, 0x3b, 0x20, 0x7d, 0x0a, 0x76, 0x65,
    0x63, 0x34, 0x20, 0x73, 0x65, 0x6c, 0x65, 0x63, 0x74, 0x28, 0x62, 0x6f,
    0x6f, 0x6c, 0x20, 0x5f, 0x63, 0x6f, 0x6e, 0x64, 0x2c, 0x20, 0x76, 0x65,
    0x63, 0x34, 0x20, 0x5f, 0x74, 0x72, 0x75, 0x65, 0x2c, 0x20, 0x76, 0x65,
    0x63, 0x34, 0x20, 0x5f, 0x66, 0x61, 0x6c, 0x73, 0x65, 0x29, 0x20, 0x7b,
    0x20, 0x72, 0x65, 0x74, 0x75, 0x72, 0x6e, 0x20, 0x5f, 0x63, 0x6f, 0x6e,
    0x64, 0x20, 0x3f, 0x20, 0x5f, 0x74, 0x72, 0x75, 0x65, 0x20, 0x3a, 0x20,
    0x5f, 0x66, 0x61, 0x6c, 0x73, 0x65, 0x3b, 0x20, 0x7d, 0x0a, 0x76, 0x65,
    0x63, 0x32, 0x20, 0x73, 0x65, 0x6c, 0x65, 0x63, 0x74, 0x28, 0x62, 0x76,
    0x65, 0x63, 0x32, 0x20, 0x5f, 0x63, 0x6f, 0x6e, 0x64, 0x2c, 0x20, 0x76,
    0x65, 0x63, 0x32, 0x20, 0x5f, 0x74, 0x72, 0x75, 0x65, 0x2c, 0x20, 0x76,
    0x65, 0x63, 0x32, 0x20, 0x5f, 0x66, 0x61, 0x6c, 0x73, 0x65, 0x29, 0x20,
    0x7b, 0x20, 0x72, 0x65, 0x74, 0x75, 0x72, 0x6e, 0x20, 0x28, 0x76, 0x65,
    0x63, 0x32, 0x28, 0x5f, 0x63, 0x6f, 0x6e, 0x64, 0x29, 0x20, 0x2a, 0x20,
    0x5f, 0x74, 0x72, 0x75, 0x65, 0x29, 0x20, 0x2b, 0x20, 0x28, 0x76, 0x65,
    0x63, 0x32, 0x28, 0x6e, 0x6f, 0x74, 0x28, 0x5f, 0x63, 0x6f, 0x6e, 0x64,
    0x29, 0x20, 0x29, 0x20, 0x2a, 0x20, 0x5f, 0x66, 0x61, 0x6c, 0x73, 0x65,
    0x29, 0x3b, 0x20, 0x7d, 0x0a, 0x76, 0x65, 0x63, 0x33, 0x20, 0x73, 0x65,
    0x6c, 0x65, 0x63, 0x74, 0x28, 0x62, 0x76, 0x65, 0x63, 0x33, 0x20, 0x5f,
    0x63, 0x6f, 0x6e, 0x64, 0x2c, 0x20, 0x76, 0x65, 0x63, 0x33, 0x20, 0x5f,
    0x74, 0x72, 0x75, 0x65, 0x2c, 0x20, 0x76, 0x65, 0x63, 0x33, 0x20, 0x5f,
    0x66, 0x61, 0x6c, 0x73, 0x65, 0x29, 0x20, 0x7b, 0x20, 0x72, 0x65, 0x74,
    0x75, 0x72, 0x6e, 0x20, 0x28, 0x76, 0x65, 0x63, 0x33, 0x28, 0x5f, 0x63,
    0x6f, 0x6e, 0x64, 0x29, 0x20, 0x2a, 0x20, 0x5f, 0x74, 0x72, 0x75, 0x65,
    0x29, 0x20, 0x2b, 0x20, 0x28, 0x76, 0x65, 0x63, 0x33, 0x28, 0x6e, 0x6f,
    0x74, 0x28, 0x5f, 0x63, 0x6f, 0x6e, 0x64, 0x29, 0x20, 0x29, 0x20, 0x2a,
    0x20, 0x5f, 0x66, 0x61, 0x6c, 0x73, 0x65, 0x29, 0x3b, 0x20, 0x7d, 0x0a,
    0x76, 0x65, 0x63, 0x34, 0x20, 0x73, 0x65, 0x6c, 0x65, 0x63, 0x74, 0x28,
    0x62, 0x76, 0x65, 0x63, 0x34, 0x20, 0x5f, 0x63, 0x6f, 0x6e, 0x64, 0x2c,
    0x20, 0x76, 0x65, 0x63, 0x34, 0x20, 0x5f, 0x74, 0x72, 0x75, 0x65, 0x2c,
    0x20, 0x76, 0x65, 0x63, 0x34, 0x20, 0x5f, 0x66, 0x61, 0x6c, 0x73, 0x65,
    0x29, 0x20, 0x7b, 0x20, 0x72, 0x65, 0x74, 0x75, 0x72, 0x6e, 0x20, 0x28,
    0x76, 0x65, 0x63, 0x34, 0x28, 0x5f, 0x63, 0x6f, 0x6e, 0x64, 0x29, 0x20,
    0x2a, 0x20, 0x5f, 0x74, 0x72, 0x75, 0x65, 0x29, 0x20, 0x2b, 0x20, 0x28,
    0x76, 0x65, 0x63, 0x34, 0x28, 0x6e, 0x6f, 0x74, 0x28, 0x5f, 0x63, 0x6f,
    0x6e, 0x64, 0x29, 0x20, 0x29, 0x20, 0x2a, 0x20, 0x5f, 0x66, 0x61, 0x6c,
    0x73, 0x65, 0x29, 0x3b, 0x20, 0x7d, 0x0a, 0x69, 0x6e, 0x74, 0x20, 0x73,
    0x65, 0x6c, 0x65, 0x63, 0x74, 0x28, 0x62, 0x6f, 0x6f, 0x6c, 0x20, 0x5f,
    0x63, 0x6f, 0x6e, 0x64, 0x2c, 0x20, 0x69, 0x6e, 0x74, 0x20, 0x5f, 0x74,
    0x72, 0x75, 0x65, 0x2c, 0x20, 0x69, 0x6e, 0x74, 0x20, 0x5f, 0x66, 0x61,
    0x6c, 0x73, 0x65, 0x29, 0x20, 0x7b, 0x20, 0x72, 0x65, 0x74, 0x75, 0x72,
    0x6e, 0x20, 0x5f, 0x63, 0x6f, 0x6e, 0x64, 0x20, 0x3f, 0x20, 0x5f, 0x74,
    0x72, 0x75, 0x65, 0x20, 0x3a, 0x20, 0x5f, 0x66, 0x61, 0x6c, 0x73, 0x65,
    0x3b, 0x20, 0x7d, 0x0a, 0x69, 0x76, 0x65, 0x63, 0x32, 0x20, 0x73, 0x65,
    0x6c, 0x65, 0x63, 0x74, 0x28, 0x62, 0x6f, 0x6f, 0x6c, 0x20, 0x5f, 0x63,
    0x6f, 0x6e, 0x64, 0x2c, 0x20, 0x69, 0x76, 0x65, 0x63, 0x32, 0x20, 0x5f,
    0x74, 0x72, 0x75, 0x65, 0x2c, 0x20, 0x69, 0x76, 0x65, 0x63, 0x32, 0x20,
    0x5f, 0x66, 0x61, 0x6c, 0x73, 0x65, 0x29, 0x20, 0x7b, 0x20, 0x72, 0x65,
    0x74, 0x75, 0x72, 0x6e, 0x20, 0x5f, 0x63, 0x6f, 0x6e, 0x64, 0x20, 0x3f,
    0x20, 0x5f, 0x74, 0x72, 0x75, 0x65, 0x20, 0x3a, 0x20, 0x5f, 0x66, 0x61,
    0x6c, 0x73, 0x65, 0x3b, 0x20, 0x7d, 0x0a, 0x69, 0x76, 0x65, 0x63, 0x33,
    0x20, 0x73, 0x65, 0x6c, 0x65, 0x63, 0x74, 0x28, 0x62, 0x6f, 0x6f, 0x6c,
    0x20, 0x5f, 0x63, 0x6f, 0x6e, 0x64, 0x2c, 0x20, 0x69, 0x76, 0x65, 0x63,
    0x33, 0x20, 0x5f, 0x74, 0x72, 0x75, 0x65, 0x2c, 0x20, 0x69, 0x76, 0x65,
    0x63, 0x33, 0x20, 0x5f, 0x66, 0x61, 0x6c, 0x73, 0x65, 0x29, 0x20, 0x7b,
    0x20, 0x72, 0x65, 0x74, 0x75, 0x72, 0x6e, 0x20, 0x5f, 0x63, 0x6f, 0x6e,
    0x64, 0x20, 0x3f, 0x20, 0x5f, 0x74, 0x72, 0x75, 0x65, 0x20, 0x3a, 0x20,
    0x5f, 0x66, 0x61, 0x6c, 0x73, 0x65, 0x3b, 0x20, 0x7d, 0x0a, 0x69, 0x76,
    0x65, 0x63, 0x34, 0x20, 0x73, 0x65, 0x6c, 0x65, 0x63, 0x74, 0x28, 0x62,
    0x6f, 0x6f, 0x6c, 0x20, 0x5f, 0x63, 0x6f, 0x6e, 0x64, 0x2c, 0x20, 0x69,
    0x76, 0x65, 0x63, 0x34, 0x20, 0x5f, 0x74, 0x72, 0x75, 0x65, 0x2c, 0x20,
    0x69, 0x76, 0x65, 0x63, 0x34, 0x20, 0x5f, 0x66, 0x61, 0x6c, 0x73, 0x65,
    0x29, 0x20, 0x7b, 0x20, 0x72, 0x65, 0x74, 0x75, 0x72, 0x6e, 0x20, 0x5f,
    0x63, 0x6f, 0x6e, 0x64, 0x20, 0x3f, 0x20, 0x5f, 0x74, 0x72, 0x75, 0x65,
    0x20, 0x3a, 0x20, 0x5f, 0x66, 0x61, 0x6c, 0x73, 0x65, 0x3b, 0x20, 0x7d,
    0x0a, 0x69, 0x76, 0x65, 0x63, 0x32, 0x20, 0x73, 0x65, 0x6c, 0x65, 0x63,
    0x74, 0x28, 0x62, 0x76, 0x65, 0x63, 0x32, 0x20, 0x5f, 0x63, 0x6f, 0x6e,
    0x64, 0x2c, 0x20, 0x69, 0x76, 0x65, 0x63, 0x32, 0x20, 0x5f, 0x74, 0x72,
    0x75, 0x65, 0x2c, 0x20, 0x69, 0x76, 0x65, 0x63, 0x32, 0x20, 0x5f, 0x66,
    0x61, 0x6c, 0x73, 0x65, 0x29, 0x20, 0x7b, 0x20, 0x72, 0x65, 0x74, 0x75,
    0x72, 0x6e, 0x20, 0x28, 0x69, 0x76, 0x65, 0x63, 0x32, 0x28, 0x5f, 0x63,
    0x6f, 0x6e, 0x64, 0x29, 0x20, 0x2a, 0x20, 0x5f, 0x74, 0x72, 0x75, 0x65,
    0x29, 0x20, 0x2b, 0x20, 0x28, 0x69, 0x76, 0x65, 0x63, 0x32, 0x28, 0x6e,
    0x6f, 0x74, 0x28, 0x5f, 0x63, 0x6f, 0x6e, 0x64, 0x29, 0x20, 0x29, 0x20,
    0x2a, 0x20, 0x5f, 0x66, 0x61, 0x6c, 0x73, 0x65, 0x29, 0x3b, 0x20, 0x7d,
    0x0a, 0x69, 0x76, 0x65, 0x63, 0x33, 0x20, 0x73, 0x65, 0x6c, 0x65, 0x63,
    0x74, 0x28, 0x62, 0x76, 0x65, 0x63, 0x33, 0x20, 0x5f, 0x63, 0x6f, 0x6e,
    0x64, 0x2c, 0x20, 0x69, 0x76, 0x65, 0x63, 0x33, 0x20, 0x5f, 0x74, 0x72,
    0x75, 0x65, 0x2c, 0x20, 0x69, 0x76, 0x65, 0x63, 0x33, 0x20, 0x5f, 0x66,
    0x61, 0x6c, 0x73, 0x65, 0x29, 0x20, 0x7b, 0x20, 0x72, 0x65, 0x74, 0x75,
    0x72, 0x6e, 0x20, 0x28, 0x69, 0x76, 0x65, 0x63, 0x33, 0x28, 0x5f, 0x63,
    0x6f, 0x6e, 0x64, 0x29, 0x20, 0x2a, 0x20, 0x5f, 0x74, 0x72, 0x75, 0x65,
    0x29, 0x20, 0x2b, 0x20, 0x28, 0x69, 0x76, 0x65, 0x63, 0x33, 0x28, 0x6e,
    0x6f, 0x74, 0x28, 0x5f, 0x63, 0x6f, 0x6e, 0x64, 0x29, 0x20, 0x29, 0x20,
    0x2a, 0x20, 0x5f, 0x66, 0x61, 0x6c, 0x73, 0x65, 0x29, 0x3b, 0x20, 0x7d,
    0x0a, 0x69, 0x76, 0x65, 0x63, 0x34, 0x20, 0x73, 0x65, 0x6c, 0x65, 0x63,
    0x74, 0x28, 0x62, 0x76, 0x65, 0x63, 0x34, 0x20, 0x5f, 0x63, 0x6f, 0x6e,
    0x64, 0x2c, 0x20, 0x69, 0x76, 0x65, 0x63, 0x34, 0x20, 0x5f, 0x74, 0x72,
    0x75, 0x65, 0x2c, 0x20, 0x69, 0x76, 0x65, 0x63, 0x34, 0x20, 0x5f, 0x66,
    0x61, 0x6c, 0x73, 0x65, 0x29, 0x20, 0x7b, 0x20, 0x72, 0x65, 0x74, 0x75,
    0x72, 0x6e, 0x20, 0x28, 0x69, 0x76, 0x65, 0x63, 0x34, 0x28, 0x5f, 0x63,
    0x6f, 0x6e, 0x64, 0x29, 0x20, 0x2a, 0x20, 0x5f, 0x74, 0x72, 0x75, 0x65,
    0x29, 0x20, 0x2b, 0x20, 0x28, 0x69, 0x76, 0x65, 0x63, 0x34, 0x28, 0x6e,
    0x6f, 0x74, 0x28, 0x5f, 0x63, 0x6f, 0x6e, 0x64, 0x29, 0x20, 0x29, 0x20,
    0x2a, 0x20, 0x5f, 0x66, 0x61, 0x6c, 0x73, 0x65, 0x29, 0x3b, 0x20, 0x7d,
    0x0a, 0x75, 0x69, 0x6e, 0x74, 0x20, 0x73, 0x65, 0x6c, 0x65, 0x63, 0x74,
    0x28, 0x62, 0x6f, 0x6f, 0x6c, 0x20, 0x5f, 0x63, 0x6f, 0x6e, 0x64, 0x2c,
    0x20, 0x75, 0x69, 0x6e, 0x74, 0x20, 0x5f, 0x74, 0x72, 0x75, 0x65, 0x2c,
    0x20, 0x75, 0x69, 0x6e, 0x74, 0x20, 0x5f, 0x66, 0x61, 0x6c, 0x73, 0x65,
    0x29, 0x20, 0x7b, 0x20, 0x72, 0x65, 0x74, 0x75, 0x72, 0x6e, 0x20, 0x5f,
    0x63, 0x6f, 0x6e, 0x64, 0x20, 0x3f, 0x20, 0x5f, 0x74, 0x72, 0x75, 0x65,
    0x20, 0x3a, 0x20, 0x5f, 0x66, 0x61, 0x6c, 0x73, 0x65, 0x3b, 0x20, 0x7d,
    0x0a, 0x75, 0x76, 0x65, 0x63, 0x32, 0x20, 0x73, 0x65, 0x6c, 0x65, 0x63,
    0x74, 0x28, 0x62, 0x6f, 0x6f, 0x6c, 0x20, 0x5f, 0x63, 0x6f, 0x6e, 0x64,
    0x2c, 0x20, 0x75, 0x76, 0x65, 0x63, 0x32, 0x20, 0x5f, 0x74, 0x72, 0x75,
    0x65, 0x2c, 0x20, 0x75, 0x76, 0x65, 0x63, 0x32, 0x20, 0x5f, 0x66, 0x61,
    0x6c, 0x73, 0x65, 0x29, 0x20, 0x7b, 0x20, 0x72, 0x65, 0x74, 0x75, 0x72,
    0x6e, 0x20, 0x5f, 0x63, 0x6f, 0x6e, 0x64, 0x20, 0x3f, 0x20, 0x5f, 0x74,
    0x72, 0x75, 0x65, 0x20, 0x3a, 0x20, 0x5f, 0x66, 0x61, 0x6c, 0x73, 0x65,
    0x3b, 0x20, 0x7d, 0x0a, 0x75, 0x76, 0x65, 0x63, 0x33, 0x20, 0x73, 0x65,
    0x6c, 0x65, 0x63, 0x74, 0x28, 0x62, 0x6f, 0x6f, 0x6c, 0x20, 0x5f, 0x63,
    0x6f, 0x6e, 0x64, 0x2c, 0x20, 0x75, 0x76, 0x65, 0x63, 0x33, 0x20, 0x5f,
    0x74, 0x72, 0x75, 0x65, 0x2c, 0x20, 0x75, 0x76, 0x65, 0x63, 0x33, 0x20,
    0x5f, 0x66, 0x61, 0x6c, 0x73, 0x65, 0x29, 0x20, 0x7b, 0x20, 0x72, 0x65,
    0x74, 0x75, 0x72, 0x6e, 0x20, 0x5f, 0x63, 0x6f, 0x6e, 0x64, 0x20, 0x3f,
    0x20, 0x5f, 0x74, 0x72, 0x75, 0x65, 0x20, 0x3a, 0x20, 0x5f, 0x66, 0x61,
    0x6c, 0x73, 0x65, 0x3b, 0x20, 0x7d, 0x0a, 0x75, 0x76, 0x65, 0x63, 0x34,
    0x20, 0x73, 0x65, 0x6c, 0x65, 0x63, 0x74, 0x28, 0x62, 0x6f, 0x6f, 0x6c,
    0x20, 0x5f, 0x63, 0x6f, 0x6e, 0x64, 0x2c, 0x20, 0x75, 0x76, 0x65, 0x63,
    0x34, 0x20, 0x5f, 0x74, 0x72, 0x75, 0x65, 0x2c, 0x20, 0x75, 0x76, 0x65,
    0x63, 0x34, 0x20, 0x5f, 0x66, 0x61, 0x6c, 0x73, 0x65, 0x29, 0x20, 0x7b,
    0x20, 0x72, 0x65, 0x74, 0x75, 0x72, 0x6e, 0x20, 0x5f, 0x63, 0x6f, 0x6e,
    0x64, 0x20, 0x3f, 0x20, 0x5f, 0x74, 0x72, 0x75, 0x65, 0x20, 0x3a, 0x20,
    0x5f, 0x66, 0x61, 0x6c, 0x73, 0x65, 0x3b, 0x20, 0x7d, 0x0a, 0x75, 0x76,
    0x65, 0x63, 0x32, 0x20, 0x73, 0x65, 0x6c, 0x65, 0x63, 0x74, 0x28, 0x62,
    0x76, 0x65, 0x63, 0x32, 0x20, 0x5f, 0x63, 0x6f, 0x6e, 0x64, 0x2c, 0x20,
    0x75, 0x76, 0x65, 0x63, 0x32, 0x20, 0x5f, 0x74, 0x72, 0x75, 0x65, 0x2c,
    0x20, 0x75, 0x76, 0x65, 0x63, 0x32, 0x20, 0x5f, 0x66, 0x61, 0x6c, 0x73,
    0x65, 0x29, 0x20, 0x7b, 0x20, 0x72, 0x65, 0x74, 0x75, 0x72, 0x6e, 0x20,
    0x28, 0x75, 0x76, 0x65, 0x63, 0x32, 0x28, 0x5f, 0x63, 0x6f, 0x6e, 0x64,
    0x29, 0x20, 0x2a, 0x20, 0x5f, 0x74, 0x72, 0x75, 0x65, 0x29, 0x20, 0x2b,
    0x20, 0x28, 0x75, 0x76, 0x65, 0x63, 0x32, 0x28, 0x6e, 0x6f, 0x74, 0x28,
    0x5f, 0x63, 0x6f, 0x6e, 0x64, 0x29, 0x20, 0x29, 0x20, 0x2a, 0x20, 0x5f,
    0x66, 0x61, 0x6c, 0x73, 0x65, 0x29, 0x3b, 0x20, 0x7d, 0x0a, 0x75, 0x76,
    0x65, 0x63, 0x33, 0x20, 0x73, 0x65, 0x6c, 0x65, 0x63, 0x74, 0x28, 0x62,
    0x76, 0x65, 0x63, 0x33, 0x20, 0x5f, 0x63, 0x6f, 0x6e, 0x64, 0x2c, 0x20,
    0x75, 0x76, 0x65, 0x63, 0x33, 0x20, 0x5f, 0x74, 0x72, 0x75, 0x65, 0x2c,
    0x20, 0x75, 0x76, 0x65, 0x63, 0x33, 0x20, 0x5f, 0x66, 0x61, 0x6c, 0x73,
    0x65, 0x29, 0x20, 0x7b, 0x20, 0x72, 0x65, 0x74, 0x75, 0x72, 0x6e, 0x20,
    0x28, 0x75, 0x76, 0x65, 0x63, 0x33, 0x28, 0x5f, 0x63, 0x6f, 0x6e, 0x64,
    0x29, 0x20, 0x2a, 0x20, 0x5f, 0x74, 0x72, 0x75, 0x65, 0x29, 0x20, 0x2b,
    0x20, 0x28, 0x75, 0x76, 0x65, 0x63, 0x33, 0x28, 0x6e, 0x6f, 0x74, 0x28,
    0x5f, 0x63, 0x6f, 0x6e, 0x64, 0x29, 0x20, 0x29, 0x20, 0x2a, 0x20, 0x5f,
    0x66, 0x61, 0x6c, 0x73, 0x65, 0x29, 0x3b, 0x20, 0x7d, 0x0a, 0x75, 0x76,
    0x65, 0x63, 0x34, 0x20, 0x73, 0x65, 0x6c, 0x65, 0x63, 0x74, 0x28, 0x62,
    0x76, 0x65, 0x63, 0x34, 0x20, 0x5f, 0x63, 0x6f, 0x6e, 0x64, 0x2c, 0x20,
    0x75, 0x76, 0x65, 0x63, 0x34, 0x20, 0x5f, 0x74, 0x72, 0x75, 0x65, 0x2c,
    0x20, 0x75, 0x76, 0x65, 0x63, 0x34, 0x20, 0x5f, 0x66, 0x61, 0x6c, 0x73,
    0x65, 0x29, 0x20, 0x7b, 0x20, 0x72, 0x65, 0x74, 0x75, 0x72, 0x6e, 0x20,
    0x28, 0x75, 0x76, 0x65, 0x63, 0x34, 0x28, 0x5f, 0x63, 0x6f, 0x6e, 0x64,
    0x29, 0x20, 0x2a, 0x20, 0x5f, 0x74, 0x72, 0x75, 0x65, 0x29, 0x20, 0x2b,
    0x20, 0x28, 0x75, 0x76, 0x65, 0x63, 0x34, 0x28, 0x6e, 0x6f, 0x74, 0x28,
    0x5f, 0x63, 0x6f, 0x6e, 0x64, 0x29, 0x20, 0x29, 0x20, 0x2a, 0x20, 0x5f,
    0x66, 0x61, 0x6c, 0x73, 0x65, 0x29, 0x3b, 0x20, 0x7d, 0x0a, 0x75, 0x6e,
    0x69, 0x66, 0x6f, 0x72, 0x6d, 0x20, 0x76, 0x65, 0x63, 0x34, 0x20, 0x75,
    0x5f, 0x76, 0x69, 0x65, 0x77, 0x52, 0x65, 0x63, 0x74, 0x3b, 0x0a, 0x75,
    0x6e, 0x69, 0x66, 0x6f, 0x72, 0x6d, 0x20, 0x76, 0x65, 0x63, 0x34, 0x20,
    0x75, 0x5f, 0x76, 0x69, 0x65, 0x77, 0x54, 0x65, 0x78, 0x65, 0x6c, 0x3b,
    0x0a, 0x75, 0x6e, 0x69, 0x66, 0x6f, 0x72, 0x6d, 0x20, 0x6d, 0x61, 0x74,
    0x34, 0x20, 0x75, 0x5f, 0x76, 0x69, 0x65, 0x77, 0x3b, 0x0a, 0x75, 0x6e,
    0x69, 0x66, 0x6f, 0x72, 0x6d, 0x20, 0x6d, 0x61, 0x74, 0x34, 0x20, 0x75,
    0x5f, 0x69, 0x6e, 0x76, 0x56, 0x69, 0x65, 0x77, 0x3b, 0x0a, 0x75, 0x6e,
    0x69, 0x66, 0x6f, 0x72, 0x6d, 0x20, 0x6d, 0x61, 0x74, 0x34, 0x20, 0x75,
    0x5f, 0x70, 0x72, 0x6f, 0x6a, 0x3b, 0x0a, 0x75, 0x6e, 0x69, 0x66, 0x6f,
    0x72, 0x6d, 0x20, 0x6d, 0x61, 0x74, 0x34, 0x20, 0x75, 0x5f, 0x69, 0x6e,
    0x76, 0x50, 0x72, 0x6f, 0x6a, 0x3b, 0x0a, 0x75, 0x6e, 0x69, 0x66, 0x6f,
    0x72, 0x6d, 0x20, 0x6d, 0x61, 0x74, 0x34, 0x20, 0x75, 0x5f, 0x76, 0x69,
    0x65, 0x77, 0x50, 0x72, 0x6f, 0x6a, 0x3b, 0x0a, 0x75, 0x6e, 0x69, 0x66,
    0x6f, 0x72, 0x6d, 0x20, 0x6d, 0x61, 0x74, 0x34, 0x20, 0x75, 0x5f, 0x69,
    0x6e, 0x76, 0x56, 0x69, 0x65, 0x77, 0x50, 0x72, 0x6f, 0x6a, 0x3b, 0x0a,
    0x75, 0x6e, 0x69, 0x66, 0x6f, 0x72, 0x6d, 0x20, 0x6d, 0x61, 0x74, 0x34,
    0x20, 0x75, 0x5f, 0x6d, 0x6f, 0x64, 0x65, 0x6c, 0x56, 0x69, 0x65, 0x77,
    0x3b, 0x0a, 0x75, 0x6e, 0x69, 0x66, 0x6f, 0x72, 0x6d, 0x20, 0x6d, 0x61,
    0x74, 0x34, 0x20, 0x75, 0x5f, 0x69, 0x6e, 0x76, 0x4d, 0x6f, 0x64, 0x65,
    0x6c, 0x56, 0x69, 0x65, 0x77, 0x3b, 0x0a, 0x75, 0x6e, 0x69, 0x66, 0x6f,
    0x72, 0x6d, 0x20, 0x6d, 0x61, 0x74, 0x34, 0x20, 0x75, 0x5f, 0x6d, 0x6f,
    0x64, 0x65, 0x6c, 0x56, 0x69, 0x65, 0x77, 0x50, 0x72, 0x6f, 0x6a, 0x3b,
    0x0a, 0x75, 0x6e, 0x69, 0x66, 0x6f, 0x72, 0x6d, 0x20, 0x76, 0x65, 0x63,
    0x34, 0x20, 0x75, 0x5f, 0x61, 0x6c, 0x70, 0x68, 0x61, 0x52, 0x65, 0x66,
    0x34, 0x3b, 0x0a, 0x75, 0x6e, 0x69, 0x66, 0x6f, 0x72, 0x6d, 0x20, 0x6d,
    0x61, 0x74, 0x34, 0x20, 0x75, 0x5f, 0x6d, 0x6f, 0x64, 0x65, 0x6c, 0x5b,
    0x31, 0x5d, 0x3b, 0x0a, 0x75, 0x6e, 0x69, 0x66, 0x6f, 0x72, 0x6d, 0x20,
    0x73, 0x61, 0x6d, 0x70, 0x6c, 0x65, 0x72, 0x32, 0x44, 0x20, 0x73, 0x5f,
    0x74, 0x65, 0x78, 0x74, 0x75, 0x72, 0x65, 0x3b, 0x0a, 0x6f, 0x75, 0x74,
    0x20, 0x76, 0x65, 0x63, 0x34, 0x20, 0x62, 0x67, 0x66, 0x78, 0x5f, 0x46,
    0x72, 0x61, 0x67, 0x43, 0x6f, 0x6c, 0x6f, 0x72, 0x3b, 0x0a, 0x76, 0x6f,
    0x69, 0x64, 0x20, 0x6d, 0x61, 0x69, 0x6e, 0x28, 0x29, 0x0a, 0x7b, 0x0a,
    0x62, 0x67, 0x66, 0x78, 0x5f, 0x46, 0x72, 0x61, 0x67, 0x43, 0x6f, 0x6c,
    0x6f, 0x72, 0x20, 0x3d, 0x20, 0x74, 0x65, 0x78, 0x74, 0x75, 0x72, 0x65,
    0x28, 0x73, 0x5f, 0x74, 0x65, 0x78, 0x74, 0x75, 0x72, 0x65, 0x2c, 0x20,
    0x76, 0x5f, 0x74, 0x65, 0x78, 0x63, 0x6f, 0x6f, 0x72, 0x64, 0x30, 0x29,
    0x3b, 0x0a, 0x7d, 0x0a, 0x00,
};
const size_t kEmbeddedGL_fs_texture_size = sizeof(kEmbeddedGL_fs_texture);

const uint8_t kEmbeddedGL_fs_modulated_texture[] = {
    0x46, 0x53, 0x48, 0x0b, 0x6f, 0x1e, 0x3e, 0x3c, 0x00, 0x00, 0x00, 0x00,
    0x00, 0x00, 0xf2, 0x12, 0x00, 0x00, 0x23, 0x76, 0x65, 0x72, 0x73, 0x69,
    0x6f, 0x6e, 0x20, 0x34, 0x33, 0x30, 0x0a, 0x23, 0x64, 0x65, 0x66, 0x69,
    0x6e, 0x65, 0x20, 0x74, 0x65, 0x78, 0x74, 0x75, 0x72, 0x65, 0x32, 0x44,
    0x20, 0x20, 0x20, 0x20, 0x20, 0x20, 0x20, 0x20, 0x20, 0x20, 0x74, 0x65,
    0x78, 0x74, 0x75, 0x72, 0x65, 0x0a, 0x23, 0x64, 0x65, 0x66, 0x69, 0x6e,
    0x65, 0x20, 0x74, 0x65, 0x78, 0x74, 0x75, 0x72, 0x65, 0x32, 0x44, 0x4c,
    0x6f, 0x64, 0x20, 0x20, 0x20, 0x20, 0x20, 0x20, 0x20, 0x74, 0x65, 0x78,
    0x74, 0x75, 0x72, 0x65, 0x4c, 0x6f, 0x64, 0x0a, 0x23, 0x64, 0x65, 0x66,
    0x69, 0x6e, 0x65, 0x20, 0x74, 0x65, 0x78, 0x74, 0x75, 0x72, 0x65, 0x32,
    0x44, 0x47, 0x72, 0x61, 0x64, 0x20, 0x20, 0x20, 0x20, 0x20, 0x20, 0x74,
    0x65, 0x78, 0x74, 0x75, 0x72, 0x65, 0x47, 0x72, 0x61, 0x64, 0x0a, 0x23,
    0x64, 0x65, 0x66, 0x69, 0x6e, 0x65, 0x20, 0x74, 0x65, 0x78, 0x74, 0x75,
    0x72, 0x65, 0x32, 0x44, 0x50, 0x72, 0x6f, 0x6a, 0x4c, 0x6f, 0x64, 0x20,
    0x20, 0x20, 0x74, 0x65, 0x78, 0x74, 0x75, 0x72, 0x65, 0x50, 0x72, 0x6f,
    0x6a, 0x4c, 0x6f, 0x64, 0x0a, 0x23, 0x64, 0x65, 0x66, 0x69, 0x6e, 0x65,
    0x20, 0x74, 0x65, 0x78, 0x74, 0x75, 0x72, 0x65, 0x32, 0x44, 0x50, 0x72,
    0x6f, 0x6a, 0x47, 0x72, 0x61, 0x64, 0x20, 0x20, 0x74, 0x65, 0x78, 0x74,
    0x75, 0x72, 0x65, 0x50, 0x72, 0x6f, 0x6a, 0x47, 0x72, 0x61, 0x64, 0x0a,
    0x23, 0x64, 0x65, 0x66, 0x69, 0x6e, 0x65, 0x20, 0x74, 0x65, 0x78, 0x74,
    0x75, 0x72, 0x65, 0x43, 0x75, 0x62, 0x65, 0x4c, 0x6f, 0x64, 0x20, 0x20,
    0x20, 0x20, 0x20, 0x74, 0x65, 0x78, 0x74, 0x75, 0x72, 0x65, 0x4c, 0x6f,
    0x64, 0x0a, 0x23, 0x64, 0x65, 0x66, 0x69, 0x6e, 0x65, 0x20, 0x74, 0x65,
    0x78, 0x74, 0x75, 0x72, 0x65, 0x43, 0x75, 0x62, 0x65, 0x47, 0x72, 0x61,
    0x64, 0x20, 0x20, 0x20, 0x20, 0x74, 0x65, 0x78, 0x74, 0x75, 0x72, 0x65,
    0x47, 0x72, 0x61, 0x64, 0x0a, 0x23, 0x64, 0x65, 0x66, 0x69, 0x6e, 0x65,
    0x20, 0x74, 0x65, 0x78, 0x74, 0x75, 0x72, 0x65, 0x33, 0x44, 0x20, 0x20,
    0x20, 0x20, 0x20, 0x20, 0x20, 0x20, 0x20, 0x20, 0x74, 0x65, 0x78, 0x74,
    0x75, 0x72, 0x65, 0x0a, 0x23, 0x64, 0x65, 0x66, 0x69, 0x6e, 0x65, 0x20,
    0x74, 0x65, 0x78, 0x74, 0x75, 0x72, 0x65, 0x32, 0x44, 0x4c, 0x6f, 0x64,
    0x4f, 0x66, 0x66, 0x73, 0x65, 0x74, 0x20, 0x74, 0x65, 0x78, 0x74, 0x75,
    0x72, 0x65, 0x4c, 0x6f, 0x64, 0x4f, 0x66, 0x66, 0x73, 0x65, 0x74, 0x0a,
    0x23, 0x64, 0x65, 0x66, 0x69, 0x6e, 0x65, 0x20, 0x61, 0x74, 0x74, 0x72,
    0x69, 0x62, 0x75, 0x74, 0x65, 0x20, 0x69, 0x6e, 0x0a, 0x23, 0x64, 0x65,
    0x66, 0x69, 0x6e, 0x65, 0x20, 0x76, 0x61, 0x72, 0x79, 0x69, 0x6e, 0x67,
    0x20, 0x69, 0x6e, 0x0a, 0x23, 0x64, 0x65, 0x66, 0x69, 0x6e, 0x65, 0x20,
    0x62, 0x67, 0x66, 0x78, 0x53, 0x68, 0x61, 0x64, 0x6f, 0x77, 0x32, 0x44,
    0x28, 0x5f, 0x73, 0x61, 0x6d, 0x70, 0x6c, 0x65, 0x72, 0x2c, 0x20, 0x5f,
    0x63, 0x6f, 0x6f, 0x72, 0x64, 0x29, 0x20, 0x20, 0x20, 0x20, 0x20, 0x76,
    0x65, 0x63, 0x34, 0x5f, 0x73, 0x70, 0x6c, 0x61, 0x74, 0x28, 0x74, 0x65,
    0x78, 0x74, 0x75, 0x72, 0x65, 0x28, 0x5f, 0x73, 0x61, 0x6d, 0x70, 0x6c,
    0x65, 0x72, 0x2c, 0x20, 0x5f, 0x63, 0x6f, 0x6f, 0x72, 0x64, 0x29, 0x20,
    0x29, 0x0a, 0x23, 0x64, 0x65, 0x66, 0x69, 0x6e, 0x65, 0x20, 0x62, 0x67,
    0x66, 0x78, 0x53, 0x68, 0x61, 0x64, 0x6f, 0x77, 0x32, 0x44, 0x50, 0x72,
    0x6f, 0x6a, 0x28, 0x5f, 0x73, 0x61, 0x6d, 0x70, 0x6c, 0x65, 0x72, 0x2c,
    0x20, 0x5f, 0x63, 0x6f, 0x6f, 0x72, 0x64, 0x29, 0x20, 0x76, 0x65, 0x63,
    0x34, 0x5f, 0x73, 0x70, 0x6c, 0x61, 0x74, 0x28, 0x74, 0x65, 0x78, 0x74,
    0x75, 0x72, 0x65, 0x50, 0x72, 0x6f, 0x6a, 0x28, 0x5f, 0x73, 0x61, 0x6d,
    0x70, 0x6c, 0x65, 0x72, 0x2c, 0x20, 0x5f, 0x63, 0x6f, 0x6f, 0x72, 0x64,
    0x29, 0x20, 0x29, 0x0a, 0x76, 0x61, 0x72, 0x79, 0x69, 0x6e, 0x67, 0x20,
    0x76, 0x65, 0x63, 0x32, 0x20, 0x76, 0x5f, 0x74, 0x65, 0x78, 0x63, 0x6f,
    0x6f, 0x72, 0x64, 0x30, 0x3b, 0x0a, 0x66, 0x6c, 0x6f, 0x61, 0x74, 0x20,
    0x72, 0x63, 0x70, 0x28, 0x66, 0x6c, 0x6f, 0x61, 0x74, 0x20, 0x5f, 0x61,
    0x29, 0x20, 0x7b, 0x20, 0x72, 0x65, 0x74, 0x75, 0x72, 0x6e, 0x20, 0x31,
    0x2e, 0x30, 0x2f, 0x5f, 0x61, 0x3b, 0x20, 0x7d, 0x0a, 0x76, 0x65, 0x63,
    0x32, 0x20, 0x72, 0x63, 0x70, 0x28, 0x76, 0x65, 0x63, 0x32, 0x20, 0x5f,
    0x61, 0x29, 0x20, 0x7b, 0x20, 0x72, 0x65, 0x74, 0x75, 0x72, 0x6e, 0x20,
    0x76, 0x65, 0x63, 0x32, 0x28, 0x31, 0x2e, 0x30, 0x29, 0x2f, 0x5f, 0x61,
    0x3b, 0x20, 0x7d, 0x0a, 0x76, 0x65, 0x63, 0x33, 0x20, 0x72, 0x63, 0x70,
    0x28, 0x76, 0x65, 0x63, 0x33, 0x20, 0x5f, 0x61, 0x29, 0x20, 0x7b, 0x20,
    0x72, 0x65, 0x74, 0x75, 0x72, 0x6e, 0x20, 0x76, 0x65, 0x63, 0x33, 0x28,
    0x31, 0x2e, 0x30, 0x29, 0x2f, 0x5f, 0x61, 0x3b, 0x20, 0x7d, 0x0a, 0x76,
    0x65, 0x63, 0x34, 0x20, 0x72, 0x63, 0x70, 0x28, 0x76, 0x65, 0x63, 0x34,
    0x20, 0x5f, 0x61, 0x29, 0x20, 0x7b, 0x20, 0x72, 0x65, 0x74, 0x75, 0x72,
    0x6e, 0x20, 0x76, 0x65, 0x63, 0x34, 0x28, 0x31, 0x2e, 0x30, 0x29, 0x2f,
    0x5f, 0x61, 0x3b, 0x20, 0x7d, 0x0a, 0x76, 0x65, 0x63, 0x32, 0x20, 0x76,
    0x65, 0x63, 0x32, 0x5f, 0x73, 0x70, 0x6c, 0x61, 0x74, 0x28, 0x66, 0x6c,
    0x6f, 0x61, 0x74, 0x20, 0x5f, 0x78, 0x29, 0x20, 0x7b, 0x20, 0x72, 0x65,
    0x74, 0x75, 0x72, 0x6e, 0x20, 0x76, 0x65, 0x63, 0x32, 0x28, 0x5f, 0x78,
    0x2c, 0x20, 0x5f, 0x78, 0x29, 0x3b, 0x20, 0x7d, 0x0a, 0x76, 0x65, 0x63,
    0x33, 0x20, 0x76, 0x65, 0x63, 0x33, 0x5f, 0x73, 0x70, 0x6c, 0x61, 0x74,
    0x28, 0x66, 0x6c, 0x6f, 0x61, 0x74, 0x20, 0x5f, 0x78, 0x29, 0x20, 0x7b,
    0x20, 0x72, 0x65, 0x74, 0x75, 0x72, 0x6e, 0x20, 0x76, 0x65, 0x63, 0x33,
    0x28, 0x5f, 0x78, 0x2c, 0x20, 0x5f, 0x78, 0x2c, 0x20, 0x5f, 0x78, 0x29,
    0x3b, 0x20, 0x7d, 0x0a, 0x76, 0x65, 0x63, 0x34, 0x20, 0x76, 0x65, 0x63,
    0x34, 0x5f, 0x73, 0x70, 0x6c, 0x61, 0x74, 0x28, 0x66, 0x6c, 0x6f, 0x61,
    0x74, 0x20, 0x5f, 0x78, 0x29, 0x20, 0x7b, 0x20, 0x72, 0x65, 0x74, 0x75,
    0x72, 0x6e, 0x20, 0x76, 0x65, 0x63, 0x34, 0x28, 0x5f, 0x78, 0x2c, 0x20,
    0x5f, 0x78, 0x2c, 0x20, 0x5f, 0x78, 0x2c, 0x20, 0x5f, 0x78, 0x29, 0x3b,
    0x20, 0x7d, 0x0a, 0x75, 0x76, 0x65, 0x63, 0x32, 0x20, 0x75, 0x76, 0x65,
    0x63, 0x32, 0x5f, 0x73, 0x70, 0x6c, 0x61, 0x74, 0x28, 0x75, 0x69, 0x6e,
    0x74, 0x20, 0x5f, 0x78, 0x29, 0x20, 0x7b, 0x20, 0x72, 0x65, 0x74, 0x75,
    0x72, 0x6e, 0x20, 0x75, 0x76, 0x65, 0x63, 0x32, 0x28, 0x5f, 0x78, 0x2c,
    0x20, 0x5f, 0x78, 0x29, 0x3b, 0x20, 0x7d, 0x0a, 0x75, 0x76, 0x65, 0x63,
    0x33, 0x20, 0x75, 0x76, 0x65, 0x63, 0x33, 0x5f, 0x73, 0x70, 0x6c, 0x61,
    0x74, 0x28, 0x75, 0x69, 0x6e, 0x74, 0x20, 0x5f, 0x78, 0x29, 0x20, 0x7b,
    0x20, 0x72, 0x65, 0x74, 0x75, 0x72, 0x6e, 0x20, 0x75, 0x76, 0x65, 0x63,
    0x33, 0x28, 0x5f, 0x78, 0x2c, 0x20, 0x5f, 0x78, 0x2c, 0x20, 0x5f, 0x78,
    0x29, 0x3b, 0x20, 0x7d, 0x0a, 0x75, 0x76, 0x65, 0x63, 0x34, 0x20, 0x75,
    0x76, 0x65, 0x63, 0x34, 0x5f, 0x73, 0x70, 0x6c, 0x61, 0x74, 0x28, 0x75,
    0x69, 0x6e, 0x74, 0x20, 0x5f, 0x78, 0x29, 0x20, 0x7b, 0x20, 0x72, 0x65,
    0x74, 0x75, 0x72, 0x6e, 0x20, 0x75, 0x76, 0x65, 0x63, 0x34, 0x28, 0x5f,
    0x78, 0x2c, 0x20, 0x5f, 0x78, 0x2c, 0x20, 0x5f, 0x78, 0x2c, 0x20, 0x5f,
    0x78, 0x29, 0x3b, 0x20, 0x7d, 0x0a, 0x6d, 0x61, 0x74, 0x34, 0x20, 0x6d,
    0x74, 0x78, 0x46, 0x72, 0x6f, 0x6d, 0x52, 0x6f, 0x77, 0x73, 0x28, 0x76,
    0x65, 0x63, 0x34, 0x20, 0x5f, 0x30, 0x2c, 0x20, 0x76, 0x65, 0x63, 0x34,
    0x20, 0x5f, 0x31, 0x2c, 0x20, 0x76, 0x65, 0x63, 0x34, 0x20, 0x5f, 0x32,
    0x2c, 0x20, 0x76, 0x65, 0x63, 0x34, 0x20, 0x5f, 0x33, 0x29, 0x0a, 0x7b,
    0x0a, 0x72, 0x65, 0x74, 0x75, 0x72, 0x6e, 0x20, 0x74, 0x72, 0x61, 0x6e,
    0x73, 0x70, 0x6f, 0x73, 0x65, 0x28, 0x6d, 0x61, 0x74, 0x34, 0x28, 0x5f,
    0x30, 0x2c, 0x20, 0x5f, 0x31, 0x2c, 0x20, 0x5f, 0x32, 0x2c, 0x20, 0x5f,
    0x33, 0x29, 0x20, 0x29, 0x3b, 0x0a, 0x7d, 0x0a, 0x6d, 0x61, 0x74, 0x34,
    0x20, 0x6d, 0x74, 0x78, 0x46, 0x72, 0x6f, 0x6d, 0x43, 0x6f, 0x6c, 0x73,
    0x28, 0x76, 0x65, 0x63, 0x34, 0x20, 0x5f, 0x30, 0x2c, 0x20, 0x76, 0x65,
    0x63, 0x34, 0x20, 0x5f, 0x31, 0x2c, 0x20, 0x76, 0x65, 0x63, 0x34, 0x20,
    0x5f, 0x32, 0x2c, 0x20, 0x76, 0x65, 0x63, 0x34, 0x20, 0x5f, 0x33, 0x29,
    0x0a, 0x7b, 0x0a, 0x72, 0x65, 0x74, 0x75, 0x72, 0x6e, 0x20, 0x6d, 0x61,
    0x74, 0x34, 0x28, 0x5f, 0x30, 0x2c, 0x20, 0x5f, 0x31, 0x2c, 0x20, 0x5f,
    0x32, 0x2c, 0x20, 0x5f, 0x33, 0x29, 0x3b, 0x0a, 0x7d, 0x0a, 0x6d, 0x61,
    0x74, 0x33, 0x20, 0x6d, 0x74, 0x78, 0x46, 0x72, 0x6f, 0x6d, 0x52, 0x6f,
    0x77, 0x73, 0x28, 0x76, 0x65, 0x63, 0x33, 0x20, 0x5f, 0x30, 0x2c, 0x20,
    0x76, 0x65, 0x63, 0x33, 0x20, 0x5f, 0x31, 0x2c, 0x20, 0x76, 0x65, 0x63,
    0x33, 0x20, 0x5f, 0x32, 0x29, 0x0a, 0x7b, 0x0a, 0x72, 0x65, 0x74, 0x75,
    0x72, 0x6e, 0x20, 0x74, 0x72, 0x61, 0x6e, 0x73, 0x70, 0x6f, 0x73, 0x65,
    0x28, 0x6d, 0x61, 0x74, 0x33, 0x28, 0x5f, 0x30, 0x2c, 0x20, 0x5f, 0x31,
    0x2c, 0x20, 0x5f, 0x32, 0x29, 0x20, 0x29, 0x3b, 0x0a, 0x7d, 0x0a, 0x6d,
    0x61, 0x74, 0x33, 0x20, 0x6d, 0x74, 0x78, 0x46, 0x72, 0x6f, 0x6d, 0x43,
    0x6f, 0x6c, 0x73, 0x28, 0x76, 0x65, 0x63, 0x33, 0x20, 0x5f, 0x30, 0x2c,
    0x20, 0x76, 0x65, 0x63, 0x33, 0x20, 0x5f, 0x31, 0x2c, 0x20, 0x76, 0x65,
    0x63, 0x33, 0x20, 0x5f, 0x32, 0x29, 0x0a, 0x7b, 0x0a, 0x72, 0x65, 0x74,
    0x75, 0x72, 0x6e, 0x20, 0x6d, 0x61, 0x74, 0x33, 0x28, 0x5f, 0x30, 0x2c,
    0x20, 0x5f, 0x31, 0x2c, 0x20, 0x5f, 0x32, 0x29, 0x3b, 0x0a, 0x7d, 0x0a,
    0x6d, 0x61, 0x74, 0x34, 0x78, 0x33, 0x20, 0x6d, 0x74, 0x78, 0x46, 0x72,
    0x6f, 0x6d, 0x52, 0x6f, 0x77, 0x73, 0x28, 0x76, 0x65, 0x63, 0x34, 0x20,
    0x5f, 0x30, 0x2c, 0x20, 0x76, 0x65, 0x63, 0x34, 0x20, 0x5f, 0x31, 0x2c,
    0x20, 0x76, 0x65, 0x63, 0x34, 0x20, 0x5f, 0x32, 0x29, 0x0a, 0x7b, 0x0a,
    0x72, 0x65, 0x74, 0x75, 0x72, 0x6e, 0x20, 0x74, 0x72, 0x61, 0x6e, 0x73,
    0x70, 0x6f, 0x73, 0x65, 0x28, 0x6d, 0x61, 0x74, 0x33, 0x78, 0x34, 0x28,
    0x5f, 0x30, 0x2c, 0x20, 0x5f, 0x31, 0x2c, 0x20, 0x5f, 0x32, 0x29, 0x20,
    0x29, 0x3b, 0x0a, 0x7d, 0x0a, 0x76, 0x65, 0x63, 0x33, 0x20, 0x6d, 0x74,
    0x78, 0x47, 0x65, 0x74, 0x52, 0x6f, 0x77, 0x28, 0x6d, 0x61, 0x74, 0x33,
    0x20, 0x5f, 0x6d, 0x74, 0x78, 0x2c, 0x20, 0x69, 0x6e, 0x74, 0x20, 0x5f,
    0x72, 0x6f, 0x77, 0x29, 0x0a, 0x7b, 0x0a, 0x72, 0x65, 0x74, 0x75, 0x72,
    0x6e, 0x20, 0x76, 0x65, 0x63, 0x33, 0x28, 0x5f, 0x6d, 0x74, 0x78, 0x5b,
    0x30, 0x5d, 0x5b, 0x5f, 0x72, 0x6f, 0x77, 0x5d, 0x2c, 0x20, 0x5f, 0x6d,
    0x74, 0x78, 0x5b, 0x31, 0x5d, 0x5b, 0x5f, 0x72, 0x6f, 0x77, 0x5d, 0x2c,
    0x20, 0x5f, 0x6d, 0x74, 0x78, 0x5b, 0x32, 0x5d, 0x5b, 0x5f, 0x72, 0x6f,
    0x77, 0x5d, 0x29, 0x3b, 0x0a, 0x7d, 0x0a, 0x76, 0x65, 0x63, 0x33, 0x20,
    0x6d, 0x74, 0x78, 0x47, 0x65, 0x74, 0x43, 0x6f, 0x6c, 0x75, 0x6d, 0x6e,
    0x28, 0x6d, 0x61, 0x74, 0x33, 0x20, 0x5f, 0x6d, 0x74, 0x78, 0x2c, 0x20,
    0x69, 0x6e, 0x74, 0x20, 0x5f, 0x63, 0x6f, 0x6c, 0x75, 0x6d, 0x6e, 0x29,
    0x0a, 0x7b, 0x0a, 0x72, 0x65, 0x74, 0x75, 0x72, 0x6e, 0x20, 0x76, 0x65,
    0x63, 0x33, 0x28, 0x5f, 0x6d, 0x74, 0x78, 0x5b, 0x5f, 0x63, 0x6f, 0x6c,
    0x75, 0x6d, 0x6e, 0x5d, 0x29, 0x3b, 0x0a, 0x7d, 0x0a, 0x76, 0x65, 0x63,
    0x34, 0x20, 0x6d, 0x74, 0x78, 0x47, 0x65, 0x74, 0x52, 0x6f, 0x77, 0x28,
    0x6d, 0x61, 0x74, 0x34, 0x78, 0x33, 0x20, 0x5f, 0x6d, 0x74, 0x78, 0x2c,
    0x20, 0x69, 0x6e, 0x74, 0x20, 0x5f, 0x72, 0x6f, 0x77, 0x29, 0x0a, 0x7b,
    0x0a, 0x72, 0x65, 0x74, 0x75, 0x72, 0x6e, 0x20, 0x76, 0x65, 0x63, 0x34,
    0x28, 0x5f, 0x6d, 0x74, 0x78, 0x5b, 0x30, 0x5d, 0x5b, 0x5f, 0x72, 0x6f,
    0x77, 0x5d, 0x2c, 0x20, 0x5f, 0x6d, 0x74, 0x78, 0x5b, 0x31, 0x5d, 0x5b,
    0x5f, 0x72, 0x6f, 0x77, 0x5d, 0x2c, 0x20, 0x5f, 0x6d, 0x74, 0x78, 0x5b,
    0x32, 0x5d, 0x5b, 0x5f, 0x72, 0x6f, 0x77, 0x5d, 0x2c, 0x20, 0x5f, 0x6d,
    0x74, 0x78, 0x5b, 0x33, 0x5d, 0x5b, 0x5f, 0x72, 0x6f, 0x77, 0x5d, 0x29,
    0x3b, 0x0a, 0x7d, 0x0a, 0x76, 0x65, 0x63, 0x33, 0x20, 0x6d, 0x74, 0x78,
    0x47, 0x65, 0x74, 0x43, 0x6f, 0x6c, 0x75, 0x6d, 0x6e, 0x28, 0x6d, 0x61,
    0x74, 0x34, 0x78, 0x33, 0x20, 0x5f, 0x6d, 0x74, 0x78, 0x2c, 0x20, 0x69,
    0x6e, 0x74, 0x20, 0x5f, 0x63, 0x6f, 0x6c, 0x75, 0x6d, 0x6e, 0x29, 0x0a,
    0x7b, 0x0a, 0x72, 0x65, 0x74, 0x75, 0x72, 0x6e, 0x20, 0x76, 0x65, 0x63,
    0x33, 0x28, 0x5f, 0x6d, 0x74, 0x78, 0x5b, 0x5f, 0x63, 0x6f, 0x6c, 0x75,
    0x6d, 0x6e, 0x5d, 0x29, 0x3b, 0x0a, 0x7d, 0x0a, 0x76, 0x65, 0x63, 0x34,
    0x20, 0x6d, 0x74, 0x78, 0x47, 0x65, 0x74, 0x52, 0x6f, 0x77, 0x28, 0x6d,
    0x61, 0x74, 0x34, 0x20, 0x5f, 0x6d, 0x74, 0x78, 0x2c, 0x20, 0x69, 0x6e,
    0x74, 0x20, 0x5f, 0x72, 0x6f, 0x77, 0x29, 0x0a, 0x7b, 0x0a, 0x72, 0x65,
    0x74, 0x75, 0x72, 0x6e, 0x20, 0x76, 0x65, 0x63, 0x34, 0x28, 0x5f, 0x6d,
    0x74, 0x78, 0x5b, 0x30, 0x5d, 0x5b, 0x5f, 0x72, 0x6f, 0x77, 0x5d, 0x2c,
    0x20, 0x5f, 0x6d, 0x74, 0x78, 0x5b, 0x31, 0x5d, 0x5b, 0x5f, 0x72, 0x6f,
    0x77, 0x5d, 0x2c, 0x20, 0x5f, 0x6d, 0x74, 0x78, 0x5b, 0x32, 0x5d, 0x5b,
    0x5f, 0x72, 0x6f, 0x77, 0x5d, 0x2c, 0x20, 0x5f, 0x6d, 0x74, 0x78, 0x5b,
    0x33, 0x5d, 0x5b, 0x5f, 0x72, 0x6f, 0x77, 0x5d, 0x29, 0x3b, 0x0a, 0x7d,
    0x0a, 0x76, 0x65, 0x63, 0x34, 0x20, 0x6d, 0x74, 0x78, 0x47, 0x65, 0x74,
    0x43, 0x6f, 0x6c, 0x75, 0x6d, 0x6e, 0x28, 0x6d, 0x61, 0x74, 0x34, 0x20,
    0x5f, 0x6d, 0x74, 0x78, 0x2c, 0x20, 0x69, 0x6e, 0x74, 0x20, 0x5f, 0x63,
    0x6f, 0x6c, 0x75, 0x6d, 0x6e, 0x29, 0x0a, 0x7b, 0x0a, 0x72, 0x65, 0x74,
    0x75, 0x72, 0x6e, 0x20, 0x76, 0x65, 0x63, 0x34, 0x28, 0x5f, 0x6d, 0x74,
    0x78, 0x5b, 0x5f, 0x63, 0x6f, 0x6c, 0x75, 0x6d, 0x6e, 0x5d, 0x29, 0x3b,
    0x0a, 0x7d, 0x0a, 0x66, 0x6c, 0x6f, 0x61, 0x74, 0x20, 0x6d, 0x74, 0x78,
    0x47, 0x65, 0x74, 0x45, 0x6c, 0x65, 0x6d, 0x65, 0x6e, 0x74, 0x28, 0x6d,
    0x61, 0x74, 0x33, 0x20, 0x5f, 0x6d, 0x74, 0x78, 0x2c, 0x20, 0x69, 0x6e,
    0x74, 0x20, 0x5f, 0x63, 0x6f, 0x6c, 0x75, 0x6d, 0x6e, 0x2c, 0x20, 0x69,
    0x6e, 0x74, 0x20, 0x5f, 0x72, 0x6f, 0x77, 0x29, 0x0a, 0x7b, 0x0a, 0x72,
    0x65, 0x74, 0x75, 0x72, 0x6e, 0x20, 0x5f, 0x6d, 0x74, 0x78, 0x5b, 0x5f,
    0x63, 0x6f, 0x6c, 0x75, 0x6d, 0x6e, 0x5d, 0x5b, 0x5f, 0x72, 0x6f, 0x77,
    0x5d, 0x3b, 0x0a, 0x7d, 0x0a, 0x66, 0x6c, 0x6f, 0x61, 0x74, 0x20, 0x6d,
    0x74, 0x78, 0x47, 0x65, 0x74, 0x45, 0x6c, 0x65, 0x6d, 0x65, 0x6e, 0x74,
    0x28, 0x6d, 0x61, 0x74, 0x34, 0x20, 0x5f, 0x6d, 0x74, 0x78, 0x2c, 0x20,
    0x69, 0x6e, 0x74, 0x20, 0x5f, 0x63, 0x6f, 0x6c, 0x75, 0x6d, 0x6e, 0x2c,
    0x20, 0x69, 0x6e, 0x74, 0x20, 0x5f, 0x72, 0x6f, 0x77, 0x29, 0x0a, 0x7b,
    0x0a, 0x72, 0x65, 0x74, 0x75, 0x72, 0x6e, 0x20, 0x5f, 0x6d, 0x74, 0x78,
    0x5b, 0x5f, 0x63, 0x6f, 0x6c, 0x75, 0x6d, 0x6e, 0x5d, 0x5b, 0x5f, 0x72,
    0x6f, 0x77, 0x5d, 0x3b, 0x0a, 0x7d, 0x0a, 0x66, 0x6c, 0x6f, 0x61, 0x74,
    0x20, 0x73, 0x65, 0x6c, 0x65, 0x63, 0x74, 0x28, 0x62, 0x6f, 0x6f, 0x6c,
    0x20, 0x5f, 0x63, 0x6f, 0x6e, 0x64, 0x2c, 0x20, 0x66, 0x6c, 0x6f, 0x61,
    0x74, 0x20, 0x5f, 0x74, 0x72, 0x75, 0x65, 0x2c, 0x20, 0x66, 0x6c, 0x6f,
    0x61, 0x74, 0x20, 0x5f, 0x66, 0x61, 0x6c, 0x73, 0x65, 0x29, 0x20, 0x7b,
    0x20, 0x72, 0x65, 0x74, 0x75, 0x72, 0x6e, 0x20, 0x5f, 0x63, 0x6f, 0x6e,
    0x64, 0x20, 0x3f, 0x20, 0x5f, 0x74, 0x72, 0x75, 0x65, 0x20, 0x3a, 0x20,
    0x5f, 0x66, 0x61, 0x6c, 0x73, 0x65, 0x3b, 0x20, 0x7d, 0x0a, 0x76, 0x65,
    0x63, 0x32, 0x20, 0x73, 0x65, 0x6c, 0x65, 0x63, 0x74, 0x28, 0x62, 0x6f,
    0x6f, 0x6c, 0x20, 0x5f, 0x63, 0x6f, 0x6e, 0x64, 0x2c, 0x20, 0x76, 0x65,
    0x63, 0x32, 0x20, 0x5f, 0x74, 0x72, 0x75, 0x65, 0x2c, 0x20, 0x76, 0x65,
    0x63, 0x32, 0x20, 0x5f, 0x66, 0x61, 0x6c, 0x73, 0x65, 0x29, 0x20, 0x7b,
    0x20, 0x72, 0x65, 0x74, 0x75, 0x72, 0x6e, 0x20, 0x5f, 0x63, 0x6f, 0x6e,
    0x64, 0x20, 0x3f, 0x20, 0x5f, 0x74, 0x72, 0x75, 0x65, 0x20, 0x3a, 0x20,
    0x5f, 0x66, 0x61, 0x6c, 0x73, 0x65, 0x3b, 0x20, 0x7d, 0x0a, 0x76, 0x65,
    0x63, 0x33, 0x20, 0x73, 0x65, 0x6c, 0x65, 0x63, 0x74, 0x28, 0x62, 0x6f,
    0x6f, 0x6c, 0x20, 0x5f, 0x63, 0x6f, 0x6e, 0x64, 0x2c, 0x20, 0x76, 0x65,
    0x63, 0x33, 0x20, 0x5f, 0x74, 0x72, 0x75, 0x65, 0x2c, 0x20, 0x76, 0x65,
    0x63, 0x33, 0x20, 0x5f, 0x66, 0x61, 0x6c, 0x73, 0x65, 0x29, 0x20, 0x7b,
    0x20, 0x72, 0x65, 0x74, 0x75, 0x72, 0x6e, 0x20, 0x5f, 0x63, 0x6f, 0x6e,
    0x64, 0x20, 0x3f, 0x20, 0x5f, 0x74, 0x72, 0x75, 0x65, 0x20, 0x3a, 0x20,
    0x5f, 0x66, 0x61, 0x6c, 0x73, 0x65, 0x3b, 0x20, 0x7d, 0x0a, 0x76, 0x65,
    0x63, 0x34, 0x20, 0x73, 0x65, 0x6c, 0x65, 0x63, 0x74, 0x28, 0x62, 0x6f,
    0x6f, 0x6c, 0x20, 0x5f, 0x63, 0x6f, 0x6e, 0x64, 0x2c, 0x20, 0x76, 0x65,
    0x63, 0x34, 0x20, 0x5f, 0x74, 0x72, 0x75, 0x65, 0x2c, 0x20, 0x76, 0x65,
    0x63, 0x34, 0x20, 0x5f, 0x66, 0x61, 0x6c, 0x73, 0x65, 0x29, 0x20, 0x7b,
    0x20, 0x72, 0x65, 0x74, 0x75, 0x72, 0x6e, 0x20, 0x5f, 0x63, 0x6f, 0x6e,
    0x64, 0x20, 0x3f, 0x20, 0x5f, 0x74, 0x72, 0x75, 0x65, 0x20, 0x3a, 0x20,
    0x5f, 0x66, 0x61, 0x6c, 0x73, 0x65, 0x3b, 0x20, 0x7d, 0x0a, 0x76, 0x65,
    0x63, 0x32, 0x20, 0x73, 0x65, 0x6c, 0x65, 0x63, 0x74, 0x28, 0x62, 0x76,
    0x65, 0x63, 0x32, 0x20, 0x5f, 0x63, 0x6f, 0x6e, 0x64, 0x2c, 0x20, 0x76,
    0x65, 0x63, 0x32, 0x20, 0x5f, 0x74, 0x72, 0x75, 0x65, 0x2c, 0x20, 0x76,
    0x65, 0x63, 0x32, 0x20, 0x5f, 0x66, 0x61, 0x6c, 0x73, 0x65, 0x29, 0x20,
    0x7b, 0x20, 0x72, 0x65, 0x74, 0x75, 0x72, 0x6e, 0x20, 0x28, 0x76, 0x65,
    0x63, 0x32, 0x28, 0x5f, 0x63, 0x6f, 0x6e, 0x64, 0x29, 0x20, 0x2a, 0x20,
    0x5f, 0x74, 0x72, 0x75, 0x65, 0x29, 0x20, 0x2b, 0x20, 0x28, 0x76, 0x65,
    0x63, 0x32, 0x28, 0x6e, 0x6f, 0x74, 0x28, 0x5f, 0x63, 0x6f, 0x6e, 0x64,
    0x29, 0x20, 0x29, 0x20, 0x2a, 0x20, 0x5f, 0x66, 0x61, 0x6c, 0x73, 0x65,
    0x29, 0x3b, 0x20, 0x7d, 0x0a, 0x76, 0x65, 0x63, 0x33, 0x20, 0x73, 0x65,
    0x6c, 0x65, 0x63, 0x74, 0x28, 0x62, 0x76, 0x65, 0x63, 0x33, 0x20, 0x5f,
    0x63, 0x6f, 0x6e, 0x64, 0x2c, 0x20, 0x76, 0x65, 0x63, 0x33, 0x20, 0x5f,
    0x74, 0x72, 0x75, 0x65, 0x2c, 0x20, 0x76, 0x65, 0x63, 0x33, 0x20, 0x5f,
    0x66, 0x61, 0x6c, 0x73, 0x65, 0x29, 0x20, 0x7b, 0x20, 0x72, 0x65, 0x74,
    0x75, 0x72, 0x6e, 0x20, 0x28, 0x76, 0x65, 0x63, 0x33, 0x28, 0x5f, 0x63,
    0x6f, 0x6e, 0x64, 0x29, 0x20, 0x2a, 0x20, 0x5f, 0x74, 0x72, 0x75, 0x65,
    0x29, 0x20, 0x2b, 0x20, 0x28, 0x76, 0x65, 0x63, 0x33, 0x28, 0x6e, 0x6f,
    0x74, 0x28, 0x5f, 0x63, 0x6f, 0x6e, 0x64, 0x29, 0x20, 0x29, 0x20, 0x2a,
    0x20, 0x5f, 0x66, 0x61, 0x6c, 0x73, 0x65, 0x29, 0x3b, 0x20, 0x7d, 0x0a,
    0x76, 0x65, 0x63, 0x34, 0x20, 0x73, 0x65, 0x6c, 0x65, 0x63, 0x74, 0x28,
    0x62, 0x76, 0x65, 0x63, 0x34, 0x20, 0x5f, 0x63, 0x6f, 0x6e, 0x64, 0x2c,
    0x20, 0x76, 0x65, 0x63, 0x34, 0x20, 0x5f, 0x74, 0x72, 0x75, 0x65, 0x2c,
    0x20, 0x76, 0x65, 0x63, 0x34, 0x20, 0x5f, 0x66, 0x61, 0x6c, 0x73, 0x65,
    0x29, 0x20, 0x7b, 0x20, 0x72, 0x65, 0x74, 0x75, 0x72, 0x6e, 0x20, 0x28,
    0x76, 0x65, 0x63, 0x34, 0x28, 0x5f, 0x63, 0x6f, 0x6e, 0x64, 0x29, 0x20,
    0x2a, 0x20, 0x5f, 0x74, 0x72, 0x75, 0x65, 0x29, 0x20, 0x2b, 0x20, 0x28,
    0x76, 0x65, 0x63, 0x34, 0x28, 0x6e, 0x6f, 0x74, 0x28, 0x5f, 0x63, 0x6f,
    0x6e, 0x64, 0x29, 0x20, 0x29, 0x20, 0x2a, 0x20, 0x5f, 0x66, 0x61, 0x6c,
    0x73, 0x65, 0x29, 0x3b, 0x20, 0x7d, 0x0a, 0x69, 0x6e, 0x74, 0x20, 0x73,
    0x65, 0x6c, 0x65, 0x63, 0x74, 0x28, 0x62, 0x6f, 0x6f, 0x6c, 0x20, 0x5f,
    0x63, 0x6f, 0x6e, 0x64, 0x2c, 0x20, 0x69, 0x6e, 0x74, 0x20, 0x5f, 0x74,
    0x72, 0x75, 0x65, 0x2c, 0x20, 0x69, 0x6e, 0x74, 0x20, 0x5f, 0x66, 0x61,
    0x6c, 0x73, 0x65, 0x29, 0x20, 0x7b, 0x20, 0x72, 0x65, 0x74, 0x75, 0x72,
    0x6e, 0x20, 0x5f, 0x63, 0x6f, 0x6e, 0x64, 0x20, 0x3f, 0x20, 0x5f, 0x74,
    0x72, 0x75, 0x65, 0x20, 0x3a, 0x20, 0x5f, 0x66, 0x61, 0x6c, 0x73, 0x65,
    0x3b, 0x20, 0x7d, 0x0a, 0x69, 0x76, 0x65, 0x63, 0x32, 0x20, 0x73, 0x65,
    0x6c, 0x65, 0x63, 0x74, 0x28, 0x62, 0x6f, 0x6f, 0x6c, 0x20, 0x5f, 0x63,
    0x6f, 0x6e, 0x64, 0x2c, 0x20, 0x69, 0x76, 0x65, 0x63, 0x32, 0x20, 0x5f,
    0x74, 0x72, 0x75, 0x65, 0x2c, 0x20, 0x69, 0x76, 0x65, 0x63, 0x32, 0x20,
    0x5f, 0x66, 0x61, 0x6c, 0x73, 0x65, 0x29, 0x20, 0x7b, 0x20, 0x72, 0x65,
    0x74, 0x75, 0x72, 0x6e, 0x20, 0x5f, 0x63, 0x6f, 0x6e, 0x64, 0x20, 0x3f,
    0x20, 0x5f, 0x74, 0x72, 0x75, 0x65, 0x20, 0x3a, 0x20, 0x5f, 0x66, 0x61,
    0x6c, 0x73, 0x65, 0x3b, 0x20, 0x7d, 0x0a, 0x69, 0x76, 0x65, 0x63, 0x33,
    0x20, 0x73, 0x65, 0x6c, 0x65, 0x63, 0x74, 0x28, 0x62, 0x6f, 0x6f, 0x6c,
    0x20, 0x5f, 0x63, 0x6f, 0x6e, 0x64, 0x2c, 0x20, 0x69, 0x76, 0x65, 0x63,
    0x33, 0x20, 0x5f, 0x74, 0x72, 0x75, 0x65, 0x2c, 0x20, 0x69, 0x76, 0x65,
    0x63, 0x33, 0x20, 0x5f, 0x66, 0x61, 0x6c, 0x73, 0x65, 0x29, 0x20, 0x7b,
    0x20, 0x72, 0x65, 0x74, 0x75, 0x72, 0x6e, 0x20, 0x5f, 0x63, 0x6f, 0x6e,
    0x64, 0x20, 0x3f, 0x20, 0x5f, 0x74, 0x72, 0x75, 0x65, 0x20, 0x3a, 0x20,
    0x5f, 0x66, 0x61, 0x6c, 0x73, 0x65, 0x3b, 0x20, 0x7d, 0x0a, 0x69, 0x76,
    0x65, 0x63, 0x34, 0x20, 0x73, 0x65, 0x6c, 0x65, 0x63, 0x74, 0x28, 0x62,
    0x6f, 0x6f, 0x6c, 0x20, 0x5f, 0x63, 0x6f, 0x6e, 0x64, 0x2c, 0x20, 0x69,
    0x76, 0x65, 0x63, 0x34, 0x20, 0x5f, 0x74, 0x72, 0x75, 0x65, 0x2c, 0x20,
    0x69, 0x76, 0x65, 0x63, 0x34, 0x20, 0x5f, 0x66, 0x61, 0x6c, 0x73, 0x65,
    0x29, 0x20, 0x7b, 0x20, 0x72, 0x65, 0x74, 0x75, 0x72, 0x6e, 0x20, 0x5f,
    0x63, 0x6f, 0x6e, 0x64, 0x20, 0x3f, 0x20, 0x5f, 0x74, 0x72, 0x75, 0x65,
    0x20, 0x3a, 0x20, 0x5f, 0x66, 0x61, 0x6c, 0x73, 0x65, 0x3b, 0x20, 0x7d,
    0x0a, 0x69, 0x76, 0x65, 0x63, 0x32, 0x20, 0x73, 0x65, 0x6c, 0x65, 0x63,
    0x74, 0x28, 0x62, 0x76, 0x65, 0x63, 0x32, 0x20, 0x5f, 0x63, 0x6f, 0x6e,
    0x64, 0x2c, 0x20, 0x69, 0x76, 0x65, 0x63, 0x32, 0x20, 0x5f, 0x74, 0x72,
    0x75, 0x65, 0x2c, 0x20, 0x69, 0x76, 0x65, 0x63, 0x32, 0x20, 0x5f, 0x66,
    0x61, 0x6c, 0x73, 0x65, 0x29, 0x20, 0x7b, 0x20, 0x72, 0x65, 0x74, 0x75,
    0x72, 0x6e, 0x20, 0x28, 0x69, 0x76, 0x65, 0x63, 0x32, 0x28, 0x5f, 0x63,
    0x6f, 0x6e, 0x64, 0x29, 0x20, 0x2a, 0x20, 0x5f, 0x74, 0x72, 0x75, 0x65,
    0x29, 0x20, 0x2b, 0x20, 0x28, 0x69, 0x76, 0x65, 0x63, 0x32, 0x28, 0x6e,
    0x6f, 0x74, 0x28, 0x5f, 0x63, 0x6f, 0x6e, 0x64, 0x29, 0x20, 0x29, 0x20,
    0x2a, 0x20, 0x5f, 0x66, 0x61, 0x6c, 0x73, 0x65, 0x29, 0x3b, 0x20, 0x7d,
    0x0a, 0x69, 0x76, 0x65, 0x63, 0x33, 0x20, 0x73, 0x65, 0x6c, 0x65, 0x63,
    0x74, 0x28, 0x62, 0x76, 0x65, 0x63, 0x33, 0x20, 0x5f, 0x63, 0x6f, 0x6e,
    0x64, 0x2c, 0x20, 0x69, 0x76, 0x65, 0x63, 0x33, 0x20, 0x5f, 0x74, 0x72,
    0x75, 0x65, 0x2c, 0x20, 0x69, 0x76, 0x65, 0x63, 0x33, 0x20, 0x5f, 0x66,
    0x61, 0x6c, 0x73, 0x65, 0x29, 0x20, 0x7b, 0x20, 0x72, 0x65, 0x74, 0x75,
    0x72, 0x6e, 0x20, 0x28, 0x69, 0x76, 0x65, 0x63, 0x33, 0x28, 0x5f, 0x63,
    0x6f, 0x6e, 0x64, 0x29, 0x20, 0x2a, 0x20, 0x5f, 0x74, 0x72, 0x75, 0x65,
    0x29, 0x20, 0x2b, 0x20, 0x28, 0x69, 0x76, 0x65, 0x63, 0x33, 0x28, 0x6e,
    0x6f, 0x74, 0x28, 0x5f, 0x63, 0x6f, 0x6e, 0x64, 0x29, 0x20, 0x29, 0x20,
    0x2a, 0x20, 0x5f, 0x66, 0x61, 0x6c, 0x73, 0x65, 0x29, 0x3b, 0x20, 0x7d,
    0x0a, 0x69, 0x76, 0x65, 0x63, 0x34, 0x20, 0x73, 0x65, 0x6c, 0x65, 0x63,
    0x74, 0x28, 0x62, 0x76, 0x65, 0x63, 0x34, 0x20, 0x5f, 0x63, 0x6f, 0x6e,
    0x64, 0x2c, 0x20, 0x69, 0x76, 0x65, 0x63, 0x34, 0x20, 0x5f, 0x74, 0x72,
    0x75, 0x65, 0x2c, 0x20, 0x69, 0x76, 0x65, 0x63, 0x34, 0x20, 0x5f, 0x66,
    0x61, 0x6c, 0x73, 0x65, 0x29, 0x20, 0x7b, 0x20, 0x72, 0x65, 0x74, 0x75,
    0x72, 0x6e, 0x20, 0x28, 0x69, 0x76, 0x65, 0x63, 0x34, 0x28, 0x5f, 0x63,
    0x6f, 0x6e, 0x64, 0x29, 0x20, 0x2a, 0x20, 0x5f, 0x74, 0x72, 0x75, 0x65,
    0x29, 0x20, 0x2b, 0x20, 0x28, 0x69, 0x76, 0x65, 0x63, 0x34, 0x28, 0x6e,
    0x6f, 0x74, 0x28, 0x5f, 0x63, 0x6f, 0x6e, 0x64, 0x29, 0x20, 0x29, 0x20,
    0x2a, 0x20, 0x5f, 0x66, 0x61, 0x6c, 0x73, 0x65, 0x29, 0x3b, 0x20, 0x7d,
    0x0a, 0x75, 0x69, 0x6e, 0x74, 0x20, 0x73, 0x65, 0x6c, 0x65, 0x63, 0x74,
    0x28, 0x62, 0x6f, 0x6f, 0x6c, 0x20, 0x5f, 0x63, 0x6f, 0x6e, 0x64, 0x2c,
    0x20, 0x75, 0x69, 0x6e, 0x74, 0x20, 0x5f, 0x74, 0x72, 0x75, 0x65, 0x2c,
    0x20, 0x75, 0x69, 0x6e, 0x74, 0x20, 0x5f, 0x66, 0x61, 0x6c, 0x73, 0x65,
    0x29, 0x20, 0x7b, 0x20, 0x72, 0x65, 0x74, 0x75, 0x72, 0x6e, 0x20, 0x5f,
    0x63, 0x6f, 0x6e, 0x64, 0x20, 0x3f, 0x20, 0x5f, 0x74, 0x72, 0x75, 0x65,
    0x20, 0x3a, 0x20, 0x5f, 0x66, 0x61, 0x6c, 0x73, 0x65, 0x3b, 0x20, 0x7d,
    0x0a, 0x75, 0x76, 0x65, 0x63, 0x32, 0x20, 0x73, 0x65, 0x6c, 0x65, 0x63,
    0x74, 0x28, 0x62, 0x6f, 0x6f, 0x6c, 0x20, 0x5f, 0x63, 0x6f, 0x6e, 0x64,
    0x2c, 0x20, 0x75, 0x76, 0x65, 0x63, 0x32, 0x20, 0x5f, 0x74, 0x72, 0x75,
    0x65, 0x2c, 0x20, 0x75, 0x76, 0x65, 0x63, 0x32, 0x20, 0x5f, 0x66, 0x61,
    0x6c, 0x73, 0x65, 0x29, 0x20, 0x7b, 0x20, 0x72, 0x65, 0x74, 0x75, 0x72,
    0x6e, 0x20, 0x5f, 0x63, 0x6f, 0x6e, 0x64, 0x20, 0x3f, 0x20, 0x5f, 0x74,
    0x72, 0x75, 0x65, 0x20, 0x3a, 0x20, 0x5f, 0x66, 0x61, 0x6c, 0x73, 0x65,
    0x3b, 0x20, 0x7d, 0x0a, 0x75, 0x76, 0x65, 0x63, 0x33, 0x20, 0x73, 0x65,
    0x6c, 0x65, 0x63, 0x74, 0x28, 0x62, 0x6f, 0x6f, 0x6c, 0x20, 0x5f, 0x63,
    0x6f, 0x6e, 0x64, 0x2c, 0x20, 0x75, 0x76, 0x65, 0x63, 0x33, 0x20, 0x5f,
    0x74, 0x72, 0x75, 0x65, 0x2c, 0x20, 0x75, 0x76, 0x65, 0x63, 0x33, 0x20,
    0x5f, 0x66, 0x61, 0x6c, 0x73, 0x65, 0x29, 0x20, 0x7b, 0x20, 0x72, 0x65,
    0x74, 0x75, 0x72, 0x6e, 0x20, 0x5f, 0x63, 0x6f, 0x6e, 0x64, 0x20, 0x3f,
    0x20, 0x5f, 0x74, 0x72, 0x75, 0x65, 0x20, 0x3a, 0x20, 0x5f, 0x66, 0x61,
    0x6c, 0x73, 0x65, 0x3b, 0x20, 0x7d, 0x0a, 0x75, 0x76, 0x65, 0x63, 0x34,
    0x20, 0x73, 0x65, 0x6c, 0x65, 0x63, 0x74, 0x28, 0x62, 0x6f, 0x6f, 0x6c,
    0x20, 0x5f, 0x63, 0x6f, 0x6e, 0x64, 0x2c, 0x20, 0x75, 0x76, 0x65, 0x63,
    0x34, 0x20, 0x5f, 0x74, 0x72, 0x75, 0x65, 0x2c, 0x20, 0x75, 0x76, 0x65,
    0x63, 0x34, 0x20, 0x5f, 0x66, 0x61, 0x6c, 0x73, 0x65, 0x29, 0x20, 0x7b,
    0x20, 0x72, 0x65, 0x74, 0x75, 0x72, 0x6e, 0x20, 0x5f, 0x63, 0x6f, 0x6e,
    0x64, 0x20, 0x3f, 0x20, 0x5f, 0x74, 0x72, 0x75, 0x65, 0x20, 0x3a, 0x20,
    0x5f, 0x66, 0x61, 0x6c, 0x73, 0x65, 0x3b, 0x20, 0x7d, 0x0a, 0x75, 0x76,
    0x65, 0x63, 0x32, 0x20, 0x73, 0x65, 0x6c, 0x65, 0x63, 0x74, 0x28, 0x62,
    0x76, 0x65, 0x63, 0x32, 0x20, 0x5f, 0x63, 0x6f, 0x6e, 0x64, 0x2c, 0x20,
    0x75, 0x76, 0x65, 0x63, 0x32, 0x20, 0x5f, 0x74, 0x72, 0x75, 0x65, 0x2c,
    0x20, 0x75, 0x76, 0x65, 0x63, 0x32, 0x20, 0x5f, 0x66, 0x61, 0x6c, 0x73,
    0x65, 0x29, 0x20, 0x7b, 0x20, 0x72, 0x65, 0x74, 0x75, 0x72, 0x6e, 0x20,
    0x28, 0x75, 0x76, 0x65, 0x63, 0x32, 0x28, 0x5f, 0x63, 0x6f, 0x6e, 0x64,
    0x29, 0x20, 0x2a, 0x20, 0x5f, 0x74, 0x72, 0x75, 0x65, 0x29, 0x20, 0x2b,
    0x20, 0x28, 0x75, 0x76, 0x65, 0x63, 0x32, 0x28, 0x6e, 0x6f, 0x74, 0x28,
    0x5f, 0x63, 0x6f, 0x6e, 0x64, 0x29, 0x20, 0x29, 0x20, 0x2a, 0x20, 0x5f,
    0x66, 0x61, 0x6c, 0x73, 0x65, 0x29, 0x3b, 0x20, 0x7d, 0x0a, 0x75, 0x76,
    0x65, 0x63, 0x33, 0x20, 0x73, 0x65, 0x6c, 0x65, 0x63, 0x74, 0x28, 0x62,
    0x76, 0x65, 0x63, 0x33, 0x20, 0x5f, 0x63, 0x6f, 0x6e, 0x64, 0x2c, 0x20,
    0x75, 0x76, 0x65, 0x63, 0x33, 0x20, 0x5f, 0x74, 0x72, 0x75, 0x65, 0x2c,
    0x20, 0x75, 0x76, 0x65, 0x63, 0x33, 0x20, 0x5f, 0x66, 0x61, 0x6c, 0x73,
    0x65, 0x29, 0x20, 0x7b, 0x20, 0x72, 0x65, 0x74, 0x75, 0x72, 0x6e, 0x20,
    0x28, 0x75, 0x76, 0x65, 0x63, 0x33, 0x28, 0x5f, 0x63, 0x6f, 0x6e, 0x64,
    0x29, 0x20, 0x2a, 0x20, 0x5f, 0x74, 0x72, 0x75, 0x65, 0x29, 0x20, 0x2b,
    0x20, 0x28, 0x75, 0x76, 0x65, 0x63, 0x33, 0x28, 0x6e, 0x6f, 0x74, 0x28,
    0x5f, 0x63, 0x6f, 0x6e, 0x64, 0x29, 0x20, 0x29, 0x20, 0x2a, 0x20, 0x5f,
    0x66, 0x61, 0x6c, 0x73, 0x65, 0x29, 0x3b, 0x20, 0x7d, 0x0a, 0x75, 0x76,
    0x65, 0x63, 0x34, 0x20, 0x73, 0x65, 0x6c, 0x65, 0x63, 0x74, 0x28, 0x62,
    0x76, 0x65, 0x63, 0x34, 0x20, 0x5f, 0x63, 0x6f, 0x6e, 0x64, 0x2c, 0x20,
    0x75, 0x76, 0x65, 0x63, 0x34, 0x20, 0x5f, 0x74, 0x72, 0x75, 0x65, 0x2c,
    0x20, 0x75, 0x76, 0x65, 0x63, 0x34, 0x20, 0x5f, 0x66, 0x61, 0x6c, 0x73,
    0x65, 0x29, 0x20, 0x7b, 0x20, 0x72, 0x65, 0x74, 0x75, 0x72, 0x6e, 0x20,
    0x28, 0x75, 0x76, 0x65, 0x63, 0x34, 0x28, 0x5f, 0x63, 0x6f, 0x6e, 0x64,
    0x29, 0x20, 0x2a, 0x20, 0x5f, 0x74, 0x72, 0x75, 0x65, 0x29, 0x20, 0x2b,
    0x20, 0x28, 0x75, 0x76, 0x65, 0x63, 0x34, 0x28, 0x6e, 0x6f, 0x74, 0x28,
    0x5f, 0x63, 0x6f, 0x6e, 0x64, 0x29, 0x20, 0x29, 0x20, 0x2a, 0x20, 0x5f,
    0x66, 0x61, 0x6c, 0x73, 0x65, 0x29, 0x3b, 0x20, 0x7d, 0x0a, 0x75, 0x6e,
    0x69, 0x66, 0x6f, 0x72, 0x6d, 0x20, 0x76, 0x65, 0x63, 0x34, 0x20, 0x75,
    0x5f, 0x76, 0x69, 0x65, 0x77, 0x52, 0x65, 0x63, 0x74, 0x3b, 0x0a, 0x75,
    0x6e, 0x69, 0x66, 0x6f, 0x72, 0x6d, 0x20, 0x76, 0x65, 0x63, 0x34, 0x20,
    0x75, 0x5f, 0x76, 0x69, 0x65, 0x77, 0x54, 0x65, 0x78, 0x65, 0x6c, 0x3b,
    0x0a, 0x75, 0x6e, 0x69, 0x66, 0x6f, 0x72, 0x6d, 0x20, 0x6d, 0x61, 0x74,
    0x34, 0x20, 0x75, 0x5f, 0x76, 0x69, 0x65, 0x77, 0x3b, 0x0a, 0x75, 0x6e,
    0x69, 0x66, 0x6f, 0x72, 0x6d, 0x20, 0x6d, 0x61, 0x74, 0x34, 0x20, 0x75,
    0x5f, 0x69, 0x6e, 0x76, 0x56, 0x69, 0x65, 0x77, 0x3b, 0x0a, 0x75, 0x6e,
    0x69, 0x66, 0x6f, 0x72, 0x6d, 0x20, 0x6d, 0x61, 0x74, 0x34, 0x20, 0x75,
    0x5f, 0x70, 0x72, 0x6f, 0x6a, 0x3b, 0x0a, 0x75, 0x6e, 0x69, 0x66, 0x6f,
    0x72, 0x6d, 0x20, 0x6d, 0x61, 0x74, 0x34, 0x20, 0x75, 0x5f, 0x69, 0x6e,
    0x76, 0x50, 0x72, 0x6f, 0x6a, 0x3b, 0x0a, 0x75, 0x6e, 0x69, 0x66, 0x6f,
    0x72, 0x6d, 0x20, 0x6d, 0x61, 0x74, 0x34, 0x20, 0x75, 0x5f, 0x76, 0x69,
    0x65, 0x77, 0x50, 0x72, 0x6f, 0x6a, 0x3b, 0x0a, 0x75, 0x6e, 0x69, 0x66,
    0x6f, 0x72, 0x6d, 0x20, 0x6d, 0x61, 0x74, 0x34, 0x20, 0x75, 0x5f, 0x69,
    0x6e, 0x76, 0x56, 0x69, 0x65, 0x77, 0x50, 0x72, 0x6f, 0x6a, 0x3b, 0x0a,
    0x75, 0x6e, 0x69, 0x66, 0x6f, 0x72, 0x6d, 0x20, 0x6d, 0x61, 0x74, 0x34,
    0x20, 0x75, 0x5f, 0x6d, 0x6f, 0x64, 0x65, 0x6c, 0x56, 0x69, 0x65, 0x77,
    0x3b, 0x0a, 0x75, 0x6e, 0x69, 0x66, 0x6f, 0x72, 0x6d, 0x20, 0x6d, 0x61,
    0x74, 0x34, 0x20, 0x75, 0x5f, 0x69, 0x6e, 0x76, 0x4d, 0x6f, 0x64, 0x65,
    0x6c, 0x56, 0x69, 0x65, 0x77, 0x3b, 0x0a, 0x75, 0x6e, 0x69, 0x66, 0x6f,
    0x72, 0x6d, 0x20, 0x6d, 0x61, 0x74, 0x34, 0x20, 0x75, 0x5f, 0x6d, 0x6f,
    0x64, 0x65, 0x6c, 0x56, 0x69, 0x65, 0x77, 0x50, 0x72, 0x6f, 0x6a, 0x3b,
    0x0a, 0x75, 0x6e, 0x69, 0x66, 0x6f, 0x72, 0x6d, 0x20, 0x76, 0x65, 0x63,
    0x34, 0x20, 0x75, 0x5f, 0x61, 0x6c, 0x70, 0x68, 0x61, 0x52, 0x65, 0x66,
    0x34, 0x3b, 0x0a, 0x75, 0x6e, 0x69, 0x66, 0x6f, 0x72, 0x6d, 0x20, 0x6d,
    0x61, 0x74, 0x34, 0x20, 0x75, 0x5f, 0x6d, 0x6f, 0x64, 0x65, 0x6c, 0x5b,
    0x31, 0x5d, 0x3b, 0x0a, 0x75, 0x6e, 0x69, 0x66, 0x6f, 0x72, 0x6d, 0x20,
    0x73, 0x61, 0x6d, 0x70, 0x6c, 0x65, 0x72, 0x32, 0x44, 0x20, 0x73, 0x5f,
    0x74, 0x65, 0x78, 0x74, 0x75, 0x72, 0x65, 0x3b, 0x0a, 0x75, 0x6e, 0x69,
    0x66, 0x6f, 0x72, 0x6d, 0x20, 0x76, 0x65, 0x63, 0x34, 0x20, 0x75, 0x5f,
    0x63, 0x6f, 0x6c, 0x6f, 0x72, 0x3b, 0x0a, 0x6f, 0x75, 0x74, 0x20, 0x76,
    0x65, 0x63, 0x34, 0x20, 0x62, 0x67, 0x66, 0x78, 0x5f, 0x46, 0x72, 0x61,
    0x67, 0x43, 0x6f, 0x6c, 0x6f, 0x72, 0x3b, 0x0a, 0x76, 0x6f, 0x69, 0x64,
    0x20, 0x6d, 0x61, 0x69, 0x6e, 0x28, 0x29, 0x20, 0x7b, 0x0a, 0x76, 0x65,
    0x63, 0x34, 0x20, 0x63, 0x6f, 0x6c, 0x6f, 0x72, 0x20, 0x3d, 0x20, 0x74,
    0x65, 0x78, 0x74, 0x75, 0x72, 0x65, 0x28, 0x73, 0x5f, 0x74, 0x65, 0x78,
    0x74, 0x75, 0x72, 0x65, 0x2c, 0x20, 0x76, 0x5f, 0x74, 0x65, 0x78, 0x63,
    0x6f, 0x6f, 0x72, 0x64, 0x30, 0x29, 0x20, 0x2a, 0x20, 0x75, 0x5f, 0x63,
    0x6f, 0x6c, 0x6f, 0x72, 0x3b, 0x0a, 0x62, 0x67, 0x66, 0x78, 0x5f, 0x46,
    0x72, 0x61, 0x67, 0x43, 0x6f, 0x6c, 0x6f, 0x72, 0x20, 0x3d, 0x20, 0x63,
    0x6f, 0x6c, 0x6f, 0x72, 0x3b, 0x0a, 0x7d, 0x0a, 0x00,
};
const size_t kEmbeddedGL_fs_modulated_texture_size = sizeof(kEmbeddedGL_fs_modulated_texture);

const uint8_t kEmbeddedGL_fs_blend[] = {
    0x46, 0x53, 0x48, 0x0b, 0x6f, 0x1e, 0x3e, 0x3c, 0x00, 0x00, 0x00, 0x00,
    0x00, 0x00, 0x09, 0x27, 0x00, 0x00, 0x23, 0x76, 0x65, 0x72, 0x73, 0x69,
    0x6f, 0x6e, 0x20, 0x34, 0x33, 0x30, 0x0a, 0x23, 0x64, 0x65, 0x66, 0x69,
    0x6e, 0x65, 0x20, 0x74, 0x65, 0x78, 0x74, 0x75, 0x72, 0x65, 0x32, 0x44,
    0x20, 0x20, 0x20, 0x20, 0x20, 0x20, 0x20, 0x20, 0x20, 0x20, 0x74, 0x65,
    0x78, 0x74, 0x75, 0x72, 0x65, 0x0a, 0x23, 0x64, 0x65, 0x66, 0x69, 0x6e,
    0x65, 0x20, 0x74, 0x65, 0x78, 0x74, 0x75, 0x72, 0x65, 0x32, 0x44, 0x4c,
    0x6f, 0x64, 0x20, 0x20, 0x20, 0x20, 0x20, 0x20, 0x20, 0x74, 0x65, 0x78,
    0x74, 0x75, 0x72, 0x65, 0x4c, 0x6f, 0x64, 0x0a, 0x23, 0x64, 0x65, 0x66,
    0x69, 0x6e, 0x65, 0x20, 0x74, 0x65, 0x78, 0x74, 0x75, 0x72, 0x65, 0x32,
    0x44, 0x47, 0x72, 0x61, 0x64, 0x20, 0x20, 0x20, 0x20, 0x20, 0x20, 0x74,
    0x65, 0x78, 0x74, 0x75, 0x72, 0x65, 0x47, 0x72, 0x61, 0x64, 0x0a, 0x23,
    0x64, 0x65, 0x66, 0x69, 0x6e, 0x65, 0x20, 0x74, 0x65, 0x78, 0x74, 0x75,
    0x72, 0x65, 0x32, 0x44, 0x50, 0x72, 0x6f, 0x6a, 0x4c, 0x6f, 0x64, 0x20,
    0x20, 0x20, 0x74, 0x65, 0x78, 0x74, 0x75, 0x72, 0x65, 0x50, 0x72, 0x6f,
    0x6a, 0x4c, 0x6f, 0x64, 0x0a, 0x23, 0x64, 0x65, 0x66, 0x69, 0x6e, 0x65,
    0x20, 0x74, 0x65, 0x78, 0x74, 0x75, 0x72, 0x65, 0x32, 0x44, 0x50, 0x72,
    0x6f, 0x6a, 0x47, 0x72, 0x61, 0x64, 0x20, 0x20, 0x74, 0x65, 0x78, 0x74,
    0x75, 0x72, 0x65, 0x50, 0x72, 0x6f, 0x6a, 0x47, 0x72, 0x61, 0x64, 0x0a,
    0x23, 0x64, 0x65, 0x66, 0x69, 0x6e, 0x65, 0x20, 0x74, 0x65, 0x78, 0x74,
    0x75, 0x72, 0x65, 0x43, 0x75, 0x62, 0x65, 0x4c, 0x6f, 0x64, 0x20, 0x20,
    0x20, 0x20, 0x20, 0x74, 0x65, 0x78, 0x74, 0x75, 0x72, 0x65, 0x4c, 0x6f,
    0x64, 0x0a, 0x23, 0x64, 0x65, 0x66, 0x69, 0x6e, 0x65, 0x20, 0x74, 0x65,
    0x78, 0x74, 0x75, 0x72, 0x65, 0x43, 0x75, 0x62, 0x65, 0x47, 0x72, 0x61,
    0x64, 0x20, 0x20, 0x20, 0x20, 0x74, 0x65, 0x78, 0x74, 0x75, 0x72, 0x65,
    0x47, 0x72, 0x61, 0x64, 0x0a, 0x23, 0x64, 0x65, 0x66, 0x69, 0x6e, 0x65,
    0x20, 0x74, 0x65, 0x78, 0x74, 0x75, 0x72, 0x65, 0x33, 0x44, 0x20, 0x20,
    0x20, 0x20, 0x20, 0x20, 0x20, 0x20, 0x20, 0x20, 0x74, 0x65, 0x78, 0x74,
    0x75, 0x72, 0x65, 0x0a, 0x23, 0x64, 0x65, 0x66, 0x69, 0x6e, 0x65, 0x20,
    0x74, 0x65, 0x78, 0x74, 0x75, 0x72, 0x65, 0x32, 0x44, 0x4c, 0x6f, 0x64,
    0x4f, 0x66, 0x66, 0x73, 0x65, 0x74, 0x20, 0x74, 0x65, 0x78, 0x74, 0x75,
    0x72, 0x65, 0x4c, 0x6f, 0x64, 0x4f, 0x66, 0x66, 0x73, 0x65, 0x74, 0x0a,
    0x23, 0x64, 0x65, 0x66, 0x69, 0x6e, 0x65, 0x20, 0x61, 0x74, 0x74, 0x72,
    0x69, 0x62, 0x75, 0x74, 0x65, 0x20, 0x69, 0x6e, 0x0a, 0x23, 0x64, 0x65,
    0x66, 0x69, 0x6e, 0x65, 0x20, 0x76, 0x61, 0x72, 0x79, 0x69, 0x6e, 0x67,
    0x20, 0x69, 0x6e, 0x0a, 0x23, 0x64, 0x65, 0x66, 0x69, 0x6e, 0x65, 0x20,
    0x62, 0x67, 0x66, 0x78, 0x53, 0x68, 0x61, 0x64, 0x6f, 0x77, 0x32, 0x44,
    0x28, 0x5f, 0x73, 0x61, 0x6d, 0x70, 0x6c, 0x65, 0x72, 0x2c, 0x20, 0x5f,
    0x63, 0x6f, 0x6f, 0x72, 0x64, 0x29, 0x20, 0x20, 0x20, 0x20, 0x20, 0x76,
    0x65, 0x63, 0x34, 0x5f, 0x73, 0x70, 0x6c, 0x61, 0x74, 0x28, 0x74, 0x65,
    0x78, 0x74, 0x75, 0x72, 0x65, 0x28, 0x5f, 0x73, 0x61, 0x6d, 0x70, 0x6c,
    0x65, 0x72, 0x2c, 0x20, 0x5f, 0x63, 0x6f, 0x6f, 0x72, 0x64, 0x29, 0x20,
    0x29, 0x0a, 0x23, 0x64, 0x65, 0x66, 0x69, 0x6e, 0x65, 0x20, 0x62, 0x67,
    0x66, 0x78, 0x53, 0x68, 0x61, 0x64, 0x6f, 0x77, 0x32, 0x44, 0x50, 0x72,
    0x6f, 0x6a, 0x28, 0x5f, 0x73, 0x61, 0x6d, 0x70, 0x6c, 0x65, 0x72, 0x2c,
    0x20, 0x5f, 0x63, 0x6f, 0x6f, 0x72, 0x64, 0x29, 0x20, 0x76, 0x65, 0x63,
    0x34, 0x5f, 0x73, 0x70, 0x6c, 0x61, 0x74, 0x28, 0x74, 0x65, 0x78, 0x74,
    0x75, 0x72, 0x65, 0x50, 0x72, 0x6f, 0x6a, 0x28, 0x5f, 0x73, 0x61, 0x6d,
    0x70, 0x6c, 0x65, 0x72, 0x2c, 0x20, 0x5f, 0x63, 0x6f, 0x6f, 0x72, 0x64,
    0x29, 0x20, 0x29, 0x0a, 0x76, 0x61, 0x72, 0x79, 0x69, 0x6e, 0x67, 0x20,
    0x76, 0x65, 0x63, 0x32, 0x20, 0x76, 0x5f, 0x74, 0x65, 0x78, 0x63, 0x6f,
    0x6f, 0x72, 0x64, 0x30, 0x3b, 0x0a, 0x66, 0x6c, 0x6f, 0x61, 0x74, 0x20,
    0x72, 0x63, 0x70, 0x28, 0x66, 0x6c, 0x6f, 0x61, 0x74, 0x20, 0x5f, 0x61,
    0x29, 0x20, 0x7b, 0x20, 0x72, 0x65, 0x74, 0x75, 0x72, 0x6e, 0x20, 0x31,
    0x2e, 0x30, 0x2f, 0x5f, 0x61, 0x3b, 0x20, 0x7d, 0x0a, 0x76, 0x65, 0x63,
    0x32, 0x20, 0x72, 0x63, 0x70, 0x28, 0x76, 0x65, 0x63, 0x32, 0x20, 0x5f,
    0x61, 0x29, 0x20, 0x7b, 0x20, 0x72, 0x65, 0x74, 0x75, 0x72, 0x6e, 0x20,
    0x76, 0x65, 0x63, 0x32, 0x28, 0x31, 0x2e, 0x30, 0x29, 0x2f, 0x5f, 0x61,
    0x3b, 0x20, 0x7d, 0x0a, 0x76, 0x65, 0x63, 0x33, 0x20, 0x72, 0x63, 0x70,
    0x28, 0x76, 0x65, 0x63, 0x33, 0x20, 0x5f, 0x61, 0x29, 0x20, 0x7b, 0x20,
    0x72, 0x65, 0x74, 0x75, 0x72, 0x6e, 0x20, 0x76, 0x65, 0x63, 0x33, 0x28,
    0x31, 0x2e, 0x30, 0x29, 0x2f, 0x5f, 0x61, 0x3b, 0x20, 0x7d, 0x0a, 0x76,
    0x65, 0x63, 0x34, 0x20, 0x72, 0x63, 0x70, 0x28, 0x76, 0x65, 0x63, 0x34,
    0x20, 0x5f, 0x61, 0x29, 0x20, 0x7b, 0x20, 0x72, 0x65, 0x74, 0x75, 0x72,
    0x6e, 0x20, 0x76, 0x65, 0x63, 0x34, 0x28, 0x31, 0x2e, 0x30, 0x29, 0x2f,
    0x5f, 0x61, 0x3b, 0x20, 0x7d, 0x0a, 0x76, 0x65, 0x63, 0x32, 0x20, 0x76,
    0x65, 0x63, 0x32, 0x5f, 0x73, 0x70, 0x6c, 0x61, 0x74, 0x28, 0x66, 0x6c,
    0x6f, 0x61, 0x74, 0x20, 0x5f, 0x78, 0x29, 0x20, 0x7b, 0x20, 0x72, 0x65,
    0x74, 0x75, 0x72, 0x6e, 0x20, 0x76, 0x65, 0x63, 0x32, 0x28, 0x5f, 0x78,
    0x2c, 0x20, 0x5f, 0x78, 0x29, 0x3b, 0x20, 0x7d, 0x0a, 0x76, 0x65, 0x63,
    0x33, 0x20, 0x76, 0x65, 0x63, 0x33, 0x5f, 0x73, 0x70, 0x6c, 0x61, 0x74,
    0x28, 0x66, 0x6c, 0x6f, 0x61, 0x74, 0x20, 0x5f, 0x78, 0x29, 0x20, 0x7b,
    0x20, 0x72, 0x65, 0x74, 0x75, 0x72, 0x6e, 0x20, 0x76, 0x65, 0x63, 0x33,
    0x28, 0x5f, 0x78, 0x2c, 0x20, 0x5f, 0x78, 0x2c, 0x20, 0x5f, 0x78, 0x29,
    0x3b, 0x20, 0x7d, 0x0a, 0x76, 0x65, 0x63, 0x34, 0x20, 0x76, 0x65, 0x63,
    0x34, 0x5f, 0x73, 0x70, 0x6c, 0x61, 0x74, 0x28, 0x66, 0x6c, 0x6f, 0x61,
    0x74, 0x20, 0x5f, 0x78, 0x29, 0x20, 0x7b, 0x20, 0x72, 0x65, 0x74, 0x75,
    0x72, 0x6e, 0x20, 0x76, 0x65, 0x63, 0x34, 0x28, 0x5f, 0x78, 0x2c, 0x20,
    0x5f, 0x78, 0x2c, 0x20, 0x5f, 0x78, 0x2c, 0x20, 0x5f, 0x78, 0x29, 0x3b,
    0x20, 0x7d, 0x0a, 0x75, 0x76, 0x65, 0x63, 0x32, 0x20, 0x75, 0x76, 0x65,
    0x63, 0x32, 0x5f, 0x73, 0x70, 0x6c, 0x61, 0x74, 0x28, 0x75, 0x69, 0x6e,
    0x74, 0x20, 0x5f, 0x78, 0x29, 0x20, 0x7b, 0x20, 0x72, 0x65, 0x74, 0x75,
    0x72, 0x6e, 0x20, 0x75, 0x76, 0x65, 0x63, 0x32, 0x28, 0x5f, 0x78, 0x2c,
    0x20, 0x5f, 0x78, 0x29, 0x3b, 0x20, 0x7d, 0x0a, 0x75, 0x76, 0x65, 0x63,
    0x33, 0x20, 0x75, 0x76, 0x65, 0x63, 0x33, 0x5f, 0x73, 0x70, 0x6c, 0x61,
    0x74, 0x28, 0x75, 0x69, 0x6e, 0x74, 0x20, 0x5f, 0x78, 0x29, 0x20, 0x7b,
    0x20, 0x72, 0x65, 0x74, 0x75, 0x72, 0x6e, 0x20, 0x75, 0x76, 0x65, 0x63,
    0x33, 0x28, 0x5f, 0x78, 0x2c, 0x20, 0x5f, 0x78, 0x2c, 0x20, 0x5f, 0x78,
    0x29, 0x3b, 0x20, 0x7d, 0x0a, 0x75, 0x76, 0x65, 0x63, 0x34, 0x20, 0x75,
    0x76, 0x65, 0x63, 0x34, 0x5f, 0x73, 0x70, 0x6c, 0x61, 0x74, 0x28, 0x75,
    0x69, 0x6e, 0x74, 0x20, 0x5f, 0x78, 0x29, 0x20, 0x7b, 0x20, 0x72, 0x65,
    0x74, 0x75, 0x72, 0x6e, 0x20, 0x75, 0x76, 0x65, 0x63, 0x34, 0x28, 0x5f,
    0x78, 0x2c, 0x20, 0x5f, 0x78, 0x2c, 0x20, 0x5f, 0x78, 0x2c, 0x20, 0x5f,
    0x78, 0x29, 0x3b, 0x20, 0x7d, 0x0a, 0x6d, 0x61, 0x74, 0x34, 0x20, 0x6d,
    0x74, 0x78, 0x46, 0x72, 0x6f, 0x6d, 0x52, 0x6f, 0x77, 0x73, 0x28, 0x76,
    0x65, 0x63, 0x34, 0x20, 0x5f, 0x30, 0x2c, 0x20, 0x76, 0x65, 0x63, 0x34,
    0x20, 0x5f, 0x31, 0x2c, 0x20, 0x76, 0x65, 0x63, 0x34, 0x20, 0x5f, 0x32,
    0x2c, 0x20, 0x76, 0x65, 0x63, 0x34, 0x20, 0x5f, 0x33, 0x29, 0x0a, 0x7b,
    0x0a, 0x72, 0x65, 0x74, 0x75, 0x72, 0x6e, 0x20, 0x74, 0x72, 0x61, 0x6e,
    0x73, 0x70, 0x6f, 0x73, 0x65, 0x28, 0x6d, 0x61, 0x74, 0x34, 0x28, 0x5f,
    0x30, 0x2c, 0x20, 0x5f, 0x31, 0x2c, 0x20, 0x5f, 0x32, 0x2c, 0x20, 0x5f,
    0x33, 0x29, 0x20, 0x29, 0x3b, 0x0a, 0x7d, 0x0a, 0x6d, 0x61, 0x74, 0x34,
    0x20, 0x6d, 0x74, 0x78, 0x46, 0x72, 0x6f, 0x6d, 0x43, 0x6f, 0x6c, 0x73,
    0x28, 0x76, 0x65, 0x63, 0x34, 0x20, 0x5f, 0x30, 0x2c, 0x20, 0x76, 0x65,
    0x63, 0x34, 0x20, 0x5f, 0x31, 0x2c, 0x20, 0x76, 0x65, 0x63, 0x34, 0x20,
    0x5f, 0x32, 0x2c, 0x20, 0x76, 0x65, 0x63, 0x34, 0x20, 0x5f, 0x33, 0x29,
    0x0a, 0x7b, 0x0a, 0x72, 0x65, 0x74, 0x75, 0x72, 0x6e, 0x20, 0x6d, 0x61,
    0x74, 0x34, 0x28, 0x5f, 0x30, 0x2c, 0x20, 0x5f, 0x31, 0x2c, 0x20, 0x5f,
    0x32, 0x2c, 0x20, 0x5f, 0x33, 0x29, 0x3b, 0x0a, 0x7d, 0x0a, 0x6d, 0x61,
    0x74, 0x33, 0x20, 0x6d, 0x74, 0x78, 0x46, 0x72, 0x6f, 0x6d, 0x52, 0x6f,
    0x77, 0x73, 0x28, 0x76, 0x65, 0x63, 0x33, 0x20, 0x5f, 0x30, 0x2c, 0x20,
    0x76, 0x65, 0x63, 0x33, 0x20, 0x5f, 0x31, 0x2c, 0x20, 0x76, 0x65, 0x63,
    0x33, 0x20, 0x5f, 0x32, 0x29, 0x0a, 0x7b, 0x0a, 0x72, 0x65, 0x74, 0x75,
    0x72, 0x6e, 0x20, 0x74, 0x72, 0x61, 0x6e, 0x73, 0x70, 0x6f, 0x73, 0x65,
    0x28, 0x6d, 0x61, 0x74, 0x33, 0x28, 0x5f, 0x30, 0x2c, 0x20, 0x5f, 0x31,
    0x2c, 0x20, 0x5f, 0x32, 0x29, 0x20, 0x29, 0x3b, 0x0a, 0x7d, 0x0a, 0x6d,
    0x61, 0x74, 0x33, 0x20, 0x6d, 0x74, 0x78, 0x46, 0x72, 0x6f, 0x6d, 0x43,
    0x6f, 0x6c, 0x73, 0x28, 0x76, 0x65, 0x63, 0x33, 0x20, 0x5f, 0x30, 0x2c,
    0x20, 0x76, 0x65, 0x63, 0x33, 0x20, 0x5f, 0x31, 0x2c, 0x20, 0x76, 0x65,
    0x63, 0x33, 0x20, 0x5f, 0x32, 0x29, 0x0a, 0x7b, 0x0a, 0x72, 0x65, 0x74,
    0x75, 0x72, 0x6e, 0x20, 0x6d, 0x61, 0x74, 0x33, 0x28, 0x5f, 0x30, 0x2c,
    0x20, 0x5f, 0x31, 0x2c, 0x20, 0x5f, 0x32, 0x29, 0x3b, 0x0a, 0x7d, 0x0a,
    0x6d, 0x61, 0x74, 0x34, 0x78, 0x33, 0x20, 0x6d, 0x74, 0x78, 0x46, 0x72,
    0x6f, 0x6d, 0x52, 0x6f, 0x77, 0x73, 0x28, 0x76, 0x65, 0x63, 0x34, 0x20,
    0x5f, 0x30, 0x2c, 0x20, 0x76, 0x65, 0x63, 0x34, 0x20, 0x5f, 0x31, 0x2c,
    0x20, 0x76, 0x65, 0x63, 0x34, 0x20, 0x5f, 0x32, 0x29, 0x0a, 0x7b, 0x0a,
    0x72, 0x65, 0x74, 0x75, 0x72, 0x6e, 0x20, 0x74, 0x72, 0x61, 0x6e, 0x73,
    0x70, 0x6f, 0x73, 0x65, 0x28, 0x6d, 0x61, 0x74, 0x33, 0x78, 0x34, 0x28,
    0x5f, 0x30, 0x2c, 0x20, 0x5f, 0x31, 0x2c, 0x20, 0x5f, 0x32, 0x29, 0x20,
    0x29, 0x3b, 0x0a, 0x7d, 0x0a, 0x76, 0x65, 0x63, 0x33, 0x20, 0x6d, 0x74,
    0x78, 0x47, 0x65, 0x74, 0x52, 0x6f, 0x77, 0x28, 0x6d, 0x61, 0x74, 0x33,
    0x20, 0x5f, 0x6d, 0x74, 0x78, 0x2c, 0x20, 0x69, 0x6e, 0x74, 0x20, 0x5f,
    0x72, 0x6f, 0x77, 0x29, 0x0a, 0x7b, 0x0a, 0x72, 0x65, 0x74, 0x75, 0x72,
    0x6e, 0x20, 0x76, 0x65, 0x63, 0x33, 0x28, 0x5f, 0x6d, 0x74, 0x78, 0x5b,
    0x30, 0x5d, 0x5b, 0x5f, 0x72, 0x6f, 0x77, 0x5d, 0x2c, 0x20, 0x5f, 0x6d,
    0x74, 0x78, 0x5b, 0x31, 0x5d, 0x5b, 0x5f, 0x72, 0x6f, 0x77, 0x5d, 0x2c,
    0x20, 0x5f, 0x6d, 0x74, 0x78, 0x5b, 0x32, 0x5d, 0x5b, 0x5f, 0x72, 0x6f,
    0x77, 0x5d, 0x29, 0x3b, 0x0a, 0x7d, 0x0a, 0x76, 0x65, 0x63, 0x33, 0x20,
    0x6d, 0x74, 0x78, 0x47, 0x65, 0x74, 0x43, 0x6f, 0x6c, 0x75, 0x6d, 0x6e,
    0x28, 0x6d, 0x61, 0x74, 0x33, 0x20, 0x5f, 0x6d, 0x74, 0x78, 0x2c, 0x20,
    0x69, 0x6e, 0x74, 0x20, 0x5f, 0x63, 0x6f, 0x6c, 0x75, 0x6d, 0x6e, 0x29,
    0x0a, 0x7b, 0x0a, 0x72, 0x65, 0x74, 0x75, 0x72, 0x6e, 0x20, 0x76, 0x65,
    0x63, 0x33, 0x28, 0x5f, 0x6d, 0x74, 0x78, 0x5b, 0x5f, 0x63, 0x6f, 0x6c,
    0x75, 0x6d, 0x6e, 0x5d, 0x29, 0x3b, 0x0a, 0x7d, 0x0a, 0x76, 0x65, 0x63,
    0x34, 0x20, 0x6d, 0x74, 0x78, 0x47, 0x65, 0x74, 0x52, 0x6f, 0x77, 0x28,
    0x6d, 0x61, 0x74, 0x34, 0x78, 0x33, 0x20, 0x5f, 0x6d, 0x74, 0x78, 0x2c,
    0x20, 0x69, 0x6e, 0x74, 0x20, 0x5f, 0x72, 0x6f, 0x77, 0x29, 0x0a, 0x7b,
    0x0a, 0x72, 0x65, 0x74, 0x75, 0x72, 0x6e, 0x20, 0x76, 0x65, 0x63, 0x34,
    0x28, 0x5f, 0x6d, 0x74, 0x78, 0x5b, 0x30, 0x5d, 0x5b, 0x5f, 0x72, 0x6f,
    0x77, 0x5d, 0x2c, 0x20, 0x5f, 0x6d, 0x74, 0x78, 0x5b, 0x31, 0x5d, 0x5b,
    0x5f, 0x72, 0x6f, 0x77, 0x5d, 0x2c, 0x20, 0x5f, 0x6d, 0x74, 0x78, 0x5b,
    0x32, 0x5d, 0x5b, 0x5f, 0x72, 0x6f, 0x77, 0x5d, 0x2c, 0x20, 0x5f, 0x6d,
    0x74, 0x78, 0x5b, 0x33, 0x5d, 0x5b, 0x5f, 0x72, 0x6f, 0x77, 0x5d, 0x29,
    0x3b, 0x0a, 0x7d, 0x0a, 0x76, 0x65, 0x63, 0x33, 0x20, 0x6d, 0x74, 0x78,
    0x47, 0x65, 0x74, 0x43, 0x6f, 0x6c, 0x75, 0x6d, 0x6e, 0x28, 0x6d, 0x61,
    0x74, 0x34, 0x78, 0x33, 0x20, 0x5f, 0x6d, 0x74, 0x78, 0x2c, 0x20, 0x69,
    0x6e, 0x74, 0x20, 0x5f, 0x63, 0x6f, 0x6c, 0x75, 0x6d, 0x6e, 0x29, 0x0a,
    0x7b, 0x0a, 0x72, 0x65, 0x74, 0x75, 0x72, 0x6e, 0x20, 0x76, 0x65, 0x63,
    0x33, 0x28, 0x5f, 0x6d, 0x74, 0x78, 0x5b, 0x5f, 0x63, 0x6f, 0x6c, 0x75,
    0x6d, 0x6e, 0x5d, 0x29, 0x3b, 0x0a, 0x7d, 0x0a, 0x76, 0x65, 0x63, 0x34,
    0x20, 0x6d, 0x74, 0x78, 0x47, 0x65, 0x74, 0x52, 0x6f, 0x77, 0x28, 0x6d,
    0x61, 0x74, 0x34, 0x20, 0x5f, 0x6d, 0x74, 0x78, 0x2c, 0x20, 0x69, 0x6e,
    0x74, 0x20, 0x5f, 0x72, 0x6f, 0x77, 0x29, 0x0a, 0x7b, 0x0a, 0x72, 0x65,
    0x74, 0x75, 0x72, 0x6e, 0x20, 0x76, 0x65, 0x63, 0x34, 0x28, 0x5f, 0x6d,
    0x74, 0x78, 0x5b, 0x30, 0x5d, 0x5b, 0x5f, 0x72, 0x6f, 0x77, 0x5d, 0x2c,
    0x20, 0x5f, 0x6d, 0x74, 0x78, 0x5b, 0x31, 0x5d, 0x5b, 0x5f, 0x72, 0x6f,
    0x77, 0x5d, 0x2c, 0x20, 0x5f, 0x6d, 0x74, 0x78, 0x5b, 0x32, 0x5d, 0x5b,
    0x5f, 0x72, 0x6f, 0x77, 0x5d, 0x2c, 0x20, 0x5f, 0x6d, 0x74, 0x78, 0x5b,
    0x33, 0x5d, 0x5b, 0x5f, 0x72, 0x6f, 0x77, 0x5d, 0x29, 0x3b, 0x0a, 0x7d,
    0x0a, 0x76, 0x65, 0x63, 0x34, 0x20, 0x6d, 0x74, 0x78, 0x47, 0x65, 0x74,
    0x43, 0x6f, 0x6c, 0x75, 0x6d, 0x6e, 0x28, 0x6d, 0x61, 0x74, 0x34, 0x20,
    0x5f, 0x6d, 0x74, 0x78, 0x2c, 0x20, 0x69, 0x6e, 0x74, 0x20, 0x5f, 0x63,
    0x6f, 0x6c, 0x75, 0x6d, 0x6e, 0x29, 0x0a, 0x7b, 0x0a, 0x72, 0x65, 0x74,
    0x75, 0x72, 0x6e, 0x20, 0x76, 0x65, 0x63, 0x34, 0x28, 0x5f, 0x6d, 0x74,
    0x78, 0x5b, 0x5f, 0x63, 0x6f, 0x6c, 0x75, 0x6d, 0x6e, 0x5d, 0x29, 0x3b,
    0x0a, 0x7d, 0x0a, 0x66, 0x6c, 0x6f, 0x61, 0x74, 0x20, 0x6d, 0x74, 0x78,
    0x47, 0x65, 0x74, 0x45, 0x6c, 0x65, 0x6d, 0x65, 0x6e, 0x74, 0x28, 0x6d,
    0x61, 0x74, 0x33, 0x20, 0x5f, 0x6d, 0x74, 0x78, 0x2c, 0x20, 0x69, 0x6e,
    0x74, 0x20, 0x5f, 0x63, 0x6f, 0x6c, 0x75, 0x6d, 0x6e, 0x2c, 0x20, 0x69,
    0x6e, 0x74, 0x20, 0x5f, 0x72, 0x6f, 0x77, 0x29, 0x0a, 0x7b, 0x0a, 0x72,
    0x65, 0x74, 0x75, 0x72, 0x6e, 0x20, 0x5f, 0x6d, 0x74, 0x78, 0x5b, 0x5f,
    0x63, 0x6f, 0x6c, 0x75, 0x6d, 0x6e, 0x5d, 0x5b, 0x5f, 0x72, 0x6f, 0x77,
    0x5d, 0x3b, 0x0a, 0x7d, 0x0a, 0x66, 0x6c, 0x6f, 0x61, 0x74, 0x20, 0x6d,
    0x74, 0x78, 0x47, 0x65, 0x74, 0x45, 0x6c, 0x65, 0x6d, 0x65, 0x6e, 0x74,
    0x28, 0x6d, 0x61, 0x74, 0x34, 0x20, 0x5f, 0x6d, 0x74, 0x78, 0x2c, 0x20,
    0x69, 0x6e, 0x74, 0x20, 0x5f, 0x63, 0x6f, 0x6c, 0x75, 0x6d, 0x6e, 0x2c,
    0x20, 0x69, 0x6e, 0x74, 0x20, 0x5f, 0x72, 0x6f, 0x77, 0x29, 0x0a, 0x7b,
    0x0a, 0x72, 0x65, 0x74, 0x75, 0x72, 0x6e, 0x20, 0x5f, 0x6d, 0x74, 0x78,
    0x5b, 0x5f, 0x63, 0x6f, 0x6c, 0x75, 0x6d, 0x6e, 0x5d, 0x5b, 0x5f, 0x72,
    0x6f, 0x77, 0x5d, 0x3b, 0x0a, 0x7d, 0x0a, 0x66, 0x6c, 0x6f, 0x61, 0x74,
    0x20, 0x73, 0x65, 0x6c, 0x65, 0x63, 0x74, 0x28, 0x62, 0x6f, 0x6f, 0x6c,
    0x20, 0x5f, 0x63, 0x6f, 0x6e, 0x64, 0x2c, 0x20, 0x66, 0x6c, 0x6f, 0x61,
    0x74, 0x20, 0x5f, 0x74, 0x72, 0x75, 0x65, 0x2c, 0x20, 0x66, 0x6c, 0x6f,
    0x61, 0x74, 0x20, 0x5f, 0x66, 0x61, 0x6c, 0x73, 0x65, 0x29, 0x20, 0x7b,
    0x20, 0x72, 0x65, 0x74, 0x75, 0x72, 0x6e, 0x20, 0x5f, 0x63, 0x6f, 0x6e,
    0x64, 0x20, 0x3f, 0x20, 0x5f, 0x74, 0x72, 0x75, 0x65, 0x20, 0x3a, 0x20,
    0x5f, 0x66, 0x61, 0x6c, 0x73, 0x65, 0x3b, 0x20, 0x7d, 0x0a, 0x76, 0x65,
    0x63, 0x32, 0x20, 0x73, 0x65, 0x6c, 0x65, 0x63, 0x74, 0x28, 0x62, 0x6f,
    0x6f, 0x6c, 0x20, 0x5f, 0x63, 0x6f, 0x6e, 0x64, 0x2c, 0x20, 0x76, 0x65,
    0x63, 0x32, 0x20, 0x5f, 0x74, 0x72, 0x75, 0x65, 0x2c, 0x20, 0x76, 0x65,
    0x63, 0x32, 0x20, 0x5f, 0x66, 0x61, 0x6c, 0x73, 0x65, 0x29, 0x20, 0x7b,
    0x20, 0x72, 0x65, 0x74, 0x75, 0x72, 0x6e, 0x20, 0x5f, 0x63, 0x6f, 0x6e,
    0x64, 0x20, 0x3f, 0x20, 0x5f, 0x74, 0x72, 0x75, 0x65, 0x20, 0x3a, 0x20,
    0x5f, 0x66, 0x61, 0x6c, 0x73, 0x65, 0x3b, 0x20, 0x7d, 0x0a, 0x76, 0x65,
    0x63, 0x33, 0x20, 0x73, 0x65, 0x6c, 0x65, 0x63, 0x74, 0x28, 0x62, 0x6f,
    0x6f, 0x6c, 0x20, 0x5f, 0x63, 0x6f, 0x6e, 0x64, 0x2c, 0x20, 0x76, 0x65,
    0x63, 0x33, 0x20, 0x5f, 0x74, 0x72, 0x75, 0x65, 0x2c, 0x20, 0x76, 0x65,
    0x63, 0x33, 0x20, 0x5f, 0x66, 0x61, 0x6c, 0x73, 0x65, 0x29, 0x20, 0x7b,
    0x20, 0x72, 0x65, 0x74, 0x75, 0x72, 0x6e, 0x20, 0x5f, 0x63, 0x6f, 0x6e,
    0x64, 0x20, 0x3f, 0x20, 0x5f, 0x74, 0x72, 0x75, 0x65, 0x20, 0x3a, 0x20,
    0x5f, 0x66, 0x61, 0x6c, 0x73, 0x65, 0x3b, 0x20, 0x7d, 0x0a, 0x76, 0x65,
    0x63, 0x34, 0x20, 0x73, 0x65, 0x6c, 0x65, 0x63, 0x74, 0x28, 0x62, 0x6f,
    0x6f, 0x6c, 0x20, 0x5f, 0x63, 0x6f, 0x6e, 0x64, 0x2c, 0x20, 0x76, 0x65,
    0x63, 0x34, 0x20, 0x5f, 0x74, 0x72, 0x75, 0x65, 0x2c, 0x20, 0x76, 0x65,
    0x63, 0x34, 0x20, 0x5f, 0x66, 0x61, 0x6c, 0x73, 0x65, 0x29, 0x20, 0x7b,
    0x20, 0x72, 0x65, 0x74, 0x75, 0x72, 0x6e, 0x20, 0x5f, 0x63, 0x6f, 0x6e,
    0x64, 0x20, 0x3f, 0x20, 0x5f, 0x74, 0x72, 0x75, 0x65, 0x20, 0x3a, 0x20,
    0x5f, 0x66, 0x61, 0x6c, 0x73, 0x65, 0x3b, 0x20, 0x7d, 0x0a, 0x76, 0x65,
    0x63, 0x32, 0x20, 0x73, 0x65, 0x6c, 0x65, 0x63, 0x74, 0x28, 0x62, 0x76,
    0x65, 0x63, 0x32, 0x20, 0x5f, 0x63, 0x6f, 0x6e, 0x64, 0x2c, 0x20, 0x76,
    0x65, 0x63, 0x32, 0x20, 0x5f, 0x74, 0x72, 0x75, 0x65, 0x2c, 0x20, 0x76,
    0x65, 0x63, 0x32, 0x20, 0x5f, 0x66, 0x61, 0x6c, 0x73, 0x65, 0x29, 0x20,
    0x7b, 0x20, 0x72, 0x65, 0x74, 0x75, 0x72, 0x6e, 0x20, 0x28, 0x76, 0x65,
    0x63, 0x32, 0x28, 0x5f, 0x63, 0x6f, 0x6e, 0x64, 0x29, 0x20, 0x2a, 0x20,
    0x5f, 0x74, 0x72, 0x75, 0x65, 0x29, 0x20, 0x2b, 0x20, 0x28, 0x76, 0x65,
    0x63, 0x32, 0x28, 0x6e, 0x6f, 0x74, 0x28, 0x5f, 0x63, 0x6f, 0x6e, 0x64,
    0x29, 0x20, 0x29, 0x20, 0x2a, 0x20, 0x5f, 0x66, 0x61, 0x6c, 0x73, 0x65,
    0x29, 0x3b, 0x20, 0x7d, 0x0a, 0x76, 0x65, 0x63, 0x33, 0x20, 0x73, 0x65,
    0x6c, 0x65, 0x63, 0x74, 0x28, 0x62, 0x76, 0x65, 0x63, 0x33, 0x20, 0x5f,
    0x63, 0x6f, 0x6e, 0x64, 0x2c, 0x20, 0x76, 0x65, 0x63, 0x33, 0x20, 0x5f,
    0x74, 0x72, 0x75, 0x65, 0x2c, 0x20, 0x76, 0x65, 0x63, 0x33, 0x20, 0x5f,
    0x66, 0x61, 0x6c, 0x73, 0x65, 0x29, 0x20, 0x7b, 0x20, 0x72, 0x65, 0x74,
    0x75, 0x72, 0x6e, 0x20, 0x28, 0x76, 0x65, 0x63, 0x33, 0x28, 0x5f, 0x63,
    0x6f, 0x6e, 0x64, 0x29, 0x20, 0x2a, 0x20, 0x5f, 0x74, 0x72, 0x75, 0x65,
    0x29, 0x20, 0x2b, 0x20, 0x28, 0x76, 0x65, 0x63, 0x33, 0x28, 0x6e, 0x6f,
    0x74, 0x28, 0x5f, 0x63, 0x6f, 0x6e, 0x64, 0x29, 0x20, 0x29, 0x20, 0x2a,
    0x20, 0x5f, 0x66, 0x61, 0x6c, 0x73, 0x65, 0x29, 0x3b, 0x20, 0x7d, 0x0a,
    0x76, 0x65, 0x63, 0x34, 0x20, 0x73, 0x65, 0x6c, 0x65, 0x63, 0x74, 0x28,
    0x62, 0x76, 0x65, 0x63, 0x34, 0x20, 0x5f, 0x63, 0x6f, 0x6e, 0x64, 0x2c,
    0x20, 0x76, 0x65, 0x63, 0x34, 0x20, 0x5f, 0x74, 0x72, 0x75, 0x65, 0x2c,
    0x20, 0x76, 0x65, 0x63, 0x34, 0x20, 0x5f, 0x66, 0x61, 0x6c, 0x73, 0x65,
    0x29, 0x20, 0x7b, 0x20, 0x72, 0x65, 0x74, 0x75, 0x72, 0x6e, 0x20, 0x28,
    0x76, 0x65, 0x63, 0x34, 0x28, 0x5f, 0x63, 0x6f, 0x6e, 0x64, 0x29, 0x20,
    0x2a, 0x20, 0x5f, 0x74, 0x72, 0x75, 0x65, 0x29, 0x20, 0x2b, 0x20, 0x28,
    0x76, 0x65, 0x63, 0x34, 0x28, 0x6e, 0x6f, 0x74, 0x28, 0x5f, 0x63, 0x6f,
    0x6e, 0x64, 0x29, 0x20, 0x29, 0x20, 0x2a, 0x20, 0x5f, 0x66, 0x61, 0x6c,
    0x73, 0x65, 0x29, 0x3b, 0x20, 0x7d, 0x0a, 0x69, 0x6e, 0x74, 0x20, 0x73,
    0x65, 0x6c, 0x65, 0x63, 0x74, 0x28, 0x62, 0x6f, 0x6f, 0x6c, 0x20, 0x5f,
    0x63, 0x6f, 0x6e, 0x64, 0x2c, 0x20, 0x69, 0x6e, 0x74, 0x20, 0x5f, 0x74,
    0x72, 0x75, 0x65, 0x2c, 0x20, 0x69, 0x6e, 0x74, 0x20, 0x5f, 0x66, 0x61,
    0x6c, 0x73, 0x65, 0x29, 0x20, 0x7b, 0x20, 0x72, 0x65, 0x74, 0x75, 0x72,
    0x6e, 0x20, 0x5f, 0x63, 0x6f, 0x6e, 0x64, 0x20, 0x3f, 0x20, 0x5f, 0x74,
    0x72, 0x75, 0x65, 0x20, 0x3a, 0x20, 0x5f, 0x66, 0x61, 0x6c, 0x73, 0x65,
    0x3b, 0x20, 0x7d, 0x0a, 0x69, 0x76, 0x65, 0x63, 0x32, 0x20, 0x73, 0x65,
    0x6c, 0x65, 0x63, 0x74, 0x28, 0x62, 0x6f, 0x6f, 0x6c, 0x20, 0x5f, 0x63,
    0x6f, 0x6e, 0x64, 0x2c, 0x20, 0x69, 0x76, 0x65, 0x63, 0x32, 0x20, 0x5f,
    0x74, 0x72, 0x75, 0x65, 0x2c, 0x20, 0x69, 0x76, 0x65, 0x63, 0x32, 0x20,
    0x5f, 0x66, 0x61, 0x6c, 0x73, 0x65, 0x29, 0x20, 0x7b, 0x20, 0x72, 0x65,
    0x74, 0x75, 0x72, 0x6e, 0x20, 0x5f, 0x63, 0x6f, 0x6e, 0x64, 0x20, 0x3f,
    0x20, 0x5f, 0x74, 0x72, 0x75, 0x65, 0x20, 0x3a, 0x20, 0x5f, 0x66, 0x61,
    0x6c, 0x73, 0x65, 0x3b, 0x20, 0x7d, 0x0a, 0x69, 0x76, 0x65, 0x63, 0x33,
    0x20, 0x73, 0x65, 0x6c, 0x65, 0x63, 0x74, 0x28, 0x62, 0x6f, 0x6f, 0x6c,
    0x20, 0x5f, 0x63, 0x6f, 0x6e, 0x64, 0x2c, 0x20, 0x69, 0x76, 0x65, 0x63,
    0x33, 0x20, 0x5f, 0x74, 0x72, 0x75, 0x65, 0x2c, 0x20, 0x69, 0x76, 0x65,
    0x63, 0x33, 0x20, 0x5f, 0x66, 0x61, 0x6c, 0x73, 0x65, 0x29, 0x20, 0x7b,
    0x20, 0x72, 0x65, 0x74, 0x75, 0x72, 0x6e, 0x20, 0x5f, 0x63, 0x6f, 0x6e,
    0x64, 0x20, 0x3f, 0x20, 0x5f, 0x74, 0x72, 0x75, 0x65, 0x20, 0x3a, 0x20,
    0x5f, 0x66, 0x61, 0x6c, 0x73, 0x65, 0x3b, 0x20, 0x7d, 0x0a, 0x69, 0x76,
    0x65, 0x63, 0x34, 0x20, 0x73, 0x65, 0x6c, 0x65, 0x63, 0x74, 0x28, 0x62,
    0x6f, 0x6f, 0x6c, 0x20, 0x5f, 0x63, 0x6f, 0x6e, 0x64, 0x2c, 0x20, 0x69,
    0x76, 0x65, 0x63, 0x34, 0x20, 0x5f, 0x74, 0x72, 0x75, 0x65, 0x2c, 0x20,
    0x69, 0x76, 0x65, 0x63, 0x34, 0x20, 0x5f, 0x66, 0x61, 0x6c, 0x73, 0x65,
    0x29, 0x20, 0x7b, 0x20, 0x72, 0x65, 0x74, 0x75, 0x72, 0x6e, 0x20, 0x5f,
    0x63, 0x6f, 0x6e, 0x64, 0x20, 0x3f, 0x20, 0x5f, 0x74, 0x72, 0x75, 0x65,
    0x20, 0x3a, 0x20, 0x5f, 0x66, 0x61, 0x6c, 0x73, 0x65, 0x3b, 0x20, 0x7d,
    0x0a, 0x69, 0x76, 0x65, 0x63, 0x32, 0x20, 0x73, 0x65, 0x6c, 0x65, 0x63,
    0x74, 0x28, 0x62, 0x76, 0x65, 0x63, 0x32, 0x20, 0x5f, 0x63, 0x6f, 0x6e,
    0x64, 0x2c, 0x20, 0x69, 0x76, 0x65, 0x63, 0x32, 0x20, 0x5f, 0x74, 0x72,
    0x75, 0x65, 0x2c, 0x20, 0x69, 0x76, 0x65, 0x63, 0x32, 0x20, 0x5f, 0x66,
    0x61, 0x6c, 0x73, 0x65, 0x29, 0x20, 0x7b, 0x20, 0x72, 0x65, 0x74, 0x75,
    0x72, 0x6e, 0x20, 0x28, 0x69, 0x76, 0x65, 0x63, 0x32, 0x28, 0x5f, 0x63,
    0x6f, 0x6e, 0x64, 0x29, 0x20, 0x2a, 0x20, 0x5f, 0x74, 0x72, 0x75, 0x65,
    0x29, 0x20, 0x2b, 0x20, 0x28, 0x69, 0x76, 0x65, 0x63, 0x32, 0x28, 0x6e,
    0x6f, 0x74, 0x28, 0x5f, 0x63, 0x6f, 0x6e, 0x64, 0x29, 0x20, 0x29, 0x20,
    0x2a, 0x20, 0x5f, 0x66, 0x61, 0x6c, 0x73, 0x65, 0x29, 0x3b, 0x20, 0x7d,
    0x0a, 0x69, 0x76, 0x65, 0x63, 0x33, 0x20, 0x73, 0x65, 0x6c, 0x65, 0x63,
    0x74, 0x28, 0x62, 0x76, 0x65, 0x63, 0x33, 0x20, 0x5f, 0x63, 0x6f, 0x6e,
    0x64, 0x2c, 0x20, 0x69, 0x76, 0x65, 0x63, 0x33, 0x20, 0x5f, 0x74, 0x72,
    0x75, 0x65, 0x2c, 0x20, 0x69, 0x76, 0x65, 0x63, 0x33, 0x20, 0x5f, 0x66,
    0x61, 0x6c, 0x73, 0x65, 0x29, 0x20, 0x7b, 0x20, 0x72, 0x65, 0x74, 0x75,
    0x72, 0x6e, 0x20, 0x28, 0x69, 0x76, 0x65, 0x63, 0x33, 0x28, 0x5f, 0x63,
    0x6f, 0x6e, 0x64, 0x29, 0x20, 0x2a, 0x20, 0x5f, 0x74, 0x72, 0x75, 0x65,
    0x29, 0x20, 0x2b, 0x20, 0x28, 0x69, 0x76, 0x65, 0x63, 0x33, 0x28, 0x6e,
    0x6f, 0x74, 0x28, 0x5f, 0x63, 0x6f, 0x6e, 0x64, 0x29, 0x20, 0x29, 0x20,
    0x2a, 0x20, 0x5f, 0x66, 0x61, 0x6c, 0x73, 0x65, 0x29, 0x3b, 0x20, 0x7d,
    0x0a, 0x69, 0x76, 0x65, 0x63, 0x34, 0x20, 0x73, 0x65, 0x6c, 0x65, 0x63,
    0x74, 0x28, 0x62, 0x76, 0x65, 0x63, 0x34, 0x20, 0x5f, 0x63, 0x6f, 0x6e,
    0x64, 0x2c, 0x20, 0x69, 0x76, 0x65, 0x63, 0x34, 0x20, 0x5f, 0x74, 0x72,
    0x75, 0x65, 0x2c, 0x20, 0x69, 0x76, 0x65, 0x63, 0x34, 0x20, 0x5f, 0x66,
    0x61, 0x6c, 0x73, 0x65, 0x29, 0x20, 0x7b, 0x20, 0x72, 0x65, 0x74, 0x75,
    0x72, 0x6e, 0x20, 0x28, 0x69, 0x76, 0x65, 0x63, 0x34, 0x28, 0x5f, 0x63,
    0x6f, 0x6e, 0x64, 0x29, 0x20, 0x2a, 0x20, 0x5f, 0x74, 0x72, 0x75, 0x65,
    0x29, 0x20, 0x2b, 0x20, 0x28, 0x69, 0x76, 0x65, 0x63, 0x34, 0x28, 0x6e,
    0x6f, 0x74, 0x28, 0x5f, 0x63, 0x6f, 0x6e, 0x64, 0x29, 0x20, 0x29, 0x20,
    0x2a, 0x20, 0x5f, 0x66, 0x61, 0x6c, 0x73, 0x65, 0x29, 0x3b, 0x20, 0x7d,
    0x0a, 0x75, 0x69, 0x6e, 0x74, 0x20, 0x73, 0x65, 0x6c, 0x65, 0x63, 0x74,
    0x28, 0x62, 0x6f, 0x6f, 0x6c, 0x20, 0x5f, 0x63, 0x6f, 0x6e, 0x64, 0x2c,
    0x20, 0x75, 0x69, 0x6e, 0x74, 0x20, 0x5f, 0x74, 0x72, 0x75, 0x65, 0x2c,
    0x20, 0x75, 0x69, 0x6e, 0x74, 0x20, 0x5f, 0x66, 0x61, 0x6c, 0x73, 0x65,
    0x29, 0x20, 0x7b, 0x20, 0x72, 0x65, 0x74, 0x75, 0x72, 0x6e, 0x20, 0x5f,
    0x63, 0x6f, 0x6e, 0x64, 0x20, 0x3f, 0x20, 0x5f, 0x74, 0x72, 0x75, 0x65,
    0x20, 0x3a, 0x20, 0x5f, 0x66, 0x61, 0x6c, 0x73, 0x65, 0x3b, 0x20, 0x7d,
    0x0a, 0x75, 0x76, 0x65, 0x63, 0x32, 0x20, 0x73, 0x65, 0x6c, 0x65, 0x63,
    0x74, 0x28, 0x62, 0x6f, 0x6f, 0x6c, 0x20, 0x5f, 0x63, 0x6f, 0x6e, 0x64,
    0x2c, 0x20, 0x75, 0x76, 0x65, 0x63, 0x32, 0x20, 0x5f, 0x74, 0x72, 0x75,
    0x65, 0x2c, 0x20, 0x75, 0x76, 0x65, 0x63, 0x32, 0x20, 0x5f, 0x66, 0x61,
    0x6c, 0x73, 0x65, 0x29, 0x20, 0x7b, 0x20, 0x72, 0x65, 0x74, 0x75, 0x72,
    0x6e, 0x20, 0x5f, 0x63, 0x6f, 0x6e, 0x64, 0x20, 0x3f, 0x20, 0x5f, 0x74,
    0x72, 0x75, 0x65, 0x20, 0x3a, 0x20, 0x5f, 0x66, 0x61, 0x6c, 0x73, 0x65,
    0x3b, 0x20, 0x7d, 0x0a, 0x75, 0x76, 0x65, 0x63, 0x33, 0x20, 0x73, 0x65,
    0x6c, 0x65, 0x63, 0x74, 0x28, 0x62, 0x6f, 0x6f, 0x6c, 0x20, 0x5f, 0x63,
    0x6f, 0x6e, 0x64, 0x2c, 0x20, 0x75, 0x76, 0x65, 0x63, 0x33, 0x20, 0x5f,
    0x74, 0x72, 0x75, 0x65, 0x2c, 0x20, 0x75, 0x76, 0x65, 0x63, 0x33, 0x20,
    0x5f, 0x66, 0x61, 0x6c, 0x73, 0x65, 0x29, 0x20, 0x7b, 0x20, 0x72, 0x65,
    0x74, 0x75, 0x72, 0x6e, 0x20, 0x5f, 0x63, 0x6f, 0x6e, 0x64, 0x20, 0x3f,
    0x20, 0x5f, 0x74, 0x72, 0x75, 0x65, 0x20, 0x3a, 0x20, 0x5f, 0x66, 0x61,
    0x6c, 0x73, 0x65, 0x3b, 0x20, 0x7d, 0x0a, 0x75, 0x76, 0x65, 0x63, 0x34,
    0x20, 0x73, 0x65, 0x6c, 0x65, 0x63, 0x74, 0x28, 0x62, 0x6f, 0x6f, 0x6c,
    0x20, 0x5f, 0x63, 0x6f, 0x6e, 0x64, 0x2c, 0x20, 0x75, 0x76, 0x65, 0x63,
    0x34, 0x20, 0x5f, 0x74, 0x72, 0x75, 0x65, 0x2c, 0x20, 0x75, 0x76, 0x65,
    0x63, 0x34, 0x20, 0x5f, 0x66, 0x61, 0x6c, 0x73, 0x65, 0x29, 0x20, 0x7b,
    0x20, 0x72, 0x65, 0x74, 0x75, 0x72, 0x6e, 0x20, 0x5f, 0x63, 0x6f, 0x6e,
    0x64, 0x20, 0x3f, 0x20, 0x5f, 0x74, 0x72, 0x75, 0x65, 0x20, 0x3a, 0x20,
    0x5f, 0x66, 0x61, 0x6c, 0x73, 0x65, 0x3b, 0x20, 0x7d, 0x0a, 0x75, 0x76,
    0x65, 0x63, 0x32, 0x20, 0x73, 0x65, 0x6c, 0x65, 0x63, 0x74, 0x28, 0x62,
    0x76, 0x65, 0x63, 0x32, 0x20, 0x5f, 0x63, 0x6f, 0x6e, 0x64, 0x2c, 0x20,
    0x75, 0x76, 0x65, 0x63, 0x32, 0x20, 0x5f, 0x74, 0x72, 0x75, 0x65, 0x2c,
    0x20, 0x75, 0x76, 0x65, 0x63, 0x32, 0x20, 0x5f, 0x66, 0x61, 0x6c, 0x73,
    0x65, 0x29, 0x20, 0x7b, 0x20, 0x72, 0x65, 0x74, 0x75, 0x72, 0x6e, 0x20,
    0x28, 0x75, 0x76, 0x65, 0x63, 0x32, 0x28, 0x5f, 0x63, 0x6f, 0x6e, 0x64,
    0x29, 0x20, 0x2a, 0x20, 0x5f, 0x74, 0x72, 0x75, 0x65, 0x29, 0x20, 0x2b,
    0x20, 0x28, 0x75, 0x76, 0x65, 0x63, 0x32, 0x28, 0x6e, 0x6f, 0x74, 0x28,
    0x5f, 0x63, 0x6f, 0x6e, 0x64, 0x29, 0x20, 0x29, 0x20, 0x2a, 0x20, 0x5f,
    0x66, 0x61, 0x6c, 0x73, 0x65, 0x29, 0x3b, 0x20, 0x7d, 0x0a, 0x75, 0x76,
    0x65, 0x63, 0x33, 0x20, 0x73, 0x65, 0x6c, 0x65, 0x63, 0x74, 0x28, 0x62,
    0x76, 0x65, 0x63, 0x33, 0x20, 0x5f, 0x63, 0x6f, 0x6e, 0x64, 0x2c, 0x20,
    0x75, 0x76, 0x65, 0x63, 0x33, 0x20, 0x5f, 0x74, 0x72, 0x75, 0x65, 0x2c,
    0x20, 0x75, 0x76, 0x65, 0x63, 0x33, 0x20, 0x5f, 0x66, 0x61, 0x6c, 0x73,
    0x65, 0x29, 0x20, 0x7b, 0x20, 0x72, 0x65, 0x74, 0x75, 0x72, 0x6e, 0x20,
    0x28, 0x75, 0x76, 0x65, 0x63, 0x33, 0x28, 0x5f, 0x63, 0x6f, 0x6e, 0x64,
    0x29, 0x20, 0x2a, 0x20, 0x5f, 0x74, 0x72, 0x75, 0x65, 0x29, 0x20, 0x2b,
    0x20, 0x28, 0x75, 0x76, 0x65, 0x63, 0x33, 0x28, 0x6e, 0x6f, 0x74, 0x28,
    0x5f, 0x63, 0x6f, 0x6e, 0x64, 0x29, 0x20, 0x29, 0x20, 0x2a, 0x20, 0x5f,
    0x66, 0x61, 0x6c, 0x73, 0x65, 0x29, 0x3b, 0x20, 0x7d, 0x0a, 0x75, 0x76,
    0x65, 0x63, 0x34, 0x20, 0x73, 0x65, 0x6c, 0x65, 0x63, 0x74, 0x28, 0x62,
    0x76, 0x65, 0x63, 0x34, 0x20, 0x5f, 0x63, 0x6f, 0x6e, 0x64, 0x2c, 0x20,
    0x75, 0x76, 0x65, 0x63, 0x34, 0x20, 0x5f, 0x74, 0x72, 0x75, 0x65, 0x2c,
    0x20, 0x75, 0x76, 0x65, 0x63, 0x34, 0x20, 0x5f, 0x66, 0x61, 0x6c, 0x73,
    0x65, 0x29, 0x20, 0x7b, 0x20, 0x72, 0x65, 0x74, 0x75, 0x72, 0x6e, 0x20,
    0x28, 0x75, 0x76, 0x65, 0x63, 0x34, 0x28, 0x5f, 0x63, 0x6f, 0x6e, 0x64,
    0x29, 0x20, 0x2a, 0x20, 0x5f, 0x74, 0x72, 0x75, 0x65, 0x29, 0x20, 0x2b,
    0x20, 0x28, 0x75, 0x76, 0x65, 0x63, 0x34, 0x28, 0x6e, 0x6f, 0x74, 0x28,
    0x5f, 0x63, 0x6f, 0x6e, 0x64, 0x29, 0x20, 0x29, 0x20, 0x2a, 0x20, 0x5f,
    0x66, 0x61, 0x6c, 0x73, 0x65, 0x29, 0x3b, 0x20, 0x7d, 0x0a, 0x75, 0x6e,
    0x69, 0x66, 0x6f, 0x72, 0x6d, 0x20, 0x76, 0x65, 0x63, 0x34, 0x20, 0x75,
    0x5f, 0x76, 0x69, 0x65, 0x77, 0x52, 0x65, 0x63, 0x74, 0x3b, 0x0a, 0x75,
    0x6e, 0x69, 0x66, 0x6f, 0x72, 0x6d, 0x20, 0x76, 0x65, 0x63, 0x34, 0x20,
    0x75, 0x5f, 0x76, 0x69, 0x65, 0x77, 0x54, 0x65, 0x78, 0x65, 0x6c, 0x3b,
    0x0a, 0x75, 0x6e, 0x69, 0x66, 0x6f, 0x72, 0x6d, 0x20, 0x6d, 0x61, 0x74,
    0x34, 0x20, 0x75, 0x5f, 0x76, 0x69, 0x65, 0x77, 0x3b, 0x0a, 0x75, 0x6e,
    0x69, 0x66, 0x6f, 0x72, 0x6d, 0x20, 0x6d, 0x61, 0x74, 0x34, 0x20, 0x75,
    0x5f, 0x69, 0x6e, 0x76, 0x56, 0x69, 0x65, 0x77, 0x3b, 0x0a, 0x75, 0x6e,
    0x69, 0x66, 0x6f, 0x72, 0x6d, 0x20, 0x6d, 0x61, 0x74, 0x34, 0x20, 0x75,
    0x5f, 0x70, 0x72, 0x6f, 0x6a, 0x3b, 0x0a, 0x75, 0x6e, 0x69, 0x66, 0x6f,
    0x72, 0x6d, 0x20, 0x6d, 0x61, 0x74, 0x34, 0x20, 0x75, 0x5f, 0x69, 0x6e,
    0x76, 0x50, 0x72, 0x6f, 0x6a, 0x3b, 0x0a, 0x75, 0x6e, 0x69, 0x66, 0x6f,
    0x72, 0x6d, 0x20, 0x6d, 0x61, 0x74, 0x34, 0x20, 0x75, 0x5f, 0x76, 0x69,
    0x65, 0x77, 0x50, 0x72, 0x6f, 0x6a, 0x3b, 0x0a, 0x75, 0x6e, 0x69, 0x66,
    0x6f, 0x72, 0x6d, 0x20, 0x6d, 0x61, 0x74, 0x34, 0x20, 0x75, 0x5f, 0x69,
    0x6e, 0x76, 0x56, 0x69, 0x65, 0x77, 0x50, 0x72, 0x6f, 0x6a, 0x3b, 0x0a,
    0x75, 0x6e, 0x69, 0x66, 0x6f, 0x72, 0x6d, 0x20, 0x6d, 0x61, 0x74, 0x34,
    0x20, 0x75, 0x5f, 0x6d, 0x6f, 0x64, 0x65, 0x6c, 0x56, 0x69, 0x65, 0x77,
    0x3b, 0x0a, 0x75, 0x6e, 0x69, 0x66, 0x6f, 0x72, 0x6d, 0x20, 0x6d, 0x61,
    0x74, 0x34, 0x20, 0x75, 0x5f, 0x69, 0x6e, 0x76, 0x4d, 0x6f, 0x64, 0x65,
    0x6c, 0x56, 0x69, 0x65, 0x77, 0x3b, 0x0a, 0x75, 0x6e, 0x69, 0x66, 0x6f,
    0x72, 0x6d, 0x20, 0x6d, 0x61, 0x74, 0x34, 0x20, 0x75, 0x5f, 0x6d, 0x6f,
    0x64, 0x65, 0x6c, 0x56, 0x69, 0x65, 0x77, 0x50, 0x72, 0x6f, 0x6a, 0x3b,
    0x0a, 0x75, 0x6e, 0x69, 0x66, 0x6f, 0x72, 0x6d, 0x20, 0x76, 0x65, 0x63,
    0x34, 0x20, 0x75, 0x5f, 0x61, 0x6c, 0x70, 0x68, 0x61, 0x52, 0x65, 0x66,
    0x34, 0x3b, 0x0a, 0x75, 0x6e, 0x69, 0x66, 0x6f, 0x72, 0x6d, 0x20, 0x6d,
    0x61, 0x74, 0x34, 0x20, 0x75, 0x5f, 0x6d, 0x6f, 0x64, 0x65, 0x6c, 0x5b,
    0x31, 0x5d, 0x3b, 0x0a, 0x75, 0x6e, 0x69, 0x66, 0x6f, 0x72, 0x6d, 0x20,
    0x73, 0x61, 0x6d, 0x70, 0x6c, 0x65, 0x72, 0x32, 0x44, 0x20, 0x73, 0x5f,
    0x74, 0x65, 0x78, 0x74, 0x75, 0x72, 0x65, 0x3b, 0x0a, 0x75, 0x6e, 0x69,
    0x66, 0x6f, 0x72, 0x6d, 0x20, 0x73, 0x61, 0x6d, 0x70, 0x6c, 0x65, 0x72,
    0x32, 0x44, 0x20, 0x73, 0x5f, 0x74, 0x65, 0x78, 0x74, 0x75, 0x72, 0x65,
    0x31, 0x3b, 0x0a, 0x75, 0x6e, 0x69, 0x66, 0x6f, 0x72, 0x6d, 0x20, 0x76,
    0x65, 0x63, 0x34, 0x20, 0x42, 0x6c, 0x65, 0x6e, 0x64, 0x50, 0x61, 0x72,
    0x61, 0x6d, 0x73, 0x3b, 0x0a, 0x66, 0x6c, 0x6f, 0x61, 0x74, 0x20, 0x6c,
    0x75, 0x6d, 0x28, 0x76, 0x65, 0x63, 0x33, 0x20, 0x63, 0x29, 0x20, 0x7b,
    0x20, 0x72, 0x65, 0x74, 0x75, 0x72, 0x6e, 0x20, 0x64, 0x6f, 0x74, 0x28,
    0x63, 0x2c, 0x20, 0x76, 0x65, 0x63, 0x33, 0x28, 0x30, 0x2e, 0x32, 0x31,
    0x32, 0x36, 0x2c, 0x20, 0x30, 0x2e, 0x37, 0x31, 0x35, 0x32, 0x2c, 0x20,
    0x30, 0x2e, 0x30, 0x37, 0x32, 0x32, 0x29, 0x29, 0x3b, 0x20, 0x7d, 0x0a,
    0x76, 0x65, 0x63, 0x33, 0x20, 0x73, 0x65, 0x74, 0x4c, 0x75, 0x6d, 0x28,
    0x76, 0x65, 0x63, 0x33, 0x20, 0x63, 0x2c, 0x20, 0x66, 0x6c, 0x6f, 0x61,
    0x74, 0x20, 0x6c, 0x29, 0x20, 0x7b, 0x0a, 0x66, 0x6c, 0x6f, 0x61, 0x74,
    0x20, 0x64, 0x20, 0x3d, 0x20, 0x6c, 0x20, 0x2d, 0x20, 0x6c, 0x75, 0x6d,
    0x28, 0x63, 0x29, 0x3b, 0x0a, 0x72, 0x65, 0x74, 0x75, 0x72, 0x6e, 0x20,
    0x63, 0x6c, 0x61, 0x6d, 0x70, 0x28, 0x76, 0x65, 0x63, 0x33, 0x28, 0x63,
    0x2e, 0x72, 0x20, 0x2b, 0x20, 0x64, 0x2c, 0x20, 0x63, 0x2e, 0x67, 0x20,
    0x2b, 0x20, 0x64, 0x2c, 0x20, 0x63, 0x2e, 0x62, 0x20, 0x2b, 0x20, 0x64,
    0x29, 0x2c, 0x20, 0x30, 0x2e, 0x30, 0x2c, 0x20, 0x31, 0x2e, 0x30, 0x29,
    0x3b, 0x0a, 0x7d, 0x0a, 0x76, 0x65, 0x63, 0x33, 0x20, 0x62, 0x4e, 0x6f,
    0x72, 0x6d, 0x61, 0x6c, 0x28, 0x20, 0x76, 0x65, 0x63, 0x33, 0x20, 0x61,
    0x2c, 0x20, 0x76, 0x65, 0x63, 0x33, 0x20, 0x62, 0x29, 0x20, 0x7b, 0x20,
    0x72, 0x65, 0x74, 0x75, 0x72, 0x6e, 0x20, 0x62, 0x3b, 0x20, 0x7d, 0x0a,
    0x76, 0x65, 0x63, 0x33, 0x20, 0x62, 0x4d, 0x75, 0x6c, 0x74, 0x69, 0x70,
    0x6c, 0x79, 0x28, 0x20, 0x76, 0x65, 0x63, 0x33, 0x20, 0x61, 0x2c, 0x20,
    0x76, 0x65, 0x63, 0x33, 0x20, 0x62, 0x29, 0x20, 0x7b, 0x20, 0x72, 0x65,
    0x74, 0x75, 0x72, 0x6e, 0x20, 0x61, 0x20, 0x2a, 0x20, 0x62, 0x3b, 0x20,
    0x7d, 0x0a, 0x76, 0x65, 0x63, 0x33, 0x20, 0x62, 0x53, 0x63, 0x72, 0x65,
    0x65, 0x6e, 0x28, 0x20, 0x76, 0x65, 0x63, 0x33, 0x20, 0x61, 0x2c, 0x20,
    0x76, 0x65, 0x63, 0x33, 0x20, 0x62, 0x29, 0x20, 0x7b, 0x20, 0x72, 0x65,
    0x74, 0x75, 0x72, 0x6e, 0x20, 0x76, 0x65, 0x63, 0x33, 0x28, 0x31, 0x2e,
    0x30, 0x29, 0x20, 0x2d, 0x20, 0x28, 0x76, 0x65, 0x63, 0x33, 0x28, 0x31,
    0x2e, 0x30, 0x29, 0x20, 0x2d, 0x20, 0x61, 0x29, 0x20, 0x2a, 0x20, 0x28,
    0x76, 0x65, 0x63, 0x33, 0x28, 0x31, 0x2e, 0x30, 0x29, 0x20, 0x2d, 0x20,
    0x62, 0x29, 0x3b, 0x20, 0x7d, 0x0a, 0x76, 0x65, 0x63, 0x33, 0x20, 0x62,
    0x4f, 0x76, 0x65, 0x72, 0x6c, 0x61, 0x79, 0x28, 0x20, 0x76, 0x65, 0x63,
    0x33, 0x20, 0x61, 0x2c, 0x20, 0x76, 0x65, 0x63, 0x33, 0x20, 0x62, 0x29,
    0x20, 0x7b, 0x0a, 0x76, 0x65, 0x63, 0x33, 0x20, 0x72, 0x3b, 0x0a, 0x72,
    0x2e, 0x72, 0x20, 0x3d, 0x20, 0x61, 0x2e, 0x72, 0x20, 0x3c, 0x20, 0x30,
    0x2e, 0x35, 0x20, 0x3f, 0x20, 0x32, 0x2e, 0x30, 0x20, 0x2a, 0x20, 0x61,
    0x2e, 0x72, 0x20, 0x2a, 0x20, 0x62, 0x2e, 0x72, 0x20, 0x3a, 0x20, 0x31,
    0x2e, 0x30, 0x20, 0x2d, 0x20, 0x32, 0x2e, 0x30, 0x20, 0x2a, 0x20, 0x28,
    0x31, 0x2e, 0x30, 0x20, 0x2d, 0x20, 0x61, 0x2e, 0x72, 0x29, 0x20, 0x2a,
    0x20, 0x28, 0x31, 0x2e, 0x30, 0x20, 0x2d, 0x20, 0x62, 0x2e, 0x72, 0x29,
    0x3b, 0x0a, 0x72, 0x2e, 0x67, 0x20, 0x3d, 0x20, 0x61, 0x2e, 0x67, 0x20,
    0x3c, 0x20, 0x30, 0x2e, 0x35, 0x20, 0x3f, 0x20, 0x32, 0x2e, 0x30, 0x20,
    0x2a, 0x20, 0x61, 0x2e, 0x67, 0x20, 0x2a, 0x20, 0x62, 0x2e, 0x67, 0x20,
    0x3a, 0x20, 0x31, 0x2e, 0x30, 0x20, 0x2d, 0x20, 0x32, 0x2e, 0x30, 0x20,
    0x2a, 0x20, 0x28, 0x31, 0x2e, 0x30, 0x20, 0x2d, 0x20, 0x61, 0x2e, 0x67,
    0x29, 0x20, 0x2a, 0x20, 0x28, 0x31, 0x2e, 0x30, 0x20, 0x2d, 0x20, 0x62,
    0x2e, 0x67, 0x29, 0x3b, 0x0a, 0x72, 0x2e, 0x62, 0x20, 0x3d, 0x20, 0x61,
    0x2e, 0x62, 0x20, 0x3c, 0x20, 0x30, 0x2e, 0x35, 0x20, 0x3f, 0x20, 0x32,
    0x2e, 0x30, 0x20, 0x2a, 0x20, 0x61, 0x2e, 0x62, 0x20, 0x2a, 0x20, 0x62,
    0x2e, 0x62, 0x20, 0x3a, 0x20, 0x31, 0x2e, 0x30, 0x20, 0x2d, 0x20, 0x32,
    0x2e, 0x30, 0x20, 0x2a, 0x20, 0x28, 0x31, 0x2e, 0x30, 0x20, 0x2d, 0x20,
    0x61, 0x2e, 0x62, 0x29, 0x20, 0x2a, 0x20, 0x28, 0x31, 0x2e, 0x30, 0x20,
    0x2d, 0x20, 0x62, 0x2e, 0x62, 0x29, 0x3b, 0x0a, 0x72, 0x65, 0x74, 0x75,
    0x72, 0x6e, 0x20, 0x72, 0x3b, 0x0a, 0x7d, 0x0a, 0x76, 0x65, 0x63, 0x33,
    0x20, 0x62, 0x44, 0x61, 0x72, 0x6b, 0x65, 0x6e, 0x28, 0x20, 0x76, 0x65,
    0x63, 0x33, 0x20, 0x61, 0x2c, 0x20, 0x76, 0x65, 0x63, 0x33, 0x20, 0x62,
    0x29, 0x20, 0x7b, 0x20, 0x72, 0x65, 0x74, 0x75, 0x72, 0x6e, 0x20, 0x6d,
    0x69, 0x6e, 0x28, 0x61, 0x2c, 0x20, 0x62, 0x29, 0x3b, 0x20, 0x7d, 0x0a,
    0x76, 0x65, 0x63, 0x33, 0x20, 0x62, 0x4c, 0x69, 0x67, 0x68, 0x74, 0x65,
    0x6e, 0x28, 0x20, 0x76, 0x65, 0x63, 0x33, 0x20, 0x61, 0x2c, 0x20, 0x76,
    0x65, 0x63, 0x33, 0x20, 0x62, 0x29, 0x20, 0x7b, 0x20, 0x72, 0x65, 0x74,
    0x75, 0x72, 0x6e, 0x20, 0x6d, 0x61, 0x78, 0x28, 0x61, 0x2c, 0x20, 0x62,
    0x29, 0x3b, 0x20, 0x7d, 0x0a, 0x76, 0x65, 0x63, 0x33, 0x20, 0x62, 0x43,
    0x6f, 0x6c, 0x6f, 0x72, 0x44, 0x6f, 0x64, 0x67, 0x65, 0x28, 0x20, 0x76,
    0x65, 0x63, 0x33, 0x20, 0x61, 0x2c, 0x20, 0x76, 0x65, 0x63, 0x33, 0x20,
    0x62, 0x29, 0x20, 0x7b, 0x20, 0x72, 0x65, 0x74, 0x75, 0x72, 0x6e, 0x20,
    0x61, 0x20, 0x2f, 0x20, 0x28, 0x76, 0x65, 0x63, 0x33, 0x28, 0x31, 0x2e,
    0x30, 0x29, 0x20, 0x2d, 0x20, 0x62, 0x29, 0x3b, 0x20, 0x7d, 0x0a, 0x76,
    0x65, 0x63, 0x33, 0x20, 0x62, 0x43, 0x6f, 0x6c, 0x6f, 0x72, 0x42, 0x75,
    0x72, 0x6e, 0x28, 0x20, 0x76, 0x65, 0x63, 0x33, 0x20, 0x61, 0x2c, 0x20,
    0x76, 0x65, 0x63, 0x33, 0x20, 0x62, 0x29, 0x20, 0x7b, 0x20, 0x72, 0x65,
    0x74, 0x75, 0x72, 0x6e, 0x20, 0x76, 0x65, 0x63, 0x33, 0x28, 0x31, 0x2e,
    0x30, 0x29, 0x20, 0x2d, 0x20, 0x28, 0x76, 0x65, 0x63, 0x33, 0x28, 0x31,
    0x2e, 0x30, 0x29, 0x20, 0x2d, 0x20, 0x61, 0x29, 0x20, 0x2f, 0x20, 0x62,
    0x3b, 0x20, 0x7d, 0x0a, 0x76, 0x65, 0x63, 0x33, 0x20, 0x62, 0x48, 0x61,
    0x72, 0x64, 0x4c, 0x69, 0x67, 0x68, 0x74, 0x28, 0x20, 0x76, 0x65, 0x63,
    0x33, 0x20, 0x61, 0x2c, 0x20, 0x76, 0x65, 0x63, 0x33, 0x20, 0x62, 0x29,
    0x20, 0x7b, 0x20, 0x72, 0x65, 0x74, 0x75, 0x72, 0x6e, 0x20, 0x62, 0x4f,
    0x76, 0x65, 0x72, 0x6c, 0x61, 0x79, 0x28, 0x62, 0x2c, 0x20, 0x61, 0x29,
    0x3b, 0x20, 0x7d, 0x0a, 0x76, 0x65, 0x63, 0x33, 0x20, 0x62, 0x53, 0x6f,
    0x66, 0x74, 0x4c, 0x69, 0x67, 0x68, 0x74, 0x28, 0x20, 0x76, 0x65, 0x63,
    0x33, 0x20, 0x61, 0x2c, 0x20, 0x76, 0x65, 0x63, 0x33, 0x20, 0x62, 0x29,
    0x20, 0x7b, 0x0a, 0x76, 0x65, 0x63, 0x33, 0x20, 0x72, 0x3b, 0x0a, 0x72,
    0x2e, 0x72, 0x20, 0x3d, 0x20, 0x62, 0x2e, 0x72, 0x20, 0x3c, 0x20, 0x30,
    0x2e, 0x35, 0x20, 0x3f, 0x20, 0x61, 0x2e, 0x72, 0x20, 0x2a, 0x20, 0x28,
    0x32, 0x2e, 0x30, 0x20, 0x2a, 0x20, 0x62, 0x2e, 0x72, 0x20, 0x2b, 0x20,
    0x61, 0x2e, 0x72, 0x20, 0x2a, 0x20, 0x28, 0x31, 0x2e, 0x30, 0x20, 0x2d,
    0x20, 0x32, 0x2e, 0x30, 0x20, 0x2a, 0x20, 0x62, 0x2e, 0x72, 0x29, 0x29,
    0x20, 0x3a, 0x20, 0x61, 0x2e, 0x72, 0x20, 0x2b, 0x20, 0x28, 0x32, 0x2e,
    0x30, 0x20, 0x2a, 0x20, 0x62, 0x2e, 0x72, 0x20, 0x2d, 0x20, 0x31, 0x2e,
    0x30, 0x29, 0x20, 0x2a, 0x20, 0x28, 0x73, 0x71, 0x72, 0x74, 0x28, 0x61,
    0x2e, 0x72, 0x29, 0x20, 0x2d, 0x20, 0x61, 0x2e, 0x72, 0x29, 0x3b, 0x0a,
    0x72, 0x2e, 0x67, 0x20, 0x3d, 0x20, 0x62, 0x2e, 0x67, 0x20, 0x3c, 0x20,
    0x30, 0x2e, 0x35, 0x20, 0x3f, 0x20, 0x61, 0x2e, 0x67, 0x20, 0x2a, 0x20,
    0x28, 0x32, 0x2e, 0x30, 0x20, 0x2a, 0x20, 0x62, 0x2e, 0x67, 0x20, 0x2b,
    0x20, 0x61, 0x2e, 0x67, 0x20, 0x2a, 0x20, 0x28, 0x31, 0x2e, 0x30, 0x20,
    0x2d, 0x20, 0x32, 0x2e, 0x30, 0x20, 0x2a, 0x20, 0x62, 0x2e, 0x67, 0x29,
    0x29, 0x20, 0x3a, 0x20, 0x61, 0x2e, 0x67, 0x20, 0x2b, 0x20, 0x28, 0x32,
    0x2e, 0x30, 0x20, 0x2a, 0x20, 0x62, 0x2e, 0x67, 0x20, 0x2d, 0x20, 0x31,
    0x2e, 0x30, 0x29, 0x20, 0x2a, 0x20, 0x28, 0x73, 0x71, 0x72, 0x74, 0x28,
    0x61, 0x2e, 0x67, 0x29, 0x20, 0x2d, 0x20, 0x61, 0x2e, 0x67, 0x29, 0x3b,
    0x0a, 0x72, 0x2e, 0x62, 0x20, 0x3d, 0x20, 0x62, 0x2e, 0x62, 0x20, 0x3c,
    0x20, 0x30, 0x2e, 0x35, 0x20, 0x3f, 0x20, 0x61, 0x2e, 0x62, 0x20, 0x2a,
    0x20, 0x28, 0x32, 0x2e, 0x30, 0x20, 0x2a, 0x20, 0x62, 0x2e, 0x62, 0x20,
    0x2b, 0x20, 0x61, 0x2e, 0x62, 0x20, 0x2a, 0x20, 0x28, 0x31, 0x2e, 0x30,
    0x20, 0x2d, 0x20, 0x32, 0x2e, 0x30, 0x20, 0x2a, 0x20, 0x62, 0x2e, 0x62,
    0x29, 0x29, 0x20, 0x3a, 0x20, 0x61, 0x2e, 0x62, 0x20, 0x2b, 0x20, 0x28,
    0x32, 0x2e, 0x30, 0x20, 0x2a, 0x20, 0x62, 0x2e, 0x62, 0x20, 0x2d, 0x20,
    0x31, 0x2e, 0x30, 0x29, 0x20, 0x2a, 0x20, 0x28, 0x73, 0x71, 0x72, 0x74,
    0x28, 0x61, 0x2e, 0x62, 0x29, 0x20, 0x2d, 0x20, 0x61, 0x2e, 0x62, 0x29,
    0x3b, 0x0a, 0x72, 0x65, 0x74, 0x75, 0x72, 0x6e, 0x20, 0x72, 0x3b, 0x0a,
    0x7d, 0x0a, 0x76, 0x65, 0x63, 0x33, 0x20, 0x62, 0x44, 0x69, 0x66, 0x66,
    0x65, 0x72, 0x65, 0x6e, 0x63, 0x65, 0x28, 0x20, 0x76, 0x65, 0x63, 0x33,
    0x20, 0x61, 0x2c, 0x20, 0x76, 0x65, 0x63, 0x33, 0x20, 0x62, 0x29, 0x20,
    0x7b, 0x20, 0x72, 0x65, 0x74, 0x75, 0x72, 0x6e, 0x20, 0x61, 0x62, 0x73,
    0x28, 0x61, 0x20, 0x2d, 0x20, 0x62, 0x29, 0x3b, 0x20, 0x7d, 0x0a, 0x76,
    0x65, 0x63, 0x33, 0x20, 0x62, 0x45, 0x78, 0x63, 0x6c, 0x75, 0x73, 0x69,
    0x6f, 0x6e, 0x28, 0x20, 0x76, 0x65, 0x63, 0x33, 0x20, 0x61, 0x2c, 0x20,
    0x76, 0x65, 0x63, 0x33, 0x20, 0x62, 0x29, 0x20, 0x7b, 0x20, 0x72, 0x65,
    0x74, 0x75, 0x72, 0x6e, 0x20, 0x61, 0x20, 0x2b, 0x20, 0x62, 0x20, 0x2d,
    0x20, 0x32, 0x2e, 0x30, 0x20, 0x2a, 0x20, 0x61, 0x20, 0x2a, 0x20, 0x62,
    0x3b, 0x20, 0x7d, 0x0a, 0x76, 0x65, 0x63, 0x33, 0x20, 0x62, 0x48, 0x75,
    0x65, 0x28, 0x20, 0x76, 0x65, 0x63, 0x33, 0x20, 0x61, 0x2c, 0x20, 0x76,
    0x65, 0x63, 0x33, 0x20, 0x62, 0x29, 0x20, 0x7b, 0x20, 0x72, 0x65, 0x74,
    0x75, 0x72, 0x6e, 0x20, 0x73, 0x65, 0x74, 0x4c, 0x75, 0x6d, 0x28, 0x62,
    0x2c, 0x20, 0x6c, 0x75, 0x6d, 0x28, 0x61, 0x29, 0x29, 0x3b, 0x20, 0x7d,
    0x0a, 0x76, 0x65, 0x63, 0x33, 0x20, 0x62, 0x53, 0x61, 0x74, 0x75, 0x72,
    0x61, 0x74, 0x69, 0x6f, 0x6e, 0x28, 0x20, 0x76, 0x65, 0x63, 0x33, 0x20,
    0x61, 0x2c, 0x20, 0x76, 0x65, 0x63, 0x33, 0x20, 0x62, 0x29, 0x20, 0x7b,
    0x20, 0x72, 0x65, 0x74, 0x75, 0x72, 0x6e, 0x20, 0x73, 0x65, 0x74, 0x4c,
    0x75, 0x6d, 0x28, 0x73, 0x65, 0x74, 0x4c, 0x75, 0x6d, 0x28, 0x62, 0x2c,
    0x20, 0x6c, 0x75, 0x6d, 0x28, 0x61, 0x29, 0x29, 0x2c, 0x20, 0x6c, 0x75,
    0x6d, 0x28, 0x61, 0x29, 0x29, 0x3b, 0x20, 0x7d, 0x0a, 0x76, 0x65, 0x63,
    0x33, 0x20, 0x62, 0x43, 0x6f, 0x6c, 0x6f, 0x72, 0x28, 0x20, 0x76, 0x65,
    0x63, 0x33, 0x20, 0x61, 0x2c, 0x20, 0x76, 0x65, 0x63, 0x33, 0x20, 0x62,
    0x29, 0x20, 0x7b, 0x20, 0x72, 0x65, 0x74, 0x75, 0x72, 0x6e, 0x20, 0x73,
    0x65, 0x74, 0x4c, 0x75, 0x6d, 0x28, 0x62, 0x2c, 0x20, 0x6c, 0x75, 0x6d,
    0x28, 0x61, 0x29, 0x29, 0x3b, 0x20, 0x7d, 0x0a, 0x76, 0x65, 0x63, 0x33,
    0x20, 0x62, 0x4c, 0x75, 0x6d, 0x69, 0x6e, 0x6f, 0x73, 0x69, 0x74, 0x79,
    0x28, 0x20, 0x76, 0x65, 0x63, 0x33, 0x20, 0x61, 0x2c, 0x20, 0x76, 0x65,
    0x63, 0x33, 0x20, 0x62, 0x29, 0x20, 0x7b, 0x20, 0x72, 0x65, 0x74, 0x75,
    0x72, 0x6e, 0x20, 0x73, 0x65, 0x74, 0x4c, 0x75, 0x6d, 0x28, 0x61, 0x2c,
    0x20, 0x6c, 0x75, 0x6d, 0x28, 0x62, 0x29, 0x29, 0x3b, 0x20, 0x7d, 0x0a,
    0x76, 0x65, 0x63, 0x33, 0x20, 0x62, 0x41, 0x64, 0x64, 0x28, 0x20, 0x76,
    0x65, 0x63, 0x33, 0x20, 0x61, 0x2c, 0x20, 0x76, 0x65, 0x63, 0x33, 0x20,
    0x62, 0x29, 0x20, 0x7b, 0x20, 0x72, 0x65, 0x74, 0x75, 0x72, 0x6e, 0x20,
    0x61, 0x20, 0x2b, 0x20, 0x62, 0x3b, 0x20, 0x7d, 0x0a, 0x76, 0x65, 0x63,
    0x33, 0x20, 0x62, 0x53, 0x75, 0x62, 0x74, 0x72, 0x61, 0x63, 0x74, 0x28,
    0x20, 0x76, 0x65, 0x63, 0x33, 0x20, 0x61, 0x2c, 0x20, 0x76, 0x65, 0x63,
    0x33, 0x20, 0x62, 0x29, 0x20, 0x7b, 0x20, 0x72, 0x65, 0x74, 0x75, 0x72,
    0x6e, 0x20, 0x61, 0x20, 0x2d, 0x20, 0x62, 0x3b, 0x20, 0x7d, 0x0a, 0x76,
    0x65, 0x63, 0x33, 0x20, 0x62, 0x44, 0x69, 0x76, 0x69, 0x64, 0x65, 0x28,
    0x20, 0x76, 0x65, 0x63, 0x33, 0x20, 0x61, 0x2c, 0x20, 0x76, 0x65, 0x63,
    0x33, 0x20, 0x62, 0x29, 0x20, 0x7b, 0x20, 0x72, 0x65, 0x74, 0x75, 0x72,
    0x6e, 0x20, 0x61, 0x20, 0x2f, 0x20, 0x62, 0x3b, 0x20, 0x7d, 0x0a, 0x76,
    0x65, 0x63, 0x33, 0x20, 0x62, 0x4c, 0x69, 0x6e, 0x65, 0x61, 0x72, 0x42,
    0x75, 0x72, 0x6e, 0x28, 0x20, 0x76, 0x65, 0x63, 0x33, 0x20, 0x61, 0x2c,
    0x20, 0x76, 0x65, 0x63, 0x33, 0x20, 0x62, 0x29, 0x20, 0x7b, 0x20, 0x72,
    0x65, 0x74, 0x75, 0x72, 0x6e, 0x20, 0x61, 0x20, 0x2b, 0x20, 0x62, 0x20,
    0x2d, 0x20, 0x76, 0x65, 0x63, 0x33, 0x28, 0x31, 0x2e, 0x30, 0x29, 0x3b,
    0x20, 0x7d, 0x0a, 0x76, 0x65, 0x63, 0x33, 0x20, 0x62, 0x4c, 0x69, 0x6e,
    0x65, 0x61, 0x72, 0x44, 0x6f, 0x64, 0x67, 0x65, 0x28, 0x76, 0x65, 0x63,
    0x33, 0x20, 0x61, 0x2c, 0x20, 0x76, 0x65, 0x63, 0x33, 0x20, 0x62, 0x29,
    0x20, 0x7b, 0x20, 0x72, 0x65, 0x74, 0x75, 0x72, 0x6e, 0x20, 0x61, 0x20,
    0x2b, 0x20, 0x62, 0x3b, 0x20, 0x7d, 0x0a, 0x66, 0x6c, 0x6f, 0x61, 0x74,
    0x20, 0x66, 0x43, 0x6f, 0x6c, 0x6f, 0x72, 0x44, 0x6f, 0x64, 0x67, 0x65,
    0x28, 0x66, 0x6c, 0x6f, 0x61, 0x74, 0x20, 0x61, 0x2c, 0x20, 0x66, 0x6c,
    0x6f, 0x61, 0x74, 0x20, 0x62, 0x29, 0x20, 0x7b, 0x20, 0x72, 0x65, 0x74,
    0x75, 0x72, 0x6e, 0x20, 0x62, 0x20, 0x3e, 0x3d, 0x20, 0x31, 0x2e, 0x30,
    0x20, 0x3f, 0x20, 0x31, 0x2e, 0x30, 0x20, 0x3a, 0x20, 0x6d, 0x69, 0x6e,
    0x28, 0x31, 0x2e, 0x30, 0x2c, 0x20, 0x61, 0x20, 0x2f, 0x20, 0x28, 0x31,
    0x2e, 0x30, 0x20, 0x2d, 0x20, 0x62, 0x29, 0x29, 0x3b, 0x20, 0x7d, 0x0a,
    0x66, 0x6c, 0x6f, 0x61, 0x74, 0x20, 0x66, 0x43, 0x6f, 0x6c, 0x6f, 0x72,
    0x42, 0x75, 0x72, 0x6e, 0x28, 0x66, 0x6c, 0x6f, 0x61, 0x74, 0x20, 0x61,
    0x2c, 0x20, 0x66, 0x6c, 0x6f, 0x61, 0x74, 0x20, 0x62, 0x29, 0x20, 0x7b,
    0x20, 0x72, 0x65, 0x74, 0x75, 0x72, 0x6e, 0x20, 0x62, 0x20, 0x3c, 0x3d,
    0x20, 0x30, 0x2e, 0x30, 0x20, 0x3f, 0x20, 0x30, 0x2e, 0x30, 0x20, 0x3a,
    0x20, 0x31, 0x2e, 0x30, 0x20, 0x2d, 0x20, 0x6d, 0x69, 0x6e, 0x28, 0x31,
    0x2e, 0x30, 0x2c, 0x20, 0x28, 0x31, 0x2e, 0x30, 0x20, 0x2d, 0x20, 0x61,
    0x29, 0x20, 0x2f, 0x20, 0x62, 0x29, 0x3b, 0x20, 0x7d, 0x0a, 0x76, 0x65,
    0x63, 0x33, 0x20, 0x62, 0x56, 0x69, 0x76, 0x69, 0x64, 0x4c, 0x69, 0x67,
    0x68, 0x74, 0x28, 0x20, 0x76, 0x65, 0x63, 0x33, 0x20, 0x61, 0x2c, 0x20,
    0x76, 0x65, 0x63, 0x33, 0x20, 0x62, 0x29, 0x20, 0x7b, 0x0a, 0x76, 0x65,
    0x63, 0x33, 0x20, 0x72, 0x3b, 0x0a, 0x72, 0x2e, 0x72, 0x20, 0x3d, 0x20,
    0x62, 0x2e, 0x72, 0x20, 0x3c, 0x20, 0x30, 0x2e, 0x35, 0x20, 0x3f, 0x20,
    0x66, 0x43, 0x6f, 0x6c, 0x6f, 0x72, 0x42, 0x75, 0x72, 0x6e, 0x28, 0x61,
    0x2e, 0x72, 0x2c, 0x20, 0x32, 0x2e, 0x30, 0x20, 0x2a, 0x20, 0x62, 0x2e,
    0x72, 0x29, 0x20, 0x3a, 0x20, 0x66, 0x43, 0x6f, 0x6c, 0x6f, 0x72, 0x44,
    0x6f, 0x64, 0x67, 0x65, 0x28, 0x61, 0x2e, 0x72, 0x2c, 0x20, 0x32, 0x2e,
    0x30, 0x20, 0x2a, 0x20, 0x28, 0x62, 0x2e, 0x72, 0x20, 0x2d, 0x20, 0x30,
    0x2e, 0x35, 0x29, 0x29, 0x3b, 0x0a, 0x72, 0x2e, 0x67, 0x20, 0x3d, 0x20,
    0x62, 0x2e, 0x67, 0x20, 0x3c, 0x20, 0x30, 0x2e, 0x35, 0x20, 0x3f, 0x20,
    0x66, 0x43, 0x6f, 0x6c, 0x6f, 0x72, 0x42, 0x75, 0x72, 0x6e, 0x28, 0x61,
    0x2e, 0x67, 0x2c, 0x20, 0x32, 0x2e, 0x30, 0x20, 0x2a, 0x20, 0x62, 0x2e,
    0x67, 0x29, 0x20, 0x3a, 0x20, 0x66, 0x43, 0x6f, 0x6c, 0x6f, 0x72, 0x44,
    0x6f, 0x64, 0x67, 0x65, 0x28, 0x61, 0x2e, 0x67, 0x2c, 0x20, 0x32, 0x2e,
    0x30, 0x20, 0x2a, 0x20, 0x28, 0x62, 0x2e, 0x67, 0x20, 0x2d, 0x20, 0x30,
    0x2e, 0x35, 0x29, 0x29, 0x3b, 0x0a, 0x72, 0x2e, 0x62, 0x20, 0x3d, 0x20,
    0x62, 0x2e, 0x62, 0x20, 0x3c, 0x20, 0x30, 0x2e, 0x35, 0x20, 0x3f, 0x20,
    0x66, 0x43, 0x6f, 0x6c, 0x6f, 0x72, 0x42, 0x75, 0x72, 0x6e, 0x28, 0x61,
    0x2e, 0x62, 0x2c, 0x20, 0x32, 0x2e, 0x30, 0x20, 0x2a, 0x20, 0x62, 0x2e,
    0x62, 0x29, 0x20, 0x3a, 0x20, 0x66, 0x43, 0x6f, 0x6c, 0x6f, 0x72, 0x44,
    0x6f, 0x64, 0x67, 0x65, 0x28, 0x61, 0x2e, 0x62, 0x2c, 0x20, 0x32, 0x2e,
    0x30, 0x20, 0x2a, 0x20, 0x28, 0x62, 0x2e, 0x62, 0x20, 0x2d, 0x20, 0x30,
    0x2e, 0x35, 0x29, 0x29, 0x3b, 0x0a, 0x72, 0x65, 0x74, 0x75, 0x72, 0x6e,
    0x20, 0x72, 0x3b, 0x0a, 0x7d, 0x0a, 0x76, 0x65, 0x63, 0x33, 0x20, 0x62,
    0x4c, 0x69, 0x6e, 0x65, 0x61, 0x72, 0x4c, 0x69, 0x67, 0x68, 0x74, 0x28,
    0x76, 0x65, 0x63, 0x33, 0x20, 0x61, 0x2c, 0x20, 0x76, 0x65, 0x63, 0x33,
    0x20, 0x62, 0x29, 0x20, 0x7b, 0x20, 0x72, 0x65, 0x74, 0x75, 0x72, 0x6e,
    0x20, 0x62, 0x4c, 0x69, 0x6e, 0x65, 0x61, 0x72, 0x44, 0x6f, 0x64, 0x67,
    0x65, 0x28, 0x61, 0x2c, 0x20, 0x32, 0x2e, 0x30, 0x20, 0x2a, 0x20, 0x62,
    0x20, 0x2d, 0x20, 0x76, 0x65, 0x63, 0x33, 0x28, 0x31, 0x2e, 0x30, 0x29,
    0x29, 0x3b, 0x20, 0x7d, 0x0a, 0x76, 0x65, 0x63, 0x33, 0x20, 0x62, 0x50,
    0x69, 0x6e, 0x4c, 0x69, 0x67, 0x68, 0x74, 0x28, 0x20, 0x76, 0x65, 0x63,
    0x33, 0x20, 0x61, 0x2c, 0x20, 0x76, 0x65, 0x63, 0x33, 0x20, 0x62, 0x29,
    0x20, 0x7b, 0x0a, 0x76, 0x65, 0x63, 0x33, 0x20, 0x72, 0x3b, 0x0a, 0x72,
    0x2e, 0x72, 0x20, 0x3d, 0x20, 0x62, 0x2e, 0x72, 0x20, 0x3c, 0x20, 0x30,
    0x2e, 0x35, 0x20, 0x3f, 0x20, 0x6d, 0x69, 0x6e, 0x28, 0x61, 0x2e, 0x72,
    0x2c, 0x20, 0x32, 0x2e, 0x30, 0x20, 0x2a, 0x20, 0x62, 0x2e, 0x72, 0x29,
    0x20, 0x3a, 0x20, 0x6d, 0x61, 0x78, 0x28, 0x61, 0x2e, 0x72, 0x2c, 0x20,
    0x32, 0x2e, 0x30, 0x20, 0x2a, 0x20, 0x28, 0x62, 0x2e, 0x72, 0x20, 0x2d,
    0x20, 0x30, 0x2e, 0x35, 0x29, 0x29, 0x3b, 0x0a, 0x72, 0x2e, 0x67, 0x20,
    0x3d, 0x20, 0x62, 0x2e, 0x67, 0x20, 0x3c, 0x20, 0x30, 0x2e, 0x35, 0x20,
    0x3f, 0x20, 0x6d, 0x69, 0x6e, 0x28, 0x61, 0x2e, 0x67, 0x2c, 0x20, 0x32,
    0x2e, 0x30, 0x20, 0x2a, 0x20, 0x62, 0x2e, 0x67, 0x29, 0x20, 0x3a, 0x20,
    0x6d, 0x61, 0x78, 0x28, 0x61, 0x2e, 0x67, 0x2c, 0x20, 0x32, 0x2e, 0x30,
    0x20, 0x2a, 0x20, 0x28, 0x62, 0x2e, 0x67, 0x20, 0x2d, 0x20, 0x30, 0x2e,
    0x35, 0x29, 0x29, 0x3b, 0x0a, 0x72, 0x2e, 0x62, 0x20, 0x3d, 0x20, 0x62,
    0x2e, 0x62, 0x20, 0x3c, 0x20, 0x30, 0x2e, 0x35, 0x20, 0x3f, 0x20, 0x6d,
    0x69, 0x6e, 0x28, 0x61, 0x2e, 0x62, 0x2c, 0x20, 0x32, 0x2e, 0x30, 0x20,
    0x2a, 0x20, 0x62, 0x2e, 0x62, 0x29, 0x20, 0x3a, 0x20, 0x6d, 0x61, 0x78,
    0x28, 0x61, 0x2e, 0x62, 0x2c, 0x20, 0x32, 0x2e, 0x30, 0x20, 0x2a, 0x20,
    0x28, 0x62, 0x2e, 0x62, 0x20, 0x2d, 0x20, 0x30, 0x2e, 0x35, 0x29, 0x29,
    0x3b, 0x0a, 0x72, 0x65, 0x74, 0x75, 0x72, 0x6e, 0x20, 0x72, 0x3b, 0x0a,
    0x7d, 0x0a, 0x76, 0x65, 0x63, 0x33, 0x20, 0x62, 0x48, 0x61, 0x72, 0x64,
    0x4d, 0x69, 0x78, 0x28, 0x20, 0x76, 0x65, 0x63, 0x33, 0x20, 0x61, 0x2c,
    0x20, 0x76, 0x65, 0x63, 0x33, 0x20, 0x62, 0x29, 0x20, 0x7b, 0x0a, 0x76,
    0x65, 0x63, 0x33, 0x20, 0x72, 0x3b, 0x0a, 0x72, 0x2e, 0x72, 0x20, 0x3d,
    0x20, 0x28, 0x61, 0x2e, 0x72, 0x20, 0x2b, 0x20, 0x62, 0x2e, 0x72, 0x29,
    0x20, 0x3c, 0x20, 0x31, 0x2e, 0x30, 0x20, 0x3f, 0x20, 0x30, 0x2e, 0x30,
    0x20, 0x3a, 0x20, 0x31, 0x2e, 0x30, 0x3b, 0x0a, 0x72, 0x2e, 0x67, 0x20,
    0x3d, 0x20, 0x28, 0x61, 0x2e, 0x67, 0x20, 0x2b, 0x20, 0x62, 0x2e, 0x67,
    0x29, 0x20, 0x3c, 0x20, 0x31, 0x2e, 0x30, 0x20, 0x3f, 0x20, 0x30, 0x2e,
    0x30, 0x20, 0x3a, 0x20, 0x31, 0x2e, 0x30, 0x3b, 0x0a, 0x72, 0x2e, 0x62,
    0x20, 0x3d, 0x20, 0x28, 0x61, 0x2e, 0x62, 0x20, 0x2b, 0x20, 0x62, 0x2e,
    0x62, 0x29, 0x20, 0x3c, 0x20, 0x31, 0x2e, 0x30, 0x20, 0x3f, 0x20, 0x30,
    0x2e, 0x30, 0x20, 0x3a, 0x20, 0x31, 0x2e, 0x30, 0x3b, 0x0a, 0x72, 0x65,
    0x74, 0x75, 0x72, 0x6e, 0x20, 0x72, 0x3b, 0x0a, 0x7d, 0x0a, 0x6f, 0x75,
    0x74, 0x20, 0x76, 0x65, 0x63, 0x34, 0x20, 0x62, 0x67, 0x66, 0x78, 0x5f,
    0x46, 0x72, 0x61, 0x67, 0x43, 0x6f, 0x6c, 0x6f, 0x72, 0x3b, 0x0a, 0x76,
    0x6f, 0x69, 0x64, 0x20, 0x6d, 0x61, 0x69, 0x6e, 0x28, 0x29, 0x0a, 0x7b,
    0x0a, 0x76, 0x65, 0x63, 0x34, 0x20, 0x62, 0x61, 0x73, 0x65, 0x20, 0x3d,
    0x20, 0x74, 0x65, 0x78, 0x74, 0x75, 0x72, 0x65, 0x28, 0x73, 0x5f, 0x74,
    0x65, 0x78, 0x74, 0x75, 0x72, 0x65, 0x2c, 0x20, 0x76, 0x5f, 0x74, 0x65,
    0x78, 0x63, 0x6f, 0x6f, 0x72, 0x64, 0x30, 0x29, 0x20, 0x2a, 0x20, 0x42,
    0x6c, 0x65, 0x6e, 0x64, 0x50, 0x61, 0x72, 0x61, 0x6d, 0x73, 0x2e, 0x78,
    0x3b, 0x0a, 0x76, 0x65, 0x63, 0x34, 0x20, 0x62, 0x6c, 0x65, 0x6e, 0x64,
    0x20, 0x3d, 0x20, 0x74, 0x65, 0x78, 0x74, 0x75, 0x72, 0x65, 0x28, 0x73,
    0x5f, 0x74, 0x65, 0x78, 0x74, 0x75, 0x72, 0x65, 0x31, 0x2c, 0x20, 0x76,
    0x5f, 0x74, 0x65, 0x78, 0x63, 0x6f, 0x6f, 0x72, 0x64, 0x30, 0x29, 0x20,
    0x2a, 0x20, 0x42, 0x6c, 0x65, 0x6e, 0x64, 0x50, 0x61, 0x72, 0x61, 0x6d,
    0x73, 0x2e, 0x79, 0x3b, 0x0a, 0x76, 0x65, 0x63, 0x33, 0x20, 0x63, 0x3b,
    0x0a, 0x66, 0x6c, 0x6f, 0x61, 0x74, 0x20, 0x61, 0x6c, 0x70, 0x68, 0x61,
    0x3b, 0x0a, 0x73, 0x77, 0x69, 0x74, 0x63, 0x68, 0x20, 0x28, 0x69, 0x6e,
    0x74, 0x28, 0x42, 0x6c, 0x65, 0x6e, 0x64, 0x50, 0x61, 0x72, 0x61, 0x6d,
    0x73, 0x2e, 0x77, 0x29, 0x29, 0x20, 0x7b, 0x0a, 0x63, 0x61, 0x73, 0x65,
    0x20, 0x30, 0x3a, 0x0a, 0x63, 0x20, 0x3d, 0x20, 0x6d, 0x69, 0x78, 0x28,
    0x62, 0x61, 0x73, 0x65, 0x2e, 0x72, 0x67, 0x62, 0x2c, 0x20, 0x62, 0x6c,
    0x65, 0x6e, 0x64, 0x2e, 0x72, 0x67, 0x62, 0x2c, 0x20, 0x62, 0x6c, 0x65,
    0x6e, 0x64, 0x2e, 0x61, 0x29, 0x3b, 0x0a, 0x61, 0x6c, 0x70, 0x68, 0x61,
    0x20, 0x3d, 0x20, 0x63, 0x6c, 0x61, 0x6d, 0x70, 0x28, 0x62, 0x61, 0x73,
    0x65, 0x2e, 0x61, 0x20, 0x2b, 0x20, 0x62, 0x6c, 0x65, 0x6e, 0x64, 0x2e,
    0x61, 0x2c, 0x20, 0x30, 0x2e, 0x30, 0x2c, 0x20, 0x31, 0x2e, 0x30, 0x29,
    0x3b, 0x0a, 0x62, 0x72, 0x65, 0x61, 0x6b, 0x3b, 0x0a, 0x63, 0x61, 0x73,
    0x65, 0x20, 0x31, 0x3a, 0x20, 0x63, 0x20, 0x3d, 0x20, 0x62, 0x4d, 0x75,
    0x6c, 0x74, 0x69, 0x70, 0x6c, 0x79, 0x28, 0x62, 0x61, 0x73, 0x65, 0x2e,
    0x72, 0x67, 0x62, 0x2c, 0x20, 0x62, 0x6c, 0x65, 0x6e, 0x64, 0x2e, 0x72,
    0x67, 0x62, 0x29, 0x3b, 0x20, 0x61, 0x6c, 0x70, 0x68, 0x61, 0x20, 0x3d,
    0x20, 0x62, 0x61, 0x73, 0x65, 0x2e, 0x61, 0x3b, 0x20, 0x62, 0x72, 0x65,
    0x61, 0x6b, 0x3b, 0x0a, 0x63, 0x61, 0x73, 0x65, 0x20, 0x32, 0x3a, 0x20,
    0x63, 0x20, 0x3d, 0x20, 0x62, 0x53, 0x63, 0x72, 0x65, 0x65, 0x6e, 0x28,
    0x62, 0x61, 0x73, 0x65, 0x2e, 0x72, 0x67, 0x62, 0x2c, 0x20, 0x62, 0x6c,
    0x65, 0x6e, 0x64, 0x2e, 0x72, 0x67, 0x62, 0x29, 0x3b, 0x20, 0x61, 0x6c,
    0x70, 0x68, 0x61, 0x20, 0x3d, 0x20, 0x62, 0x61, 0x73, 0x65, 0x2e, 0x61,
    0x3b, 0x20, 0x62, 0x72, 0x65, 0x61, 0x6b, 0x3b, 0x0a, 0x63, 0x61, 0x73,
    0x65, 0x20, 0x33, 0x3a, 0x20, 0x63, 0x20, 0x3d, 0x20, 0x62, 0x4f, 0x76,
    0x65, 0x72, 0x6c, 0x61, 0x79, 0x28, 0x62, 0x61, 0x73, 0x65, 0x2e, 0x72,
    0x67, 0x62, 0x2c, 0x20, 0x62, 0x6c, 0x65, 0x6e, 0x64, 0x2e, 0x72, 0x67,
    0x62, 0x29, 0x3b, 0x20, 0x61, 0x6c, 0x70, 0x68, 0x61, 0x20, 0x3d, 0x20,
    0x62, 0x61, 0x73, 0x65, 0x2e, 0x61, 0x3b, 0x20, 0x62, 0x72, 0x65, 0x61,
    0x6b, 0x3b, 0x0a, 0x63, 0x61, 0x73, 0x65, 0x20, 0x34, 0x3a, 0x20, 0x63,
    0x20, 0x3d, 0x20, 0x62, 0x44, 0x61, 0x72, 0x6b, 0x65, 0x6e, 0x28, 0x62,
    0x61, 0x73, 0x65, 0x2e, 0x72, 0x67, 0x62, 0x2c, 0x20, 0x62, 0x6c, 0x65,
    0x6e, 0x64, 0x2e, 0x72, 0x67, 0x62, 0x29, 0x3b, 0x20, 0x61, 0x6c, 0x70,
    0x68, 0x61, 0x20, 0x3d, 0x20, 0x62, 0x61, 0x73, 0x65, 0x2e, 0x61, 0x3b,
    0x20, 0x62, 0x72, 0x65, 0x61, 0x6b, 0x3b, 0x0a, 0x63, 0x61, 0x73, 0x65,
    0x20, 0x35, 0x3a, 0x20, 0x63, 0x20, 0x3d, 0x20, 0x62, 0x4c, 0x69, 0x67,
    0x68, 0x74, 0x65, 0x6e, 0x28, 0x62, 0x61, 0x73, 0x65, 0x2e, 0x72, 0x67,
    0x62, 0x2c, 0x20, 0x62, 0x6c, 0x65, 0x6e, 0x64, 0x2e, 0x72, 0x67, 0x62,
    0x29, 0x3b, 0x20, 0x61, 0x6c, 0x70, 0x68, 0x61, 0x20, 0x3d, 0x20, 0x62,
    0x61, 0x73, 0x65, 0x2e, 0x61, 0x3b, 0x20, 0x62, 0x72, 0x65, 0x61, 0x6b,
    0x3b, 0x0a, 0x63, 0x61, 0x73, 0x65, 0x20, 0x36, 0x3a, 0x20, 0x63, 0x20,
    0x3d, 0x20, 0x62, 0x43, 0x6f, 0x6c, 0x6f, 0x72, 0x44, 0x6f, 0x64, 0x67,
    0x65, 0x28, 0x62, 0x61, 0x73, 0x65, 0x2e, 0x72, 0x67, 0x62, 0x2c, 0x20,
    0x62, 0x6c, 0x65, 0x6e, 0x64, 0x2e, 0x72, 0x67, 0x62, 0x29, 0x3b, 0x20,
    0x61, 0x6c, 0x70, 0x68, 0x61, 0x20, 0x3d, 0x20, 0x62, 0x61, 0x73, 0x65,
    0x2e, 0x61, 0x3b, 0x20, 0x62, 0x72, 0x65, 0x61, 0x6b, 0x3b, 0x0a, 0x63,
    0x61, 0x73, 0x65, 0x20, 0x37, 0x3a, 0x20, 0x63, 0x20, 0x3d, 0x20, 0x62,
    0x43, 0x6f, 0x6c, 0x6f, 0x72, 0x42, 0x75, 0x72, 0x6e, 0x28, 0x62, 0x61,
    0x73, 0x65, 0x2e, 0x72, 0x67, 0x62, 0x2c, 0x20, 0x62, 0x6c, 0x65, 0x6e,
    0x64, 0x2e, 0x72, 0x67, 0x62, 0x29, 0x3b, 0x20, 0x61, 0x6c, 0x70, 0x68,
    0x61, 0x20, 0x3d, 0x20, 0x62, 0x61, 0x73, 0x65, 0x2e, 0x61, 0x3b, 0x20,
    0x62, 0x72, 0x65, 0x61, 0x6b, 0x3b, 0x0a, 0x63, 0x61, 0x73, 0x65, 0x20,
    0x38, 0x3a, 0x20, 0x63, 0x20, 0x3d, 0x20, 0x62, 0x48, 0x61, 0x72, 0x64,
    0x4c, 0x69, 0x67, 0x68, 0x74, 0x28, 0x62, 0x61, 0x73, 0x65, 0x2e, 0x72,
    0x67, 0x62, 0x2c, 0x20, 0x62, 0x6c, 0x65, 0x6e, 0x64, 0x2e, 0x72, 0x67,
    0x62, 0x29, 0x3b, 0x20, 0x61, 0x6c, 0x70, 0x68, 0x61, 0x20, 0x3d, 0x20,
    0x62, 0x61, 0x73, 0x65, 0x2e, 0x61, 0x3b, 0x20, 0x62, 0x72, 0x65, 0x61,
    0x6b, 0x3b, 0x0a, 0x63, 0x61, 0x73, 0x65, 0x20, 0x39, 0x3a, 0x20, 0x63,
    0x20, 0x3d, 0x20, 0x62, 0x53, 0x6f, 0x66, 0x74, 0x4c, 0x69, 0x67, 0x68,
    0x74, 0x28, 0x62, 0x61, 0x73, 0x65, 0x2e, 0x72, 0x67, 0x62, 0x2c, 0x20,
    0x62, 0x6c, 0x65, 0x6e, 0x64, 0x2e, 0x72, 0x67, 0x62, 0x29, 0x3b, 0x20,
    0x61, 0x6c, 0x70, 0x68, 0x61, 0x20, 0x3d, 0x20, 0x62, 0x61, 0x73, 0x65,
    0x2e, 0x61, 0x3b, 0x20, 0x62, 0x72, 0x65, 0x61, 0x6b, 0x3b, 0x0a, 0x63,
    0x61, 0x73, 0x65, 0x20, 0x31, 0x30, 0x3a, 0x20, 0x63, 0x20, 0x3d, 0x20,
    0x62, 0x44, 0x69, 0x66, 0x66, 0x65, 0x72, 0x65, 0x6e, 0x63, 0x65, 0x28,
    0x62, 0x61, 0x73, 0x65, 0x2e, 0x72, 0x67, 0x62, 0x2c, 0x20, 0x62, 0x6c,
    0x65, 0x6e, 0x64, 0x2e, 0x72, 0x67, 0x62, 0x29, 0x3b, 0x20, 0x61, 0x6c,
    0x70, 0x68, 0x61, 0x20, 0x3d, 0x20, 0x62, 0x61, 0x73, 0x65, 0x2e, 0x61,
    0x3b, 0x20, 0x62, 0x72, 0x65, 0x61, 0x6b, 0x3b, 0x0a, 0x63, 0x61, 0x73,
    0x65, 0x20, 0x31, 0x31, 0x3a, 0x20, 0x63, 0x20, 0x3d, 0x20, 0x62, 0x45,
    0x78, 0x63, 0x6c, 0x75, 0x73, 0x69, 0x6f, 0x6e, 0x28, 0x62, 0x61, 0x73,
    0x65, 0x2e, 0x72, 0x67, 0x62, 0x2c, 0x20, 0x62, 0x6c, 0x65, 0x6e, 0x64,
    0x2e, 0x72, 0x67, 0x62, 0x29, 0x3b, 0x20, 0x61, 0x6c, 0x70, 0x68, 0x61,
    0x20, 0x3d, 0x20, 0x62, 0x61, 0x73, 0x65, 0x2e, 0x61, 0x3b, 0x20, 0x62,
    0x72, 0x65, 0x61, 0x6b, 0x3b, 0x0a, 0x63, 0x61, 0x73, 0x65, 0x20, 0x31,
    0x32, 0x3a, 0x20, 0x63, 0x20, 0x3d, 0x20, 0x62, 0x48, 0x75, 0x65, 0x28,
    0x62, 0x61, 0x73, 0x65, 0x2e, 0x72, 0x67, 0x62, 0x2c, 0x20, 0x62, 0x6c,
    0x65, 0x6e, 0x64, 0x2e, 0x72, 0x67, 0x62, 0x29, 0x3b, 0x20, 0x61, 0x6c,
    0x70, 0x68, 0x61, 0x20, 0x3d, 0x20, 0x62, 0x61, 0x73, 0x65, 0x2e, 0x61,
    0x3b, 0x20, 0x62, 0x72, 0x65, 0x61, 0x6b, 0x3b, 0x0a, 0x63, 0x61, 0x73,
    0x65, 0x20, 0x31, 0x33, 0x3a, 0x20, 0x63, 0x20, 0x3d, 0x20, 0x62, 0x53,
    0x61, 0x74, 0x75, 0x72, 0x61, 0x74, 0x69, 0x6f, 0x6e, 0x28, 0x62, 0x61,
    0x73, 0x65, 0x2e, 0x72, 0x67, 0x62, 0x2c, 0x20, 0x62, 0x6c, 0x65, 0x6e,
    0x64, 0x2e, 0x72, 0x67, 0x62, 0x29, 0x3b, 0x20, 0x61, 0x6c, 0x70, 0x68,
    0x61, 0x20, 0x3d, 0x20, 0x62, 0x61, 0x73, 0x65, 0x2e, 0x61, 0x3b, 0x20,
    0x62, 0x72, 0x65, 0x61, 0x6b, 0x3b, 0x0a, 0x63, 0x61, 0x73, 0x65, 0x20,
    0x31, 0x34, 0x3a, 0x20, 0x63, 0x20, 0x3d, 0x20, 0x62, 0x43, 0x6f, 0x6c,
    0x6f, 0x72, 0x28, 0x62, 0x61, 0x73, 0x65, 0x2e, 0x72, 0x67, 0x62, 0x2c,
    0x20, 0x62, 0x6c, 0x65, 0x6e, 0x64, 0x2e, 0x72, 0x67, 0x62, 0x29, 0x3b,
    0x20, 0x61, 0x6c, 0x70, 0x68, 0x61, 0x20, 0x3d, 0x20, 0x62, 0x61, 0x73,
    0x65, 0x2e, 0x61, 0x3b, 0x20, 0x62, 0x72, 0x65, 0x61, 0x6b, 0x3b, 0x0a,
    0x63, 0x61, 0x73, 0x65, 0x20, 0x31, 0x35, 0x3a, 0x20, 0x63, 0x20, 0x3d,
    0x20, 0x62, 0x4c, 0x75, 0x6d, 0x69, 0x6e, 0x6f, 0x73, 0x69, 0x74, 0x79,
    0x28, 0x62, 0x61, 0x73, 0x65, 0x2e, 0x72, 0x67, 0x62, 0x2c, 0x20, 0x62,
    0x6c, 0x65, 0x6e, 0x64, 0x2e, 0x72, 0x67, 0x62, 0x29, 0x3b, 0x20, 0x61,
    0x6c, 0x70, 0x68, 0x61, 0x20, 0x3d, 0x20, 0x62, 0x61, 0x73, 0x65, 0x2e,
    0x61, 0x3b, 0x20, 0x62, 0x72, 0x65, 0x61, 0x6b, 0x3b, 0x0a, 0x63, 0x61,
    0x73, 0x65, 0x20, 0x31, 0x36, 0x3a, 0x20, 0x63, 0x20, 0x3d, 0x20, 0x62,
    0x41, 0x64, 0x64, 0x28, 0x62, 0x61, 0x73, 0x65, 0x2e, 0x72, 0x67, 0x62,
    0x2c, 0x20, 0x62, 0x6c, 0x65, 0x6e, 0x64, 0x2e, 0x72, 0x67, 0x62, 0x29,
    0x3b, 0x20, 0x61, 0x6c, 0x70, 0x68, 0x61, 0x20, 0x3d, 0x20, 0x62, 0x61,
    0x73, 0x65, 0x2e, 0x61, 0x3b, 0x20, 0x62, 0x72, 0x65, 0x61, 0x6b, 0x3b,
    0x0a, 0x63, 0x61, 0x73, 0x65, 0x20, 0x31, 0x37, 0x3a, 0x20, 0x63, 0x20,
    0x3d, 0x20, 0x62, 0x53, 0x75, 0x62, 0x74, 0x72, 0x61, 0x63, 0x74, 0x28,
    0x62, 0x61, 0x73, 0x65, 0x2e, 0x72, 0x67, 0x62, 0x2c, 0x20, 0x62, 0x6c,
    0x65, 0x6e, 0x64, 0x2e, 0x72, 0x67, 0x62, 0x29, 0x3b, 0x20, 0x61, 0x6c,
    0x70, 0x68, 0x61, 0x20, 0x3d, 0x20, 0x62, 0x61, 0x73, 0x65, 0x2e, 0x61,
    0x3b, 0x20, 0x62, 0x72, 0x65, 0x61, 0x6b, 0x3b, 0x0a, 0x63, 0x61, 0x73,
    0x65, 0x20, 0x31, 0x38, 0x3a, 0x20, 0x63, 0x20, 0x3d, 0x20, 0x62, 0x44,
    0x69, 0x76, 0x69, 0x64, 0x65, 0x28, 0x62, 0x61, 0x73, 0x65, 0x2e, 0x72,
    0x67, 0x62, 0x2c, 0x20, 0x62, 0x6c, 0x65, 0x6e, 0x64, 0x2e, 0x72, 0x67,
    0x62, 0x29, 0x3b, 0x20, 0x61, 0x6c, 0x70, 0x68, 0x61, 0x20, 0x3d, 0x20,
    0x62, 0x61, 0x73, 0x65, 0x2e, 0x61, 0x3b, 0x20, 0x62, 0x72, 0x65, 0x61,
    0x6b, 0x3b, 0x0a, 0x63, 0x61, 0x73, 0x65, 0x20, 0x31, 0x39, 0x3a, 0x20,
    0x63, 0x20, 0x3d, 0x20, 0x62, 0x4c, 0x69, 0x6e, 0x65, 0x61, 0x72, 0x42,
    0x75, 0x72, 0x6e, 0x28, 0x62, 0x61, 0x73, 0x65, 0x2e, 0x72, 0x67, 0x62,
    0x2c, 0x20, 0x62, 0x6c, 0x65, 0x6e, 0x64, 0x2e, 0x72, 0x67, 0x62, 0x29,
    0x3b, 0x20, 0x61, 0x6c, 0x70, 0x68, 0x61, 0x20, 0x3d, 0x20, 0x62, 0x61,
    0x73, 0x65, 0x2e, 0x61, 0x3b, 0x20, 0x62, 0x72, 0x65, 0x61, 0x6b, 0x3b,
    0x0a, 0x63, 0x61, 0x73, 0x65, 0x20, 0x32, 0x30, 0x3a, 0x20, 0x63, 0x20,
    0x3d, 0x20, 0x62, 0x4c, 0x69, 0x6e, 0x65, 0x61, 0x72, 0x44, 0x6f, 0x64,
    0x67, 0x65, 0x28, 0x62, 0x61, 0x73, 0x65, 0x2e, 0x72, 0x67, 0x62, 0x2c,
    0x20, 0x62, 0x6c, 0x65, 0x6e, 0x64, 0x2e, 0x72, 0x67, 0x62, 0x29, 0x3b,
    0x61, 0x6c, 0x70, 0x68, 0x61, 0x20, 0x3d, 0x20, 0x62, 0x61, 0x73, 0x65,
    0x2e, 0x61, 0x3b, 0x20, 0x62, 0x72, 0x65, 0x61, 0x6b, 0x3b, 0x0a, 0x63,
    0x61, 0x73, 0x65, 0x20, 0x32, 0x31, 0x3a, 0x20, 0x63, 0x20, 0x3d, 0x20,
    0x62, 0x56, 0x69, 0x76, 0x69, 0x64, 0x4c, 0x69, 0x67, 0x68, 0x74, 0x28,
    0x62, 0x61, 0x73, 0x65, 0x2e, 0x72, 0x67, 0x62, 0x2c, 0x20, 0x62, 0x6c,
    0x65, 0x6e, 0x64, 0x2e, 0x72, 0x67, 0x62, 0x29, 0x3b, 0x20, 0x61, 0x6c,
    0x70, 0x68, 0x61, 0x20, 0x3d, 0x20, 0x62, 0x61, 0x73, 0x65, 0x2e, 0x61,
    0x3b, 0x20, 0x62, 0x72, 0x65, 0x61, 0x6b, 0x3b, 0x0a, 0x63, 0x61, 0x73,
    0x65, 0x20, 0x32, 0x32, 0x3a, 0x20, 0x63, 0x20, 0x3d, 0x20, 0x62, 0x4c,
    0x69, 0x6e, 0x65, 0x61, 0x72, 0x4c, 0x69, 0x67, 0x68, 0x74, 0x28, 0x62,
    0x61, 0x73, 0x65, 0x2e, 0x72, 0x67, 0x62, 0x2c, 0x20, 0x62, 0x6c, 0x65,
    0x6e, 0x64, 0x2e, 0x72, 0x67, 0x62, 0x29, 0x3b, 0x61, 0x6c, 0x70, 0x68,
    0x61, 0x20, 0x3d, 0x20, 0x62, 0x61, 0x73, 0x65, 0x2e, 0x61, 0x3b, 0x20,
    0x62, 0x72, 0x65, 0x61, 0x6b, 0x3b, 0x0a, 0x63, 0x61, 0x73, 0x65, 0x20,
    0x32, 0x33, 0x3a, 0x20, 0x63, 0x20, 0x3d, 0x20, 0x62, 0x50, 0x69, 0x6e,
    0x4c, 0x69, 0x67, 0x68, 0x74, 0x28, 0x62, 0x61, 0x73, 0x65, 0x2e, 0x72,
    0x67, 0x62, 0x2c, 0x20, 0x62, 0x6c, 0x65, 0x6e, 0x64, 0x2e, 0x72, 0x67,
    0x62, 0x29, 0x3b, 0x20, 0x61, 0x6c, 0x70, 0x68, 0x61, 0x20, 0x3d, 0x20,
    0x62, 0x61, 0x73, 0x65, 0x2e, 0x61, 0x3b, 0x20, 0x62, 0x72, 0x65, 0x61,
    0x6b, 0x3b, 0x0a, 0x63, 0x61, 0x73, 0x65, 0x20, 0x32, 0x34, 0x3a, 0x20,
    0x63, 0x20, 0x3d, 0x20, 0x62, 0x48, 0x61, 0x72, 0x64, 0x4d, 0x69, 0x78,
    0x28, 0x62, 0x61, 0x73, 0x65, 0x2e, 0x72, 0x67, 0x62, 0x2c, 0x20, 0x62,
    0x6c, 0x65, 0x6e, 0x64, 0x2e, 0x72, 0x67, 0x62, 0x29, 0x3b, 0x20, 0x61,
    0x6c, 0x70, 0x68, 0x61, 0x20, 0x3d, 0x20, 0x62, 0x61, 0x73, 0x65, 0x2e,
    0x61, 0x3b, 0x20, 0x62, 0x72, 0x65, 0x61, 0x6b, 0x3b, 0x0a, 0x63, 0x61,
    0x73, 0x65, 0x20, 0x32, 0x35, 0x3a, 0x0a, 0x63, 0x20, 0x3d, 0x20, 0x76,
    0x65, 0x63, 0x33, 0x28, 0x31, 0x2e, 0x30, 0x29, 0x20, 0x2d, 0x20, 0x62,
    0x61, 0x73, 0x65, 0x2e, 0x72, 0x67, 0x62, 0x3b, 0x0a, 0x61, 0x6c, 0x70,
    0x68, 0x61, 0x20, 0x3d, 0x20, 0x62, 0x61, 0x73, 0x65, 0x2e, 0x61, 0x3b,
    0x0a, 0x62, 0x72, 0x65, 0x61, 0x6b, 0x3b, 0x0a, 0x63, 0x61, 0x73, 0x65,
    0x20, 0x32, 0x36, 0x3a, 0x0a, 0x63, 0x20, 0x3d, 0x20, 0x62, 0x61, 0x73,
    0x65, 0x2e, 0x72, 0x67, 0x62, 0x3b, 0x0a, 0x61, 0x6c, 0x70, 0x68, 0x61,
    0x20, 0x3d, 0x20, 0x62, 0x61, 0x73, 0x65, 0x2e, 0x61, 0x20, 0x2a, 0x20,
    0x62, 0x6c, 0x65, 0x6e, 0x64, 0x2e, 0x61, 0x3b, 0x0a, 0x62, 0x72, 0x65,
    0x61, 0x6b, 0x3b, 0x0a, 0x63, 0x61, 0x73, 0x65, 0x20, 0x32, 0x37, 0x3a,
    0x0a, 0x63, 0x20, 0x3d, 0x20, 0x62, 0x61, 0x73, 0x65, 0x2e, 0x72, 0x67,
    0x62, 0x3b, 0x0a, 0x61, 0x6c, 0x70, 0x68, 0x61, 0x20, 0x3d, 0x20, 0x62,
    0x61, 0x73, 0x65, 0x2e, 0x61, 0x20, 0x2a, 0x20, 0x28, 0x31, 0x2e, 0x30,
    0x20, 0x2d, 0x20, 0x62, 0x6c, 0x65, 0x6e, 0x64, 0x2e, 0x61, 0x29, 0x3b,
    0x0a, 0x62, 0x72, 0x65, 0x61, 0x6b, 0x3b, 0x0a, 0x64, 0x65, 0x66, 0x61,
    0x75, 0x6c, 0x74, 0x3a, 0x0a, 0x63, 0x20, 0x3d, 0x20, 0x6d, 0x69, 0x78,
    0x28, 0x62, 0x61, 0x73, 0x65, 0x2e, 0x72, 0x67, 0x62, 0x2c, 0x20, 0x62,
    0x6c, 0x65, 0x6e, 0x64, 0x2e, 0x72, 0x67, 0x62, 0x2c, 0x20, 0x62, 0x6c,
    0x65, 0x6e, 0x64, 0x2e, 0x61, 0x29, 0x3b, 0x0a, 0x61, 0x6c, 0x70, 0x68,
    0x61, 0x20, 0x3d, 0x20, 0x63, 0x6c, 0x61, 0x6d, 0x70, 0x28, 0x62, 0x61,
    0x73, 0x65, 0x2e, 0x61, 0x20, 0x2b, 0x20, 0x62, 0x6c, 0x65, 0x6e, 0x64,
    0x2e, 0x61, 0x2c, 0x20, 0x30, 0x2e, 0x30, 0x2c, 0x20, 0x31, 0x2e, 0x30,
    0x29, 0x3b, 0x0a, 0x62, 0x72, 0x65, 0x61, 0x6b, 0x3b, 0x0a, 0x7d, 0x0a,
    0x62, 0x67, 0x66, 0x78, 0x5f, 0x46, 0x72, 0x61, 0x67, 0x43, 0x6f, 0x6c,
    0x6f, 0x72, 0x20, 0x3d, 0x20, 0x76, 0x65, 0x63, 0x34, 0x28, 0x63, 0x2c,
    0x20, 0x61, 0x6c, 0x70, 0x68, 0x61, 0x29, 0x20, 0x2a, 0x20, 0x42, 0x6c,
    0x65, 0x6e, 0x64, 0x50, 0x61, 0x72, 0x61, 0x6d, 0x73, 0x2e, 0x7a, 0x3b,
    0x0a, 0x7d, 0x0a, 0x00,
};
const size_t kEmbeddedGL_fs_blend_size = sizeof(kEmbeddedGL_fs_blend);

const uint8_t kEmbeddedGL_fs_transition[] = {
    0x46, 0x53, 0x48, 0x0b, 0x6f, 0x1e, 0x3e, 0x3c, 0x00, 0x00, 0x00, 0x00,
    0x00, 0x00, 0xd6, 0x14, 0x00, 0x00, 0x23, 0x76, 0x65, 0x72, 0x73, 0x69,
    0x6f, 0x6e, 0x20, 0x34, 0x33, 0x30, 0x0a, 0x23, 0x64, 0x65, 0x66, 0x69,
    0x6e, 0x65, 0x20, 0x74, 0x65, 0x78, 0x74, 0x75, 0x72, 0x65, 0x32, 0x44,
    0x20, 0x20, 0x20, 0x20, 0x20, 0x20, 0x20, 0x20, 0x20, 0x20, 0x74, 0x65,
    0x78, 0x74, 0x75, 0x72, 0x65, 0x0a, 0x23, 0x64, 0x65, 0x66, 0x69, 0x6e,
    0x65, 0x20, 0x74, 0x65, 0x78, 0x74, 0x75, 0x72, 0x65, 0x32, 0x44, 0x4c,
    0x6f, 0x64, 0x20, 0x20, 0x20, 0x20, 0x20, 0x20, 0x20, 0x74, 0x65, 0x78,
    0x74, 0x75, 0x72, 0x65, 0x4c, 0x6f, 0x64, 0x0a, 0x23, 0x64, 0x65, 0x66,
    0x69, 0x6e, 0x65, 0x20, 0x74, 0x65, 0x78, 0x74, 0x75, 0x72, 0x65, 0x32,
    0x44, 0x47, 0x72, 0x61, 0x64, 0x20, 0x20, 0x20, 0x20, 0x20, 0x20, 0x74,
    0x65, 0x78, 0x74, 0x75, 0x72, 0x65, 0x47, 0x72, 0x61, 0x64, 0x0a, 0x23,
    0x64, 0x65, 0x66, 0x69, 0x6e, 0x65, 0x20, 0x74, 0x65, 0x78, 0x74, 0x75,
    0x72, 0x65, 0x32, 0x44, 0x50, 0x72, 0x6f, 0x6a, 0x4c, 0x6f, 0x64, 0x20,
    0x20, 0x20, 0x74, 0x65, 0x78, 0x74, 0x75, 0x72, 0x65, 0x50, 0x72, 0x6f,
    0x6a, 0x4c, 0x6f, 0x64, 0x0a, 0x23, 0x64, 0x65, 0x66, 0x69, 0x6e, 0x65,
    0x20, 0x74, 0x65, 0x78, 0x74, 0x75, 0x72, 0x65, 0x32, 0x44, 0x50, 0x72,
    0x6f, 0x6a, 0x47, 0x72, 0x61, 0x64, 0x20, 0x20, 0x74, 0x65, 0x78, 0x74,
    0x75, 0x72, 0x65, 0x50, 0x72, 0x6f, 0x6a, 0x47, 0x72, 0x61, 0x64, 0x0a,
    0x23, 0x64, 0x65, 0x66, 0x69, 0x6e, 0x65, 0x20, 0x74, 0x65, 0x78, 0x74,
    0x75, 0x72, 0x65, 0x43, 0x75, 0x62, 0x65, 0x4c, 0x6f, 0x64, 0x20, 0x20,
    0x20, 0x20, 0x20, 0x74, 0x65, 0x78, 0x74, 0x75, 0x72, 0x65, 0x4c, 0x6f,
    0x64, 0x0a, 0x23, 0x64, 0x65, 0x66, 0x69, 0x6e, 0x65, 0x20, 0x74, 0x65,
    0x78, 0x74, 0x75, 0x72, 0x65, 0x43, 0x75, 0x62, 0x65, 0x47, 0x72, 0x61,
    0x64, 0x20, 0x20, 0x20, 0x20, 0x74, 0x65, 0x78, 0x74, 0x75, 0x72, 0x65,
    0x47, 0x72, 0x61, 0x64, 0x0a, 0x23, 0x64, 0x65, 0x66, 0x69, 0x6e, 0x65,
    0x20, 0x74, 0x65, 0x78, 0x74, 0x75, 0x72, 0x65, 0x33, 0x44, 0x20, 0x20,
    0x20, 0x20, 0x20, 0x20, 0x20, 0x20, 0x20, 0x20, 0x74, 0x65, 0x78, 0x74,
    0x75, 0x72, 0x65, 0x0a, 0x23, 0x64, 0x65, 0x66, 0x69, 0x6e, 0x65, 0x20,
    0x74, 0x65, 0x78, 0x74, 0x75, 0x72, 0x65, 0x32, 0x44, 0x4c, 0x6f, 0x64,
    0x4f, 0x66, 0x66, 0x73, 0x65, 0x74, 0x20, 0x74, 0x65, 0x78, 0x74, 0x75,
    0x72, 0x65, 0x4c, 0x6f, 0x64, 0x4f, 0x66, 0x66, 0x73, 0x65, 0x74, 0x0a,
    0x23, 0x64, 0x65, 0x66, 0x69, 0x6e, 0x65, 0x20, 0x61, 0x74, 0x74, 0x72,
    0x69, 0x62, 0x75, 0x74, 0x65, 0x20, 0x69, 0x6e, 0x0a, 0x23, 0x64, 0x65,
    0x66, 0x69, 0x6e, 0x65, 0x20, 0x76, 0x61, 0x72, 0x79, 0x69, 0x6e, 0x67,
    0x20, 0x69, 0x6e, 0x0a, 0x23, 0x64, 0x65, 0x66, 0x69, 0x6e, 0x65, 0x20,
    0x62, 0x67, 0x66, 0x78, 0x53, 0x68, 0x61, 0x64, 0x6f, 0x77, 0x32, 0x44,
    0x28, 0x5f, 0x73, 0x61, 0x6d, 0x70, 0x6c, 0x65, 0x72, 0x2c, 0x20, 0x5f,
    0x63, 0x6f, 0x6f, 0x72, 0x64, 0x29, 0x20, 0x20, 0x20, 0x20, 0x20, 0x76,
    0x65, 0x63, 0x34, 0x5f, 0x73, 0x70, 0x6c, 0x61, 0x74, 0x28, 0x74, 0x65,
    0x78, 0x74, 0x75, 0x72, 0x65, 0x28, 0x5f, 0x73, 0x61, 0x6d, 0x70, 0x6c,
    0x65, 0x72, 0x2c, 0x20, 0x5f, 0x63, 0x6f, 0x6f, 0x72, 0x64, 0x29, 0x20,
    0x29, 0x0a, 0x23, 0x64, 0x65, 0x66, 0x69, 0x6e, 0x65, 0x20, 0x62, 0x67,
    0x66, 0x78, 0x53, 0x68, 0x61, 0x64, 0x6f, 0x77, 0x32, 0x44, 0x50, 0x72,
    0x6f, 0x6a, 0x28, 0x5f, 0x73, 0x61, 0x6d, 0x70, 0x6c, 0x65, 0x72, 0x2c,
    0x20, 0x5f, 0x63, 0x6f, 0x6f, 0x72, 0x64, 0x29, 0x20, 0x76, 0x65, 0x63,
    0x34, 0x5f, 0x73, 0x70, 0x6c, 0x61, 0x74, 0x28, 0x74, 0x65, 0x78, 0x74,
    0x75, 0x72, 0x65, 0x50, 0x72, 0x6f, 0x6a, 0x28, 0x5f, 0x73, 0x61, 0x6d,
    0x70, 0x6c, 0x65, 0x72, 0x2c, 0x20, 0x5f, 0x63, 0x6f, 0x6f, 0x72, 0x64,
    0x29, 0x20, 0x29, 0x0a, 0x76, 0x61, 0x72, 0x79, 0x69, 0x6e, 0x67, 0x20,
    0x76, 0x65, 0x63, 0x32, 0x20, 0x76, 0x5f, 0x74, 0x65, 0x78, 0x63, 0x6f,
    0x6f, 0x72, 0x64, 0x30, 0x3b, 0x0a, 0x66, 0x6c, 0x6f, 0x61, 0x74, 0x20,
    0x72, 0x63, 0x70, 0x28, 0x66, 0x6c, 0x6f, 0x61, 0x74, 0x20, 0x5f, 0x61,
    0x29, 0x20, 0x7b, 0x20, 0x72, 0x65, 0x74, 0x75, 0x72, 0x6e, 0x20, 0x31,
    0x2e, 0x30, 0x2f, 0x5f, 0x61, 0x3b, 0x20, 0x7d, 0x0a, 0x76, 0x65, 0x63,
    0x32, 0x20, 0x72, 0x63, 0x70, 0x28, 0x76, 0x65, 0x63, 0x32, 0x20, 0x5f,
    0x61, 0x29, 0x20, 0x7b, 0x20, 0x72, 0x65, 0x74, 0x75, 0x72, 0x6e, 0x20,
    0x76, 0x65, 0x63, 0x32, 0x28, 0x31, 0x2e, 0x30, 0x29, 0x2f, 0x5f, 0x61,
    0x3b, 0x20, 0x7d, 0x0a, 0x76, 0x65, 0x63, 0x33, 0x20, 0x72, 0x63, 0x70,
    0x28, 0x76, 0x65, 0x63, 0x33, 0x20, 0x5f, 0x61, 0x29, 0x20, 0x7b, 0x20,
    0x72, 0x65, 0x74, 0x75, 0x72, 0x6e, 0x20, 0x76, 0x65, 0x63, 0x33, 0x28,
    0x31, 0x2e, 0x30, 0x29, 0x2f, 0x5f, 0x61, 0x3b, 0x20, 0x7d, 0x0a, 0x76,
    0x65, 0x63, 0x34, 0x20, 0x72, 0x63, 0x70, 0x28, 0x76, 0x65, 0x63, 0x34,
    0x20, 0x5f, 0x61, 0x29, 0x20, 0x7b, 0x20, 0x72, 0x65, 0x74, 0x75, 0x72,
    0x6e, 0x20, 0x76, 0x65, 0x63, 0x34, 0x28, 0x31, 0x2e, 0x30, 0x29, 0x2f,
    0x5f, 0x61, 0x3b, 0x20, 0x7d, 0x0a, 0x76, 0x65, 0x63, 0x32, 0x20, 0x76,
    0x65, 0x63, 0x32, 0x5f, 0x73, 0x70, 0x6c, 0x61, 0x74, 0x28, 0x66, 0x6c,
    0x6f, 0x61, 0x74, 0x20, 0x5f, 0x78, 0x29, 0x20, 0x7b, 0x20, 0x72, 0x65,
    0x74, 0x75, 0x72, 0x6e, 0x20, 0x76, 0x65, 0x63, 0x32, 0x28, 0x5f, 0x78,
    0x2c, 0x20, 0x5f, 0x78, 0x29, 0x3b, 0x20, 0x7d, 0x0a, 0x76, 0x65, 0x63,
    0x33, 0x20, 0x76, 0x65, 0x63, 0x33, 0x5f, 0x73, 0x70, 0x6c, 0x61, 0x74,
    0x28, 0x66, 0x6c, 0x6f, 0x61, 0x74, 0x20, 0x5f, 0x78, 0x29, 0x20, 0x7b,
    0x20, 0x72, 0x65, 0x74, 0x75, 0x72, 0x6e, 0x20, 0x76, 0x65, 0x63, 0x33,
    0x28, 0x5f, 0x78, 0x2c, 0x20, 0x5f, 0x78, 0x2c, 0x20, 0x5f, 0x78, 0x29,
    0x3b, 0x20, 0x7d, 0x0a, 0x76, 0x65, 0x63, 0x34, 0x20, 0x76, 0x65, 0x63,
    0x34, 0x5f, 0x73, 0x70, 0x6c, 0x61, 0x74, 0x28, 0x66, 0x6c, 0x6f, 0x61,
    0x74, 0x20, 0x5f, 0x78, 0x29, 0x20, 0x7b, 0x20, 0x72, 0x65, 0x74, 0x75,
    0x72, 0x6e, 0x20, 0x76, 0x65, 0x63, 0x34, 0x28, 0x5f, 0x78, 0x2c, 0x20,
    0x5f, 0x78, 0x2c, 0x20, 0x5f, 0x78, 0x2c, 0x20, 0x5f, 0x78, 0x29, 0x3b,
    0x20, 0x7d, 0x0a, 0x75, 0x76, 0x65, 0x63, 0x32, 0x20, 0x75, 0x76, 0x65,
    0x63, 0x32, 0x5f, 0x73, 0x70, 0x6c, 0x61, 0x74, 0x28, 0x75, 0x69, 0x6e,
    0x74, 0x20, 0x5f, 0x78, 0x29, 0x20, 0x7b, 0x20, 0x72, 0x65, 0x74, 0x75,
    0x72, 0x6e, 0x20, 0x75, 0x76, 0x65, 0x63, 0x32, 0x28, 0x5f, 0x78, 0x2c,
    0x20, 0x5f, 0x78, 0x29, 0x3b, 0x20, 0x7d, 0x0a, 0x75, 0x76, 0x65, 0x63,
    0x33, 0x20, 0x75, 0x76, 0x65, 0x63, 0x33, 0x5f, 0x73, 0x70, 0x6c, 0x61,
    0x74, 0x28, 0x75, 0x69, 0x6e, 0x74, 0x20, 0x5f, 0x78, 0x29, 0x20, 0x7b,
    0x20, 0x72, 0x65, 0x74, 0x75, 0x72, 0x6e, 0x20, 0x75, 0x76, 0x65, 0x63,
    0x33, 0x28, 0x5f, 0x78, 0x2c, 0x20, 0x5f, 0x78, 0x2c, 0x20, 0x5f, 0x78,
    0x29, 0x3b, 0x20, 0x7d, 0x0a, 0x75, 0x76, 0x65, 0x63, 0x34, 0x20, 0x75,
    0x76, 0x65, 0x63, 0x34, 0x5f, 0x73, 0x70, 0x6c, 0x61, 0x74, 0x28, 0x75,
    0x69, 0x6e, 0x74, 0x20, 0x5f, 0x78, 0x29, 0x20, 0x7b, 0x20, 0x72, 0x65,
    0x74, 0x75, 0x72, 0x6e, 0x20, 0x75, 0x76, 0x65, 0x63, 0x34, 0x28, 0x5f,
    0x78, 0x2c, 0x20, 0x5f, 0x78, 0x2c, 0x20, 0x5f, 0x78, 0x2c, 0x20, 0x5f,
    0x78, 0x29, 0x3b, 0x20, 0x7d, 0x0a, 0x6d, 0x61, 0x74, 0x34, 0x20, 0x6d,
    0x74, 0x78, 0x46, 0x72, 0x6f, 0x6d, 0x52, 0x6f, 0x77, 0x73, 0x28, 0x76,
    0x65, 0x63, 0x34, 0x20, 0x5f, 0x30, 0x2c, 0x20, 0x76, 0x65, 0x63, 0x34,
    0x20, 0x5f, 0x31, 0x2c, 0x20, 0x76, 0x65, 0x63, 0x34, 0x20, 0x5f, 0x32,
    0x2c, 0x20, 0x76, 0x65, 0x63, 0x34, 0x20, 0x5f, 0x33, 0x29, 0x0a, 0x7b,
    0x0a, 0x72, 0x65, 0x74, 0x75, 0x72, 0x6e, 0x20, 0x74, 0x72, 0x61, 0x6e,
    0x73, 0x70, 0x6f, 0x73, 0x65, 0x28, 0x6d, 0x61, 0x74, 0x34, 0x28, 0x5f,
    0x30, 0x2c, 0x20, 0x5f, 0x31, 0x2c, 0x20, 0x5f, 0x32, 0x2c, 0x20, 0x5f,
    0x33, 0x29, 0x20, 0x29, 0x3b, 0x0a, 0x7d, 0x0a, 0x6d, 0x61, 0x74, 0x34,
    0x20, 0x6d, 0x74, 0x78, 0x46, 0x72, 0x6f, 0x6d, 0x43, 0x6f, 0x6c, 0x73,
    0x28, 0x76, 0x65, 0x63, 0x34, 0x20, 0x5f, 0x30, 0x2c, 0x20, 0x76, 0x65,
    0x63, 0x34, 0x20, 0x5f, 0x31, 0x2c, 0x20, 0x76, 0x65, 0x63, 0x34, 0x20,
    0x5f, 0x32, 0x2c, 0x20, 0x76, 0x65, 0x63, 0x34, 0x20, 0x5f, 0x33, 0x29,
    0x0a, 0x7b, 0x0a, 0x72, 0x65, 0x74, 0x75, 0x72, 0x6e, 0x20, 0x6d, 0x61,
    0x74, 0x34, 0x28, 0x5f, 0x30, 0x2c, 0x20, 0x5f, 0x31, 0x2c, 0x20, 0x5f,
    0x32, 0x2c, 0x20, 0x5f, 0x33, 0x29, 0x3b, 0x0a, 0x7d, 0x0a, 0x6d, 0x61,
    0x74, 0x33, 0x20, 0x6d, 0x74, 0x78, 0x46, 0x72, 0x6f, 0x6d, 0x52, 0x6f,
    0x77, 0x73, 0x28, 0x76, 0x65, 0x63, 0x33, 0x20, 0x5f, 0x30, 0x2c, 0x20,
    0x76, 0x65, 0x63, 0x33, 0x20, 0x5f, 0x31, 0x2c, 0x20, 0x76, 0x65, 0x63,
    0x33, 0x20, 0x5f, 0x32, 0x29, 0x0a, 0x7b, 0x0a, 0x72, 0x65, 0x74, 0x75,
    0x72, 0x6e, 0x20, 0x74, 0x72, 0x61, 0x6e, 0x73, 0x70, 0x6f, 0x73, 0x65,
    0x28, 0x6d, 0x61, 0x74, 0x33, 0x28, 0x5f, 0x30, 0x2c, 0x20, 0x5f, 0x31,
    0x2c, 0x20, 0x5f, 0x32, 0x29, 0x20, 0x29, 0x3b, 0x0a, 0x7d, 0x0a, 0x6d,
    0x61, 0x74, 0x33, 0x20, 0x6d, 0x74, 0x78, 0x46, 0x72, 0x6f, 0x6d, 0x43,
    0x6f, 0x6c, 0x73, 0x28, 0x76, 0x65, 0x63, 0x33, 0x20, 0x5f, 0x30, 0x2c,
    0x20, 0x76, 0x65, 0x63, 0x33, 0x20, 0x5f, 0x31, 0x2c, 0x20, 0x76, 0x65,
    0x63, 0x33, 0x20, 0x5f, 0x32, 0x29, 0x0a, 0x7b, 0x0a, 0x72, 0x65, 0x74,
    0x75, 0x72, 0x6e, 0x20, 0x6d, 0x61, 0x74, 0x33, 0x28, 0x5f, 0x30, 0x2c,
    0x20, 0x5f, 0x31, 0x2c, 0x20, 0x5f, 0x32, 0x29, 0x3b, 0x0a, 0x7d, 0x0a,
    0x6d, 0x61, 0x74, 0x34, 0x78, 0x33, 0x20, 0x6d, 0x74, 0x78, 0x46, 0x72,
    0x6f, 0x6d, 0x52, 0x6f, 0x77, 0x73, 0x28, 0x76, 0x65, 0x63, 0x34, 0x20,
    0x5f, 0x30, 0x2c, 0x20, 0x76, 0x65, 0x63, 0x34, 0x20, 0x5f, 0x31, 0x2c,
    0x20, 0x76, 0x65, 0x63, 0x34, 0x20, 0x5f, 0x32, 0x29, 0x0a, 0x7b, 0x0a,
    0x72, 0x65, 0x74, 0x75, 0x72, 0x6e, 0x20, 0x74, 0x72, 0x61, 0x6e, 0x73,
    0x70, 0x6f, 0x73, 0x65, 0x28, 0x6d, 0x61, 0x74, 0x33, 0x78, 0x34, 0x28,
    0x5f, 0x30, 0x2c, 0x20, 0x5f, 0x31, 0x2c, 0x20, 0x5f, 0x32, 0x29, 0x20,
    0x29, 0x3b, 0x0a, 0x7d, 0x0a, 0x76, 0x65, 0x63, 0x33, 0x20, 0x6d, 0x74,
    0x78, 0x47, 0x65, 0x74, 0x52, 0x6f, 0x77, 0x28, 0x6d, 0x61, 0x74, 0x33,
    0x20, 0x5f, 0x6d, 0x74, 0x78, 0x2c, 0x20, 0x69, 0x6e, 0x74, 0x20, 0x5f,
    0x72, 0x6f, 0x77, 0x29, 0x0a, 0x7b, 0x0a, 0x72, 0x65, 0x74, 0x75, 0x72,
    0x6e, 0x20, 0x76, 0x65, 0x63, 0x33, 0x28, 0x5f, 0x6d, 0x74, 0x78, 0x5b,
    0x30, 0x5d, 0x5b, 0x5f, 0x72, 0x6f, 0x77, 0x5d, 0x2c, 0x20, 0x5f, 0x6d,
    0x74, 0x78, 0x5b, 0x31, 0x5d, 0x5b, 0x5f, 0x72, 0x6f, 0x77, 0x5d, 0x2c,
    0x20, 0x5f, 0x6d, 0x74, 0x78, 0x5b, 0x32, 0x5d, 0x5b, 0x5f, 0x72, 0x6f,
    0x77, 0x5d, 0x29, 0x3b, 0x0a, 0x7d, 0x0a, 0x76, 0x65, 0x63, 0x33, 0x20,
    0x6d, 0x74, 0x78, 0x47, 0x65, 0x74, 0x43, 0x6f, 0x6c, 0x75, 0x6d, 0x6e,
    0x28, 0x6d, 0x61, 0x74, 0x33, 0x20, 0x5f, 0x6d, 0x74, 0x78, 0x2c, 0x20,
    0x69, 0x6e, 0x74, 0x20, 0x5f, 0x63, 0x6f, 0x6c, 0x75, 0x6d, 0x6e, 0x29,
    0x0a, 0x7b, 0x0a, 0x72, 0x65, 0x74, 0x75, 0x72, 0x6e, 0x20, 0x76, 0x65,
    0x63, 0x33, 0x28, 0x5f, 0x6d, 0x74, 0x78, 0x5b, 0x5f, 0x63, 0x6f, 0x6c,
    0x75, 0x6d, 0x6e, 0x5d, 0x29, 0x3b, 0x0a, 0x7d, 0x0a, 0x76, 0x65, 0x63,
    0x34, 0x20, 0x6d, 0x74, 0x78, 0x47, 0x65, 0x74, 0x52, 0x6f, 0x77, 0x28,
    0x6d, 0x61, 0x74, 0x34, 0x78, 0x33, 0x20, 0x5f, 0x6d, 0x74, 0x78, 0x2c,
    0x20, 0x69, 0x6e, 0x74, 0x20, 0x5f, 0x72, 0x6f, 0x77, 0x29, 0x0a, 0x7b,
    0x0a, 0x72, 0x65, 0x74, 0x75, 0x72, 0x6e, 0x20, 0x76, 0x65, 0x63, 0x34,
    0x28, 0x5f, 0x6d, 0x74, 0x78, 0x5b, 0x30, 0x5d, 0x5b, 0x5f, 0x72, 0x6f,
    0x77, 0x5d, 0x2c, 0x20, 0x5f, 0x6d, 0x74, 0x78, 0x5b, 0x31, 0x5d, 0x5b,
    0x5f, 0x72, 0x6f, 0x77, 0x5d, 0x2c, 0x20, 0x5f, 0x6d, 0x74, 0x78, 0x5b,
    0x32, 0x5d, 0x5b, 0x5f, 0x72, 0x6f, 0x77, 0x5d, 0x2c, 0x20, 0x5f, 0x6d,
    0x74, 0x78, 0x5b, 0x33, 0x5d, 0x5b, 0x5f, 0x72, 0x6f, 0x77, 0x5d, 0x29,
    0x3b, 0x0a, 0x7d, 0x0a, 0x76, 0x65, 0x63, 0x33, 0x20, 0x6d, 0x74, 0x78,
    0x47, 0x65, 0x74, 0x43, 0x6f, 0x6c, 0x75, 0x6d, 0x6e, 0x28, 0x6d, 0x61,
    0x74, 0x34, 0x78, 0x33, 0x20, 0x5f, 0x6d, 0x74, 0x78, 0x2c, 0x20, 0x69,
    0x6e, 0x74, 0x20, 0x5f, 0x63, 0x6f, 0x6c, 0x75, 0x6d, 0x6e, 0x29, 0x0a,
    0x7b, 0x0a, 0x72, 0x65, 0x74, 0x75, 0x72, 0x6e, 0x20, 0x76, 0x65, 0x63,
    0x33, 0x28, 0x5f, 0x6d, 0x74, 0x78, 0x5b, 0x5f, 0x63, 0x6f, 0x6c, 0x75,
    0x6d, 0x6e, 0x5d, 0x29, 0x3b, 0x0a, 0x7d, 0x0a, 0x76, 0x65, 0x63, 0x34,
    0x20, 0x6d, 0x74, 0x78, 0x47, 0x65, 0x74, 0x52, 0x6f, 0x77, 0x28, 0x6d,
    0x61, 0x74, 0x34, 0x20, 0x5f, 0x6d, 0x74, 0x78, 0x2c, 0x20, 0x69, 0x6e,
    0x74, 0x20, 0x5f, 0x72, 0x6f, 0x77, 0x29, 0x0a, 0x7b, 0x0a, 0x72, 0x65,
    0x74, 0x75, 0x72, 0x6e, 0x20, 0x76, 0x65, 0x63, 0x34, 0x28, 0x5f, 0x6d,
    0x74, 0x78, 0x5b, 0x30, 0x5d, 0x5b, 0x5f, 0x72, 0x6f, 0x77, 0x5d, 0x2c,
    0x20, 0x5f, 0x6d, 0x74, 0x78, 0x5b, 0x31, 0x5d, 0x5b, 0x5f, 0x72, 0x6f,
    0x77, 0x5d, 0x2c, 0x20, 0x5f, 0x6d, 0x74, 0x78, 0x5b, 0x32, 0x5d, 0x5b,
    0x5f, 0x72, 0x6f, 0x77, 0x5d, 0x2c, 0x20, 0x5f, 0x6d, 0x74, 0x78, 0x5b,
    0x33, 0x5d, 0x5b, 0x5f, 0x72, 0x6f, 0x77, 0x5d, 0x29, 0x3b, 0x0a, 0x7d,
    0x0a, 0x76, 0x65, 0x63, 0x34, 0x20, 0x6d, 0x74, 0x78, 0x47, 0x65, 0x74,
    0x43, 0x6f, 0x6c, 0x75, 0x6d, 0x6e, 0x28, 0x6d, 0x61, 0x74, 0x34, 0x20,
    0x5f, 0x6d, 0x74, 0x78, 0x2c, 0x20, 0x69, 0x6e, 0x74, 0x20, 0x5f, 0x63,
    0x6f, 0x6c, 0x75, 0x6d, 0x6e, 0x29, 0x0a, 0x7b, 0x0a, 0x72, 0x65, 0x74,
    0x75, 0x72, 0x6e, 0x20, 0x76, 0x65, 0x63, 0x34, 0x28, 0x5f, 0x6d, 0x74,
    0x78, 0x5b, 0x5f, 0x63, 0x6f, 0x6c, 0x75, 0x6d, 0x6e, 0x5d, 0x29, 0x3b,
    0x0a, 0x7d, 0x0a, 0x66, 0x6c, 0x6f, 0x61, 0x74, 0x20, 0x6d, 0x74, 0x78,
    0x47, 0x65, 0x74, 0x45, 0x6c, 0x65, 0x6d, 0x65, 0x6e, 0x74, 0x28, 0x6d,
    0x61, 0x74, 0x33, 0x20, 0x5f, 0x6d, 0x74, 0x78, 0x2c, 0x20, 0x69, 0x6e,
    0x74, 0x20, 0x5f, 0x63, 0x6f, 0x6c, 0x75, 0x6d, 0x6e, 0x2c, 0x20, 0x69,
    0x6e, 0x74, 0x20, 0x5f, 0x72, 0x6f, 0x77, 0x29, 0x0a, 0x7b, 0x0a, 0x72,
    0x65, 0x74, 0x75, 0x72, 0x6e, 0x20, 0x5f, 0x6d, 0x74, 0x78, 0x5b, 0x5f,
    0x63, 0x6f, 0x6c, 0x75, 0x6d, 0x6e, 0x5d, 0x5b, 0x5f, 0x72, 0x6f, 0x77,
    0x5d, 0x3b, 0x0a, 0x7d, 0x0a, 0x66, 0x6c, 0x6f, 0x61, 0x74, 0x20, 0x6d,
    0x74, 0x78, 0x47, 0x65, 0x74, 0x45, 0x6c, 0x65, 0x6d, 0x65, 0x6e, 0x74,
    0x28, 0x6d, 0x61, 0x74, 0x34, 0x20, 0x5f, 0x6d, 0x74, 0x78, 0x2c, 0x20,
    0x69, 0x6e, 0x74, 0x20, 0x5f, 0x63, 0x6f, 0x6c, 0x75, 0x6d, 0x6e, 0x2c,
    0x20, 0x69, 0x6e, 0x74, 0x20, 0x5f, 0x72, 0x6f, 0x77, 0x29, 0x0a, 0x7b,
    0x0a, 0x72, 0x65, 0x74, 0x75, 0x72, 0x6e, 0x20, 0x5f, 0x6d, 0x74, 0x78,
    0x5b, 0x5f, 0x63, 0x6f, 0x6c, 0x75, 0x6d, 0x6e, 0x5d, 0x5b, 0x5f, 0x72,
    0x6f, 0x77, 0x5d, 0x3b, 0x0a, 0x7d, 0x0a, 0x66, 0x6c, 0x6f, 0x61, 0x74,
    0x20, 0x73, 0x65, 0x6c, 0x65, 0x63, 0x74, 0x28, 0x62, 0x6f, 0x6f, 0x6c,
    0x20, 0x5f, 0x63, 0x6f, 0x6e, 0x64, 0x2c, 0x20, 0x66, 0x6c, 0x6f, 0x61,
    0x74, 0x20, 0x5f, 0x74, 0x72, 0x75, 0x65, 0x2c, 0x20, 0x66, 0x6c, 0x6f,
    0x61, 0x74, 0x20, 0x5f, 0x66, 0x61, 0x6c, 0x73, 0x65, 0x29, 0x20, 0x7b,
    0x20, 0x72, 0x65, 0x74, 0x75, 0x72, 0x6e, 0x20, 0x5f, 0x63, 0x6f, 0x6e,
    0x64, 0x20, 0x3f, 0x20, 0x5f, 0x74, 0x72, 0x75, 0x65, 0x20, 0x3a, 0x20,
    0x5f, 0x66, 0x61, 0x6c, 0x73, 0x65, 0x3b, 0x20, 0x7d, 0x0a, 0x76, 0x65,
    0x63, 0x32, 0x20, 0x73, 0x65, 0x6c, 0x65, 0x63, 0x74, 0x28, 0x62, 0x6f,
    0x6f, 0x6c, 0x20, 0x5f, 0x63, 0x6f, 0x6e, 0x64, 0x2c, 0x20, 0x76, 0x65,
    0x63, 0x32, 0x20, 0x5f, 0x74, 0x72, 0x75, 0x65, 0x2c, 0x20, 0x76, 0x65,
    0x63, 0x32, 0x20, 0x5f, 0x66, 0x61, 0x6c, 0x73, 0x65, 0x29, 0x20, 0x7b,
    0x20, 0x72, 0x65, 0x74, 0x75, 0x72, 0x6e, 0x20, 0x5f, 0x63, 0x6f, 0x6e,
    0x64, 0x20, 0x3f, 0x20, 0x5f, 0x74, 0x72, 0x75, 0x65, 0x20, 0x3a, 0x20,
    0x5f, 0x66, 0x61, 0x6c, 0x73, 0x65, 0x3b, 0x20, 0x7d, 0x0a, 0x76, 0x65,
    0x63, 0x33, 0x20, 0x73, 0x65, 0x6c, 0x65, 0x63, 0x74, 0x28, 0x62, 0x6f,
    0x6f, 0x6c, 0x20, 0x5f, 0x63, 0x6f, 0x6e, 0x64, 0x2c, 0x20, 0x76, 0x65,
    0x63, 0x33, 0x20, 0x5f, 0x74, 0x72, 0x75, 0x65, 0x2c, 0x20, 0x76, 0x65,
    0x63, 0x33, 0x20, 0x5f, 0x66, 0x61, 0x6c, 0x73, 0x65, 0x29, 0x20, 0x7b,
    0x20, 0x72, 0x65, 0x74, 0x75, 0x72, 0x6e, 0x20, 0x5f, 0x63, 0x6f, 0x6e,
    0x64, 0x20, 0x3f, 0x20, 0x5f, 0x74, 0x72, 0x75, 0x65, 0x20, 0x3a, 0x20,
    0x5f, 0x66, 0x61, 0x6c, 0x73, 0x65, 0x3b, 0x20, 0x7d, 0x0a, 0x76, 0x65,
    0x63, 0x34, 0x20, 0x73, 0x65, 0x6c, 0x65, 0x63, 0x74, 0x28, 0x62, 0x6f,
    0x6f, 0x6c, 0x20, 0x5f, 0x63, 0x6f, 0x6e, 0x64, 0x2c, 0x20, 0x76, 0x65,
    0x63, 0x34, 0x20, 0x5f, 0x74, 0x72, 0x75, 0x65, 0x2c, 0x20, 0x76, 0x65,
    0x63, 0x34, 0x20, 0x5f, 0x66, 0x61, 0x6c, 0x73, 0x65, 0x29, 0x20, 0x7b,
    0x20, 0x72, 0x65, 0x74, 0x75, 0x72, 0x6e, 0x20, 0x5f, 0x63, 0x6f, 0x6e,
    0x64, 0x20, 0x3f, 0x20, 0x5f, 0x74, 0x72, 0x75, 0x65, 0x20, 0x3a, 0x20,
    0x5f, 0x66, 0x61, 0x6c, 0x73, 0x65, 0x3b, 0x20, 0x7d, 0x0a, 0x76, 0x65,
    0x63, 0x32, 0x20, 0x73, 0x65, 0x6c, 0x65, 0x63, 0x74, 0x28, 0x62, 0x76,
    0x65, 0x63, 0x32, 0x20, 0x5f, 0x63, 0x6f, 0x6e, 0x64, 0x2c, 0x20, 0x76,
    0x65, 0x63, 0x32, 0x20, 0x5f, 0x74, 0x72, 0x75, 0x65, 0x2c, 0x20, 0x76,
    0x65, 0x63, 0x32, 0x20, 0x5f, 0x66, 0x61, 0x6c, 0x73, 0x65, 0x29, 0x20,
    0x7b, 0x20, 0x72, 0x65, 0x74, 0x75, 0x72, 0x6e, 0x20, 0x28, 0x76, 0x65,
    0x63, 0x32, 0x28, 0x5f, 0x63, 0x6f, 0x6e, 0x64, 0x29, 0x20, 0x2a, 0x20,
    0x5f, 0x74, 0x72, 0x75, 0x65, 0x29, 0x20, 0x2b, 0x20, 0x28, 0x76, 0x65,
    0x63, 0x32, 0x28, 0x6e, 0x6f, 0x74, 0x28, 0x5f, 0x63, 0x6f, 0x6e, 0x64,
    0x29, 0x20, 0x29, 0x20, 0x2a, 0x20, 0x5f, 0x66, 0x61, 0x6c, 0x73, 0x65,
    0x29, 0x3b, 0x20, 0x7d, 0x0a, 0x76, 0x65, 0x63, 0x33, 0x20, 0x73, 0x65,
    0x6c, 0x65, 0x63, 0x74, 0x28, 0x62, 0x76, 0x65, 0x63, 0x33, 0x20, 0x5f,
    0x63, 0x6f, 0x6e, 0x64, 0x2c, 0x20, 0x76, 0x65, 0x63, 0x33, 0x20, 0x5f,
    0x74, 0x72, 0x75, 0x65, 0x2c, 0x20, 0x76, 0x65, 0x63, 0x33, 0x20, 0x5f,
    0x66, 0x61, 0x6c, 0x73, 0x65, 0x29, 0x20, 0x7b, 0x20, 0x72, 0x65, 0x74,
    0x75, 0x72, 0x6e, 0x20, 0x28, 0x76, 0x65, 0x63, 0x33, 0x28, 0x5f, 0x63,
    0x6f, 0x6e, 0x64, 0x29, 0x20, 0x2a, 0x20, 0x5f, 0x74, 0x72, 0x75, 0x65,
    0x29, 0x20, 0x2b, 0x20, 0x28, 0x76, 0x65, 0x63, 0x33, 0x28, 0x6e, 0x6f,
    0x74, 0x28, 0x5f, 0x63, 0x6f, 0x6e, 0x64, 0x29, 0x20, 0x29, 0x20, 0x2a,
    0x20, 0x5f, 0x66, 0x61, 0x6c, 0x73, 0x65, 0x29, 0x3b, 0x20, 0x7d, 0x0a,
    0x76, 0x65, 0x63, 0x34, 0x20, 0x73, 0x65, 0x6c, 0x65, 0x63, 0x74, 0x28,
    0x62, 0x76, 0x65, 0x63, 0x34, 0x20, 0x5f, 0x63, 0x6f, 0x6e, 0x64, 0x2c,
    0x20, 0x76, 0x65, 0x63, 0x34, 0x20, 0x5f, 0x74, 0x72, 0x75, 0x65, 0x2c,
    0x20, 0x76, 0x65, 0x63, 0x34, 0x20, 0x5f, 0x66, 0x61, 0x6c, 0x73, 0x65,
    0x29, 0x20, 0x7b, 0x20, 0x72, 0x65, 0x74, 0x75, 0x72, 0x6e, 0x20, 0x28,
    0x76, 0x65, 0x63, 0x34, 0x28, 0x5f, 0x63, 0x6f, 0x6e, 0x64, 0x29, 0x20,
    0x2a, 0x20, 0x5f, 0x74, 0x72, 0x75, 0x65, 0x29, 0x20, 0x2b, 0x20, 0x28,
    0x76, 0x65, 0x63, 0x34, 0x28, 0x6e, 0x6f, 0x74, 0x28, 0x5f, 0x63, 0x6f,
    0x6e, 0x64, 0x29, 0x20, 0x29, 0x20, 0x2a, 0x20, 0x5f, 0x66, 0x61, 0x6c,
    0x73, 0x65, 0x29, 0x3b, 0x20, 0x7d, 0x0a, 0x69, 0x6e, 0x74, 0x20, 0x73,
    0x65, 0x6c, 0x65, 0x63, 0x74, 0x28, 0x62, 0x6f, 0x6f, 0x6c, 0x20, 0x5f,
    0x63, 0x6f, 0x6e, 0x64, 0x2c, 0x20, 0x69, 0x6e, 0x74, 0x20, 0x5f, 0x74,
    0x72, 0x75, 0x65, 0x2c, 0x20, 0x69, 0x6e, 0x74, 0x20, 0x5f, 0x66, 0x61,
    0x6c, 0x73, 0x65, 0x29, 0x20, 0x7b, 0x20, 0x72, 0x65, 0x74, 0x75, 0x72,
    0x6e, 0x20, 0x5f, 0x63, 0x6f, 0x6e, 0x64, 0x20, 0x3f, 0x20, 0x5f, 0x74,
    0x72, 0x75, 0x65, 0x20, 0x3a, 0x20, 0x5f, 0x66, 0x61, 0x6c, 0x73, 0x65,
    0x3b, 0x20, 0x7d, 0x0a, 0x69, 0x76, 0x65, 0x63, 0x32, 0x20, 0x73, 0x65,
    0x6c, 0x65, 0x63, 0x74, 0x28, 0x62, 0x6f, 0x6f, 0x6c, 0x20, 0x5f, 0x63,
    0x6f, 0x6e, 0x64, 0x2c, 0x20, 0x69, 0x76, 0x65, 0x63, 0x32, 0x20, 0x5f,
    0x74, 0x72, 0x75, 0x65, 0x2c, 0x20, 0x69, 0x76, 0x65, 0x63, 0x32, 0x20,
    0x5f, 0x66, 0x61, 0x6c, 0x73, 0x65, 0x29, 0x20, 0x7b, 0x20, 0x72, 0x65,
    0x74, 0x75, 0x72, 0x6e, 0x20, 0x5f, 0x63, 0x6f, 0x6e, 0x64, 0x20, 0x3f,
    0x20, 0x5f, 0x74, 0x72, 0x75, 0x65, 0x20, 0x3a, 0x20, 0x5f, 0x66, 0x61,
    0x6c, 0x73, 0x65, 0x3b, 0x20, 0x7d, 0x0a, 0x69, 0x76, 0x65, 0x63, 0x33,
    0x20, 0x73, 0x65, 0x6c, 0x65, 0x63, 0x74, 0x28, 0x62, 0x6f, 0x6f, 0x6c,
    0x20, 0x5f, 0x63, 0x6f, 0x6e, 0x64, 0x2c, 0x20, 0x69, 0x76, 0x65, 0x63,
    0x33, 0x20, 0x5f, 0x74, 0x72, 0x75, 0x65, 0x2c, 0x20, 0x69, 0x76, 0x65,
    0x63, 0x33, 0x20, 0x5f, 0x66, 0x61, 0x6c, 0x73, 0x65, 0x29, 0x20, 0x7b,
    0x20, 0x72, 0x65, 0x74, 0x75, 0x72, 0x6e, 0x20, 0x5f, 0x63, 0x6f, 0x6e,
    0x64, 0x20, 0x3f, 0x20, 0x5f, 0x74, 0x72, 0x75, 0x65, 0x20, 0x3a, 0x20,
    0x5f, 0x66, 0x61, 0x6c, 0x73, 0x65, 0x3b, 0x20, 0x7d, 0x0a, 0x69, 0x76,
    0x65, 0x63, 0x34, 0x20, 0x73, 0x65, 0x6c, 0x65, 0x63, 0x74, 0x28, 0x62,
    0x6f, 0x6f, 0x6c, 0x20, 0x5f, 0x63, 0x6f, 0x6e, 0x64, 0x2c, 0x20, 0x69,
    0x76, 0x65, 0x63, 0x34, 0x20, 0x5f, 0x74, 0x72, 0x75, 0x65, 0x2c, 0x20,
    0x69, 0x76, 0x65, 0x63, 0x34, 0x20, 0x5f, 0x66, 0x61, 0x6c, 0x73, 0x65,
    0x29, 0x20, 0x7b, 0x20, 0x72, 0x65, 0x74, 0x75, 0x72, 0x6e, 0x20, 0x5f,
    0x63, 0x6f, 0x6e, 0x64, 0x20, 0x3f, 0x20, 0x5f, 0x74, 0x72, 0x75, 0x65,
    0x20, 0x3a, 0x20, 0x5f, 0x66, 0x61, 0x6c, 0x73, 0x65, 0x3b, 0x20, 0x7d,
    0x0a, 0x69, 0x76, 0x65, 0x63, 0x32, 0x20, 0x73, 0x65, 0x6c, 0x65, 0x63,
    0x74, 0x28, 0x62, 0x76, 0x65, 0x63, 0x32, 0x20, 0x5f, 0x63, 0x6f, 0x6e,
    0x64, 0x2c, 0x20, 0x69, 0x76, 0x65, 0x63, 0x32, 0x20, 0x5f, 0x74, 0x72,
    0x75, 0x65, 0x2c, 0x20, 0x69, 0x76, 0x65, 0x63, 0x32, 0x20, 0x5f, 0x66,
    0x61, 0x6c, 0x73, 0x65, 0x29, 0x20, 0x7b, 0x20, 0x72, 0x65, 0x74, 0x75,
    0x72, 0x6e, 0x20, 0x28, 0x69, 0x76, 0x65, 0x63, 0x32, 0x28, 0x5f, 0x63,
    0x6f, 0x6e, 0x64, 0x29, 0x20, 0x2a, 0x20, 0x5f, 0x74, 0x72, 0x75, 0x65,
    0x29, 0x20, 0x2b, 0x20, 0x28, 0x69, 0x76, 0x65, 0x63, 0x32, 0x28, 0x6e,
    0x6f, 0x74, 0x28, 0x5f, 0x63, 0x6f, 0x6e, 0x64, 0x29, 0x20, 0x29, 0x20,
    0x2a, 0x20, 0x5f, 0x66, 0x61, 0x6c, 0x73, 0x65, 0x29, 0x3b, 0x20, 0x7d,
    0x0a, 0x69, 0x76, 0x65, 0x63, 0x33, 0x20, 0x73, 0x65, 0x6c, 0x65, 0x63,
    0x74, 0x28, 0x62, 0x76, 0x65, 0x63, 0x33, 0x20, 0x5f, 0x63, 0x6f, 0x6e,
    0x64, 0x2c, 0x20, 0x69, 0x76, 0x65, 0x63, 0x33, 0x20, 0x5f, 0x74, 0x72,
    0x75, 0x65, 0x2c, 0x20, 0x69, 0x76, 0x65, 0x63, 0x33, 0x20, 0x5f, 0x66,
    0x61, 0x6c, 0x73, 0x65, 0x29, 0x20, 0x7b, 0x20, 0x72, 0x65, 0x74, 0x75,
    0x72, 0x6e, 0x20, 0x28, 0x69, 0x76, 0x65, 0x63, 0x33, 0x28, 0x5f, 0x63,
    0x6f, 0x6e, 0x64, 0x29, 0x20, 0x2a, 0x20, 0x5f, 0x74, 0x72, 0x75, 0x65,
    0x29, 0x20, 0x2b, 0x20, 0x28, 0x69, 0x76, 0x65, 0x63, 0x33, 0x28, 0x6e,
    0x6f, 0x74, 0x28, 0x5f, 0x63, 0x6f, 0x6e, 0x64, 0x29, 0x20, 0x29, 0x20,
    0x2a, 0x20, 0x5f, 0x66, 0x61, 0x6c, 0x73, 0x65, 0x29, 0x3b, 0x20, 0x7d,
    0x0a, 0x69, 0x76, 0x65, 0x63, 0x34, 0x20, 0x73, 0x65, 0x6c, 0x65, 0x63,
    0x74, 0x28, 0x62, 0x76, 0x65, 0x63, 0x34, 0x20, 0x5f, 0x63, 0x6f, 0x6e,
    0x64, 0x2c, 0x20, 0x69, 0x76, 0x65, 0x63, 0x34, 0x20, 0x5f, 0x74, 0x72,
    0x75, 0x65, 0x2c, 0x20, 0x69, 0x76, 0x65, 0x63, 0x34, 0x20, 0x5f, 0x66,
    0x61, 0x6c, 0x73, 0x65, 0x29, 0x20, 0x7b, 0x20, 0x72, 0x65, 0x74, 0x75,
    0x72, 0x6e, 0x20, 0x28, 0x69, 0x76, 0x65, 0x63, 0x34, 0x28, 0x5f, 0x63,
    0x6f, 0x6e, 0x64, 0x29, 0x20, 0x2a, 0x20, 0x5f, 0x74, 0x72, 0x75, 0x65,
    0x29, 0x20, 0x2b, 0x20, 0x28, 0x69, 0x76, 0x65, 0x63, 0x34, 0x28, 0x6e,
    0x6f, 0x74, 0x28, 0x5f, 0x63, 0x6f, 0x6e, 0x64, 0x29, 0x20, 0x29, 0x20,
    0x2a, 0x20, 0x5f, 0x66, 0x61, 0x6c, 0x73, 0x65, 0x29, 0x3b, 0x20, 0x7d,
    0x0a, 0x75, 0x69, 0x6e, 0x74, 0x20, 0x73, 0x65, 0x6c, 0x65, 0x63, 0x74,
    0x28, 0x62, 0x6f, 0x6f, 0x6c, 0x20, 0x5f, 0x63, 0x6f, 0x6e, 0x64, 0x2c,
    0x20, 0x75, 0x69, 0x6e, 0x74, 0x20, 0x5f, 0x74, 0x72, 0x75, 0x65, 0x2c,
    0x20, 0x75, 0x69, 0x6e, 0x74, 0x20, 0x5f, 0x66, 0x61, 0x6c, 0x73, 0x65,
    0x29, 0x20, 0x7b, 0x20, 0x72, 0x65, 0x74, 0x75, 0x72, 0x6e, 0x20, 0x5f,
    0x63, 0x6f, 0x6e, 0x64, 0x20, 0x3f, 0x20, 0x5f, 0x74, 0x72, 0x75, 0x65,
    0x20, 0x3a, 0x20, 0x5f, 0x66, 0x61, 0x6c, 0x73, 0x65, 0x3b, 0x20, 0x7d,
    0x0a, 0x75, 0x76, 0x65, 0x63, 0x32, 0x20, 0x73, 0x65, 0x6c, 0x65, 0x63,
    0x74, 0x28, 0x62, 0x6f, 0x6f, 0x6c, 0x20, 0x5f, 0x63, 0x6f, 0x6e, 0x64,
    0x2c, 0x20, 0x75, 0x76, 0x65, 0x63, 0x32, 0x20, 0x5f, 0x74, 0x72, 0x75,
    0x65, 0x2c, 0x20, 0x75, 0x76, 0x65, 0x63, 0x32, 0x20, 0x5f, 0x66, 0x61,
    0x6c, 0x73, 0x65, 0x29, 0x20, 0x7b, 0x20, 0x72, 0x65, 0x74, 0x75, 0x72,
    0x6e, 0x20, 0x5f, 0x63, 0x6f, 0x6e, 0x64, 0x20, 0x3f, 0x20, 0x5f, 0x74,
    0x72, 0x75, 0x65, 0x20, 0x3a, 0x20, 0x5f, 0x66, 0x61, 0x6c, 0x73, 0x65,
    0x3b, 0x20, 0x7d, 0x0a, 0x75, 0x76, 0x65, 0x63, 0x33, 0x20, 0x73, 0x65,
    0x6c, 0x65, 0x63, 0x74, 0x28, 0x62, 0x6f, 0x6f, 0x6c, 0x20, 0x5f, 0x63,
    0x6f, 0x6e, 0x64, 0x2c, 0x20, 0x75, 0x76, 0x65, 0x63, 0x33, 0x20, 0x5f,
    0x74, 0x72, 0x75, 0x65, 0x2c, 0x20, 0x75, 0x76, 0x65, 0x63, 0x33, 0x20,
    0x5f, 0x66, 0x61, 0x6c, 0x73, 0x65, 0x29, 0x20, 0x7b, 0x20, 0x72, 0x65,
    0x74, 0x75, 0x72, 0x6e, 0x20, 0x5f, 0x63, 0x6f, 0x6e, 0x64, 0x20, 0x3f,
    0x20, 0x5f, 0x74, 0x72, 0x75, 0x65, 0x20, 0x3a, 0x20, 0x5f, 0x66, 0x61,
    0x6c, 0x73, 0x65, 0x3b, 0x20, 0x7d, 0x0a, 0x75, 0x76, 0x65, 0x63, 0x34,
    0x20, 0x73, 0x65, 0x6c, 0x65, 0x63, 0x74, 0x28, 0x62, 0x6f, 0x6f, 0x6c,
    0x20, 0x5f, 0x63, 0x6f, 0x6e, 0x64, 0x2c, 0x20, 0x75, 0x76, 0x65, 0x63,
    0x34, 0x20, 0x5f, 0x74, 0x72, 0x75, 0x65, 0x2c, 0x20, 0x75, 0x76, 0x65,
    0x63, 0x34, 0x20, 0x5f, 0x66, 0x61, 0x6c, 0x73, 0x65, 0x29, 0x20, 0x7b,
    0x20, 0x72, 0x65, 0x74, 0x75, 0x72, 0x6e, 0x20, 0x5f, 0x63, 0x6f, 0x6e,
    0x64, 0x20, 0x3f, 0x20, 0x5f, 0x74, 0x72, 0x75, 0x65, 0x20, 0x3a, 0x20,
    0x5f, 0x66, 0x61, 0x6c, 0x73, 0x65, 0x3b, 0x20, 0x7d, 0x0a, 0x75, 0x76,
    0x65, 0x63, 0x32, 0x20, 0x73, 0x65, 0x6c, 0x65, 0x63, 0x74, 0x28, 0x62,
    0x76, 0x65, 0x63, 0x32, 0x20, 0x5f, 0x63, 0x6f, 0x6e, 0x64, 0x2c, 0x20,
    0x75, 0x76, 0x65, 0x63, 0x32, 0x20, 0x5f, 0x74, 0x72, 0x75, 0x65, 0x2c,
    0x20, 0x75, 0x76, 0x65, 0x63, 0x32, 0x20, 0x5f, 0x66, 0x61, 0x6c, 0x73,
    0x65, 0x29, 0x20, 0x7b, 0x20, 0x72, 0x65, 0x74, 0x75, 0x72, 0x6e, 0x20,
    0x28, 0x75, 0x76, 0x65, 0x63, 0x32, 0x28, 0x5f, 0x63, 0x6f, 0x6e, 0x64,
    0x29, 0x20, 0x2a, 0x20, 0x5f, 0x74, 0x72, 0x75, 0x65, 0x29, 0x20, 0x2b,
    0x20, 0x28, 0x75, 0x76, 0x65, 0x63, 0x32, 0x28, 0x6e, 0x6f, 0x74, 0x28,
    0x5f, 0x63, 0x6f, 0x6e, 0x64, 0x29, 0x20, 0x29, 0x20, 0x2a, 0x20, 0x5f,
    0x66, 0x61, 0x6c, 0x73, 0x65, 0x29, 0x3b, 0x20, 0x7d, 0x0a, 0x75, 0x76,
    0x65, 0x63, 0x33, 0x20, 0x73, 0x65, 0x6c, 0x65, 0x63, 0x74, 0x28, 0x62,
    0x76, 0x65, 0x63, 0x33, 0x20, 0x5f, 0x63, 0x6f, 0x6e, 0x64, 0x2c, 0x20,
    0x75, 0x76, 0x65, 0x63, 0x33, 0x20, 0x5f, 0x74, 0x72, 0x75, 0x65, 0x2c,
    0x20, 0x75, 0x76, 0x65, 0x63, 0x33, 0x20, 0x5f, 0x66, 0x61, 0x6c, 0x73,
    0x65, 0x29, 0x20, 0x7b, 0x20, 0x72, 0x65, 0x74, 0x75, 0x72, 0x6e, 0x20,
    0x28, 0x75, 0x76, 0x65, 0x63, 0x33, 0x28, 0x5f, 0x63, 0x6f, 0x6e, 0x64,
    0x29, 0x20, 0x2a, 0x20, 0x5f, 0x74, 0x72, 0x75, 0x65, 0x29, 0x20, 0x2b,
    0x20, 0x28, 0x75, 0x76, 0x65, 0x63, 0x33, 0x28, 0x6e, 0x6f, 0x74, 0x28,
    0x5f, 0x63, 0x6f, 0x6e, 0x64, 0x29, 0x20, 0x29, 0x20, 0x2a, 0x20, 0x5f,
    0x66, 0x61, 0x6c, 0x73, 0x65, 0x29, 0x3b, 0x20, 0x7d, 0x0a, 0x75, 0x76,
    0x65, 0x63, 0x34, 0x20, 0x73, 0x65, 0x6c, 0x65, 0x63, 0x74, 0x28, 0x62,
    0x76, 0x65, 0x63, 0x34, 0x20, 0x5f, 0x63, 0x6f, 0x6e, 0x64, 0x2c, 0x20,
    0x75, 0x76, 0x65, 0x63, 0x34, 0x20, 0x5f, 0x74, 0x72, 0x75, 0x65, 0x2c,
    0x20, 0x75, 0x76, 0x65, 0x63, 0x34, 0x20, 0x5f, 0x66, 0x61, 0x6c, 0x73,
    0x65, 0x29, 0x20, 0x7b, 0x20, 0x72, 0x65, 0x74, 0x75, 0x72, 0x6e, 0x20,
    0x28, 0x75, 0x76, 0x65, 0x63, 0x34, 0x28, 0x5f, 0x63, 0x6f, 0x6e, 0x64,
    0x29, 0x20, 0x2a, 0x20, 0x5f, 0x74, 0x72, 0x75, 0x65, 0x29, 0x20, 0x2b,
    0x20, 0x28, 0x75, 0x76, 0x65, 0x63, 0x34, 0x28, 0x6e, 0x6f, 0x74, 0x28,
    0x5f, 0x63, 0x6f, 0x6e, 0x64, 0x29, 0x20, 0x29, 0x20, 0x2a, 0x20, 0x5f,
    0x66, 0x61, 0x6c, 0x73, 0x65, 0x29, 0x3b, 0x20, 0x7d, 0x0a, 0x75, 0x6e,
    0x69, 0x66, 0x6f, 0x72, 0x6d, 0x20, 0x76, 0x65, 0x63, 0x34, 0x20, 0x75,
    0x5f, 0x76, 0x69, 0x65, 0x77, 0x52, 0x65, 0x63, 0x74, 0x3b, 0x0a, 0x75,
    0x6e, 0x69, 0x66, 0x6f, 0x72, 0x6d, 0x20, 0x76, 0x65, 0x63, 0x34, 0x20,
    0x75, 0x5f, 0x76, 0x69, 0x65, 0x77, 0x54, 0x65, 0x78, 0x65, 0x6c, 0x3b,
    0x0a, 0x75, 0x6e, 0x69, 0x66, 0x6f, 0x72, 0x6d, 0x20, 0x6d, 0x61, 0x74,
    0x34, 0x20, 0x75, 0x5f, 0x76, 0x69, 0x65, 0x77, 0x3b, 0x0a, 0x75, 0x6e,
    0x69, 0x66, 0x6f, 0x72, 0x6d, 0x20, 0x6d, 0x61, 0x74, 0x34, 0x20, 0x75,
    0x5f, 0x69, 0x6e, 0x76, 0x56, 0x69, 0x65, 0x77, 0x3b, 0x0a, 0x75, 0x6e,
    0x69, 0x66, 0x6f, 0x72, 0x6d, 0x20, 0x6d, 0x61, 0x74, 0x34, 0x20, 0x75,
    0x5f, 0x70, 0x72, 0x6f, 0x6a, 0x3b, 0x0a, 0x75, 0x6e, 0x69, 0x66, 0x6f,
    0x72, 0x6d, 0x20, 0x6d, 0x61, 0x74, 0x34, 0x20, 0x75, 0x5f, 0x69, 0x6e,
    0x76, 0x50, 0x72, 0x6f, 0x6a, 0x3b, 0x0a, 0x75, 0x6e, 0x69, 0x66, 0x6f,
    0x72, 0x6d, 0x20, 0x6d, 0x61, 0x74, 0x34, 0x20, 0x75, 0x5f, 0x76, 0x69,
    0x65, 0x77, 0x50, 0x72, 0x6f, 0x6a, 0x3b, 0x0a, 0x75, 0x6e, 0x69, 0x66,
    0x6f, 0x72, 0x6d, 0x20, 0x6d, 0x61, 0x74, 0x34, 0x20, 0x75, 0x5f, 0x69,
    0x6e, 0x76, 0x56, 0x69, 0x65, 0x77, 0x50, 0x72, 0x6f, 0x6a, 0x3b, 0x0a,
    0x75, 0x6e, 0x69, 0x66, 0x6f, 0x72, 0x6d, 0x20, 0x6d, 0x61, 0x74, 0x34,
    0x20, 0x75, 0x5f, 0x6d, 0x6f, 0x64, 0x65, 0x6c, 0x56, 0x69, 0x65, 0x77,
    0x3b, 0x0a, 0x75, 0x6e, 0x69, 0x66, 0x6f, 0x72, 0x6d, 0x20, 0x6d, 0x61,
    0x74, 0x34, 0x20, 0x75, 0x5f, 0x69, 0x6e, 0x76, 0x4d, 0x6f, 0x64, 0x65,
    0x6c, 0x56, 0x69, 0x65, 0x77, 0x3b, 0x0a, 0x75, 0x6e, 0x69, 0x66, 0x6f,
    0x72, 0x6d, 0x20, 0x6d, 0x61, 0x74, 0x34, 0x20, 0x75, 0x5f, 0x6d, 0x6f,
    0x64, 0x65, 0x6c, 0x56, 0x69, 0x65, 0x77, 0x50, 0x72, 0x6f, 0x6a, 0x3b,
    0x0a, 0x75, 0x6e, 0x69, 0x66, 0x6f, 0x72, 0x6d, 0x20, 0x76, 0x65, 0x63,
    0x34, 0x20, 0x75, 0x5f, 0x61, 0x6c, 0x70, 0x68, 0x61, 0x52, 0x65, 0x66,
    0x34, 0x3b, 0x0a, 0x75, 0x6e, 0x69, 0x66, 0x6f, 0x72, 0x6d, 0x20, 0x6d,
    0x61, 0x74, 0x34, 0x20, 0x75, 0x5f, 0x6d, 0x6f, 0x64, 0x65, 0x6c, 0x5b,
    0x31, 0x5d, 0x3b, 0x0a, 0x75, 0x6e, 0x69, 0x66, 0x6f, 0x72, 0x6d, 0x20,
    0x73, 0x61, 0x6d, 0x70, 0x6c, 0x65, 0x72, 0x32, 0x44, 0x20, 0x73, 0x5f,
    0x74, 0x65, 0x78, 0x74, 0x75, 0x72, 0x65, 0x3b, 0x0a, 0x75, 0x6e, 0x69,
    0x66, 0x6f, 0x72, 0x6d, 0x20, 0x73, 0x61, 0x6d, 0x70, 0x6c, 0x65, 0x72,
    0x32, 0x44, 0x20, 0x73, 0x5f, 0x74, 0x65, 0x78, 0x74, 0x75, 0x72, 0x65,
    0x31, 0x3b, 0x0a, 0x75, 0x6e, 0x69, 0x66, 0x6f, 0x72, 0x6d, 0x20, 0x73,
    0x61, 0x6d, 0x70, 0x6c, 0x65, 0x72, 0x32, 0x44, 0x20, 0x73, 0x5f, 0x74,
    0x65, 0x78, 0x74, 0x75, 0x72, 0x65, 0x32, 0x3b, 0x0a, 0x75, 0x6e, 0x69,
    0x66, 0x6f, 0x72, 0x6d, 0x20, 0x76, 0x65, 0x63, 0x34, 0x20, 0x54, 0x72,
    0x61, 0x6e, 0x73, 0x50, 0x61, 0x72, 0x61, 0x6d, 0x73, 0x3b, 0x0a, 0x6f,
    0x75, 0x74, 0x20, 0x76, 0x65, 0x63, 0x34, 0x20, 0x62, 0x67, 0x66, 0x78,
    0x5f, 0x46, 0x72, 0x61, 0x67, 0x43, 0x6f, 0x6c, 0x6f, 0x72, 0x3b, 0x0a,
    0x76, 0x6f, 0x69, 0x64, 0x20, 0x6d, 0x61, 0x69, 0x6e, 0x28, 0x29, 0x0a,
    0x7b, 0x0a, 0x76, 0x65, 0x63, 0x34, 0x20, 0x66, 0x63, 0x20, 0x3d, 0x20,
    0x74, 0x65, 0x78, 0x74, 0x75, 0x72, 0x65, 0x28, 0x73, 0x5f, 0x74, 0x65,
    0x78, 0x74, 0x75, 0x72, 0x65, 0x2c, 0x20, 0x76, 0x5f, 0x74, 0x65, 0x78,
    0x63, 0x6f, 0x6f, 0x72, 0x64, 0x30, 0x29, 0x3b, 0x0a, 0x76, 0x65, 0x63,
    0x34, 0x20, 0x74, 0x63, 0x20, 0x3d, 0x20, 0x74, 0x65, 0x78, 0x74, 0x75,
    0x72, 0x65, 0x28, 0x73, 0x5f, 0x74, 0x65, 0x78, 0x74, 0x75, 0x72, 0x65,
    0x31, 0x2c, 0x20, 0x76, 0x5f, 0x74, 0x65, 0x78, 0x63, 0x6f, 0x6f, 0x72,
    0x64, 0x30, 0x29, 0x3b, 0x0a, 0x66, 0x6c, 0x6f, 0x61, 0x74, 0x20, 0x74,
    0x20, 0x3d, 0x20, 0x63, 0x6c, 0x61, 0x6d, 0x70, 0x28, 0x54, 0x72, 0x61,
    0x6e, 0x73, 0x50, 0x61, 0x72, 0x61, 0x6d, 0x73, 0x2e, 0x78, 0x2c, 0x20,
    0x30, 0x2e, 0x30, 0x2c, 0x20, 0x31, 0x2e, 0x30, 0x29, 0x3b, 0x0a, 0x69,
    0x66, 0x20, 0x28, 0x69, 0x6e, 0x74, 0x28, 0x54, 0x72, 0x61, 0x6e, 0x73,
    0x50, 0x61, 0x72, 0x61, 0x6d, 0x73, 0x2e, 0x79, 0x29, 0x20, 0x3d, 0x3d,
    0x20, 0x31, 0x29, 0x20, 0x74, 0x20, 0x3d, 0x20, 0x73, 0x74, 0x65, 0x70,
    0x28, 0x74, 0x65, 0x78, 0x74, 0x75, 0x72, 0x65, 0x28, 0x73, 0x5f, 0x74,
    0x65, 0x78, 0x74, 0x75, 0x72, 0x65, 0x32, 0x2c, 0x20, 0x76, 0x5f, 0x74,
    0x65, 0x78, 0x63, 0x6f, 0x6f, 0x72, 0x64, 0x30, 0x29, 0x2e, 0x72, 0x2c,
    0x20, 0x74, 0x29, 0x3b, 0x0a, 0x65, 0x6c, 0x73, 0x65, 0x20, 0x69, 0x66,
    0x20, 0x28, 0x69, 0x6e, 0x74, 0x28, 0x54, 0x72, 0x61, 0x6e, 0x73, 0x50,
    0x61, 0x72, 0x61, 0x6d, 0x73, 0x2e, 0x79, 0x29, 0x20, 0x3d, 0x3d, 0x20,
    0x32, 0x29, 0x20, 0x74, 0x20, 0x3d, 0x20, 0x73, 0x74, 0x65, 0x70, 0x28,
    0x76, 0x5f, 0x74, 0x65, 0x78, 0x63, 0x6f, 0x6f, 0x72, 0x64, 0x30, 0x2e,
    0x78, 0x2c, 0x20, 0x74, 0x29, 0x3b, 0x0a, 0x65, 0x6c, 0x73, 0x65, 0x20,
    0x69, 0x66, 0x20, 0x28, 0x69, 0x6e, 0x74, 0x28, 0x54, 0x72, 0x61, 0x6e,
    0x73, 0x50, 0x61, 0x72, 0x61, 0x6d, 0x73, 0x2e, 0x79, 0x29, 0x20, 0x3d,
    0x3d, 0x20, 0x33, 0x29, 0x20, 0x74, 0x20, 0x3d, 0x20, 0x73, 0x74, 0x65,
    0x70, 0x28, 0x31, 0x2e, 0x30, 0x20, 0x2d, 0x20, 0x76, 0x5f, 0x74, 0x65,
    0x78, 0x63, 0x6f, 0x6f, 0x72, 0x64, 0x30, 0x2e, 0x78, 0x2c, 0x20, 0x74,
    0x29, 0x3b, 0x0a, 0x65, 0x6c, 0x73, 0x65, 0x20, 0x69, 0x66, 0x20, 0x28,
    0x69, 0x6e, 0x74, 0x28, 0x54, 0x72, 0x61, 0x6e, 0x73, 0x50, 0x61, 0x72,
    0x61, 0x6d, 0x73, 0x2e, 0x79, 0x29, 0x20, 0x3d, 0x3d, 0x20, 0x34, 0x29,
    0x20, 0x74, 0x20, 0x3d, 0x20, 0x73, 0x74, 0x65, 0x70, 0x28, 0x31, 0x2e,
    0x30, 0x20, 0x2d, 0x20, 0x76, 0x5f, 0x74, 0x65, 0x78, 0x63, 0x6f, 0x6f,
    0x72, 0x64, 0x30, 0x2e, 0x79, 0x2c, 0x20, 0x74, 0x29, 0x3b, 0x0a, 0x65,
    0x6c, 0x73, 0x65, 0x20, 0x69, 0x66, 0x20, 0x28, 0x69, 0x6e, 0x74, 0x28,
    0x54, 0x72, 0x61, 0x6e, 0x73, 0x50, 0x61, 0x72, 0x61, 0x6d, 0x73, 0x2e,
    0x79, 0x29, 0x20, 0x3d, 0x3d, 0x20, 0x35, 0x29, 0x20, 0x74, 0x20, 0x3d,
    0x20, 0x73, 0x74, 0x65, 0x70, 0x28, 0x76, 0x5f, 0x74, 0x65, 0x78, 0x63,
    0x6f, 0x6f, 0x72, 0x64, 0x30, 0x2e, 0x79, 0x2c, 0x20, 0x74, 0x29, 0x3b,
    0x0a, 0x62, 0x67, 0x66, 0x78, 0x5f, 0x46, 0x72, 0x61, 0x67, 0x43, 0x6f,
    0x6c, 0x6f, 0x72, 0x20, 0x3d, 0x20, 0x6d, 0x69, 0x78, 0x28, 0x66, 0x63,
    0x2c, 0x20, 0x74, 0x63, 0x2c, 0x20, 0x74, 0x29, 0x3b, 0x0a, 0x7d, 0x0a,
    0x00,
};
const size_t kEmbeddedGL_fs_transition_size = sizeof(kEmbeddedGL_fs_transition);

const uint8_t kEmbeddedGL_fs_vfx[] = {
    0x46, 0x53, 0x48, 0x0b, 0x6f, 0x1e, 0x3e, 0x3c, 0x00, 0x00, 0x00, 0x00,
    0x00, 0x00, 0xb8, 0x14, 0x00, 0x00, 0x23, 0x76, 0x65, 0x72, 0x73, 0x69,
    0x6f, 0x6e, 0x20, 0x34, 0x33, 0x30, 0x0a, 0x23, 0x64, 0x65, 0x66, 0x69,
    0x6e, 0x65, 0x20, 0x74, 0x65, 0x78, 0x74, 0x75, 0x72, 0x65, 0x32, 0x44,
    0x20, 0x20, 0x20, 0x20, 0x20, 0x20, 0x20, 0x20, 0x20, 0x20, 0x74, 0x65,
    0x78, 0x74, 0x75, 0x72, 0x65, 0x0a, 0x23, 0x64, 0x65, 0x66, 0x69, 0x6e,
    0x65, 0x20, 0x74, 0x65, 0x78, 0x74, 0x75, 0x72, 0x65, 0x32, 0x44, 0x4c,
    0x6f, 0x64, 0x20, 0x20, 0x20, 0x20, 0x20, 0x20, 0x20, 0x74, 0x65, 0x78,
    0x74, 0x75, 0x72, 0x65, 0x4c, 0x6f, 0x64, 0x0a, 0x23, 0x64, 0x65, 0x66,
    0x69, 0x6e, 0x65, 0x20, 0x74, 0x65, 0x78, 0x74, 0x75, 0x72, 0x65, 0x32,
    0x44, 0x47, 0x72, 0x61, 0x64, 0x20, 0x20, 0x20, 0x20, 0x20, 0x20, 0x74,
    0x65, 0x78, 0x74, 0x75, 0x72, 0x65, 0x47, 0x72, 0x61, 0x64, 0x0a, 0x23,
    0x64, 0x65, 0x66, 0x69, 0x6e, 0x65, 0x20, 0x74, 0x65, 0x78, 0x74, 0x75,
    0x72, 0x65, 0x32, 0x44, 0x50, 0x72, 0x6f, 0x6a, 0x4c, 0x6f, 0x64, 0x20,
    0x20, 0x20, 0x74, 0x65, 0x78, 0x74, 0x75, 0x72, 0x65, 0x50, 0x72, 0x6f,
    0x6a, 0x4c, 0x6f, 0x64, 0x0a, 0x23, 0x64, 0x65, 0x66, 0x69, 0x6e, 0x65,
    0x20, 0x74, 0x65, 0x78, 0x74, 0x75, 0x72, 0x65, 0x32, 0x44, 0x50, 0x72,
    0x6f, 0x6a, 0x47, 0x72, 0x61, 0x64, 0x20, 0x20, 0x74, 0x65, 0x78, 0x74,
    0x75, 0x72, 0x65, 0x50, 0x72, 0x6f, 0x6a, 0x47, 0x72, 0x61, 0x64, 0x0a,
    0x23, 0x64, 0x65, 0x66, 0x69, 0x6e, 0x65, 0x20, 0x74, 0x65, 0x78, 0x74,
    0x75, 0x72, 0x65, 0x43, 0x75, 0x62, 0x65, 0x4c, 0x6f, 0x64, 0x20, 0x20,
    0x20, 0x20, 0x20, 0x74, 0x65, 0x78, 0x74, 0x75, 0x72, 0x65, 0x4c, 0x6f,
    0x64, 0x0a, 0x23, 0x64, 0x65, 0x66, 0x69, 0x6e, 0x65, 0x20, 0x74, 0x65,
    0x78, 0x74, 0x75, 0x72, 0x65, 0x43, 0x75, 0x62, 0x65, 0x47, 0x72, 0x61,
    0x64, 0x20, 0x20, 0x20, 0x20, 0x74, 0x65, 0x78, 0x74, 0x75, 0x72, 0x65,
    0x47, 0x72, 0x61, 0x64, 0x0a, 0x23, 0x64, 0x65, 0x66, 0x69, 0x6e, 0x65,
    0x20, 0x74, 0x65, 0x78, 0x74, 0x75, 0x72, 0x65, 0x33, 0x44, 0x20, 0x20,
    0x20, 0x20, 0x20, 0x20, 0x20, 0x20, 0x20, 0x20, 0x74, 0x65, 0x78, 0x74,
    0x75, 0x72, 0x65, 0x0a, 0x23, 0x64, 0x65, 0x66, 0x69, 0x6e, 0x65, 0x20,
    0x74, 0x65, 0x78, 0x74, 0x75, 0x72, 0x65, 0x32, 0x44, 0x4c, 0x6f, 0x64,
    0x4f, 0x66, 0x66, 0x73, 0x65, 0x74, 0x20, 0x74, 0x65, 0x78, 0x74, 0x75,
    0x72, 0x65, 0x4c, 0x6f, 0x64, 0x4f, 0x66, 0x66, 0x73, 0x65, 0x74, 0x0a,
    0x23, 0x64, 0x65, 0x66, 0x69, 0x6e, 0x65, 0x20, 0x61, 0x74, 0x74, 0x72,
    0x69, 0x62, 0x75, 0x74, 0x65, 0x20, 0x69, 0x6e, 0x0a, 0x23, 0x64, 0x65,
    0x66, 0x69, 0x6e, 0x65, 0x20, 0x76, 0x61, 0x72, 0x79, 0x69, 0x6e, 0x67,
    0x20, 0x69, 0x6e, 0x0a, 0x23, 0x64, 0x65, 0x66, 0x69, 0x6e, 0x65, 0x20,
    0x62, 0x67, 0x66, 0x78, 0x53, 0x68, 0x61, 0x64, 0x6f, 0x77, 0x32, 0x44,
    0x28, 0x5f, 0x73, 0x61, 0x6d, 0x70, 0x6c, 0x65, 0x72, 0x2c, 0x20, 0x5f,
    0x63, 0x6f, 0x6f, 0x72, 0x64, 0x29, 0x20, 0x20, 0x20, 0x20, 0x20, 0x76,
    0x65, 0x63, 0x34, 0x5f, 0x73, 0x70, 0x6c, 0x61, 0x74, 0x28, 0x74, 0x65,
    0x78, 0x74, 0x75, 0x72, 0x65, 0x28, 0x5f, 0x73, 0x61, 0x6d, 0x70, 0x6c,
    0x65, 0x72, 0x2c, 0x20, 0x5f, 0x63, 0x6f, 0x6f, 0x72, 0x64, 0x29, 0x20,
    0x29, 0x0a, 0x23, 0x64, 0x65, 0x66, 0x69, 0x6e, 0x65, 0x20, 0x62, 0x67,
    0x66, 0x78, 0x53, 0x68, 0x61, 0x64, 0x6f, 0x77, 0x32, 0x44, 0x50, 0x72,
    0x6f, 0x6a, 0x28, 0x5f, 0x73, 0x61, 0x6d, 0x70, 0x6c, 0x65, 0x72, 0x2c,
    0x20, 0x5f, 0x63, 0x6f, 0x6f, 0x72, 0x64, 0x29, 0x20, 0x76, 0x65, 0x63,
    0x34, 0x5f, 0x73, 0x70, 0x6c, 0x61, 0x74, 0x28, 0x74, 0x65, 0x78, 0x74,
    0x75, 0x72, 0x65, 0x50, 0x72, 0x6f, 0x6a, 0x28, 0x5f, 0x73, 0x61, 0x6d,
    0x70, 0x6c, 0x65, 0x72, 0x2c, 0x20, 0x5f, 0x63, 0x6f, 0x6f, 0x72, 0x64,
    0x29, 0x20, 0x29, 0x0a, 0x76, 0x61, 0x72, 0x79, 0x69, 0x6e, 0x67, 0x20,
    0x76, 0x65, 0x63, 0x32, 0x20, 0x76, 0x5f, 0x74, 0x65, 0x78, 0x63, 0x6f,
    0x6f, 0x72, 0x64, 0x30, 0x3b, 0x0a, 0x66, 0x6c, 0x6f, 0x61, 0x74, 0x20,
    0x72, 0x63, 0x70, 0x28, 0x66, 0x6c, 0x6f, 0x61, 0x74, 0x20, 0x5f, 0x61,
    0x29, 0x20, 0x7b, 0x20, 0x72, 0x65, 0x74, 0x75, 0x72, 0x6e, 0x20, 0x31,
    0x2e, 0x30, 0x2f, 0x5f, 0x61, 0x3b, 0x20, 0x7d, 0x0a, 0x76, 0x65, 0x63,
    0x32, 0x20, 0x72, 0x63, 0x70, 0x28, 0x76, 0x65, 0x63, 0x32, 0x20, 0x5f,
    0x61, 0x29, 0x20, 0x7b, 0x20, 0x72, 0x65, 0x74, 0x75, 0x72, 0x6e, 0x20,
    0x76, 0x65, 0x63, 0x32, 0x28, 0x31, 0x2e, 0x30, 0x29, 0x2f, 0x5f, 0x61,
    0x3b, 0x20, 0x7d, 0x0a, 0x76, 0x65, 0x63, 0x33, 0x20, 0x72, 0x63, 0x70,
    0x28, 0x76, 0x65, 0x63, 0x33, 0x20, 0x5f, 0x61, 0x29, 0x20, 0x7b, 0x20,
    0x72, 0x65, 0x74, 0x75, 0x72, 0x6e, 0x20, 0x76, 0x65, 0x63, 0x33, 0x28,
    0x31, 0x2e, 0x30, 0x29, 0x2f, 0x5f, 0x61, 0x3b, 0x20, 0x7d, 0x0a, 0x76,
    0x65, 0x63, 0x34, 0x20, 0x72, 0x63, 0x70, 0x28, 0x76, 0x65, 0x63, 0x34,
    0x20, 0x5f, 0x61, 0x29, 0x20, 0x7b, 0x20, 0x72, 0x65, 0x74, 0x75, 0x72,
    0x6e, 0x20, 0x76, 0x65, 0x63, 0x34, 0x28, 0x31, 0x2e, 0x30, 0x29, 0x2f,
    0x5f, 0x61, 0x3b, 0x20, 0x7d, 0x0a, 0x76, 0x65, 0x63, 0x32, 0x20, 0x76,
    0x65, 0x63, 0x32, 0x5f, 0x73, 0x70, 0x6c, 0x61, 0x74, 0x28, 0x66, 0x6c,
    0x6f, 0x61, 0x74, 0x20, 0x5f, 0x78, 0x29, 0x20, 0x7b, 0x20, 0x72, 0x65,
    0x74, 0x75, 0x72, 0x6e, 0x20, 0x76, 0x65, 0x63, 0x32, 0x28, 0x5f, 0x78,
    0x2c, 0x20, 0x5f, 0x78, 0x29, 0x3b, 0x20, 0x7d, 0x0a, 0x76, 0x65, 0x63,
    0x33, 0x20, 0x76, 0x65, 0x63, 0x33, 0x5f, 0x73, 0x70, 0x6c, 0x61, 0x74,
    0x28, 0x66, 0x6c, 0x6f, 0x61, 0x74, 0x20, 0x5f, 0x78, 0x29, 0x20, 0x7b,
    0x20, 0x72, 0x65, 0x74, 0x75, 0x72, 0x6e, 0x20, 0x76, 0x65, 0x63, 0x33,
    0x28, 0x5f, 0x78, 0x2c, 0x20, 0x5f, 0x78, 0x2c, 0x20, 0x5f, 0x78, 0x29,
    0x3b, 0x20, 0x7d, 0x0a, 0x76, 0x65, 0x63, 0x34, 0x20, 0x76, 0x65, 0x63,
    0x34, 0x5f, 0x73, 0x70, 0x6c, 0x61, 0x74, 0x28, 0x66, 0x6c, 0x6f, 0x61,
    0x74, 0x20, 0x5f, 0x78, 0x29, 0x20, 0x7b, 0x20, 0x72, 0x65, 0x74, 0x75,
    0x72, 0x6e, 0x20, 0x76, 0x65, 0x63, 0x34, 0x28, 0x5f, 0x78, 0x2c, 0x20,
    0x5f, 0x78, 0x2c, 0x20, 0x5f, 0x78, 0x2c, 0x20, 0x5f, 0x78, 0x29, 0x3b,
    0x20, 0x7d, 0x0a, 0x75, 0x76, 0x65, 0x63, 0x32, 0x20, 0x75, 0x76, 0x65,
    0x63, 0x32, 0x5f, 0x73, 0x70, 0x6c, 0x61, 0x74, 0x28, 0x75, 0x69, 0x6e,
    0x74, 0x20, 0x5f, 0x78, 0x29, 0x20, 0x7b, 0x20, 0x72, 0x65, 0x74, 0x75,
    0x72, 0x6e, 0x20, 0x75, 0x76, 0x65, 0x63, 0x32, 0x28, 0x5f, 0x78, 0x2c,
    0x20, 0x5f, 0x78, 0x29, 0x3b, 0x20, 0x7d, 0x0a, 0x75, 0x76, 0x65, 0x63,
    0x33, 0x20, 0x75, 0x76, 0x65, 0x63, 0x33, 0x5f, 0x73, 0x70, 0x6c, 0x61,
    0x74, 0x28, 0x75, 0x69, 0x6e, 0x74, 0x20, 0x5f, 0x78, 0x29, 0x20, 0x7b,
    0x20, 0x72, 0x65, 0x74, 0x75, 0x72, 0x6e, 0x20, 0x75, 0x76, 0x65, 0x63,
    0x33, 0x28, 0x5f, 0x78, 0x2c, 0x20, 0x5f, 0x78, 0x2c, 0x20, 0x5f, 0x78,
    0x29, 0x3b, 0x20, 0x7d, 0x0a, 0x75, 0x76, 0x65, 0x63, 0x34, 0x20, 0x75,
    0x76, 0x65, 0x63, 0x34, 0x5f, 0x73, 0x70, 0x6c, 0x61, 0x74, 0x28, 0x75,
    0x69, 0x6e, 0x74, 0x20, 0x5f, 0x78, 0x29, 0x20, 0x7b, 0x20, 0x72, 0x65,
    0x74, 0x75, 0x72, 0x6e, 0x20, 0x75, 0x76, 0x65, 0x63, 0x34, 0x28, 0x5f,
    0x78, 0x2c, 0x20, 0x5f, 0x78, 0x2c, 0x20, 0x5f, 0x78, 0x2c, 0x20, 0x5f,
    0x78, 0x29, 0x3b, 0x20, 0x7d, 0x0a, 0x6d, 0x61, 0x74, 0x34, 0x20, 0x6d,
    0x74, 0x78, 0x46, 0x72, 0x6f, 0x6d, 0x52, 0x6f, 0x77, 0x73, 0x28, 0x76,
    0x65, 0x63, 0x34, 0x20, 0x5f, 0x30, 0x2c, 0x20, 0x76, 0x65, 0x63, 0x34,
    0x20, 0x5f, 0x31, 0x2c, 0x20, 0x76, 0x65, 0x63, 0x34, 0x20, 0x5f, 0x32,
    0x2c, 0x20, 0x76, 0x65, 0x63, 0x34, 0x20, 0x5f, 0x33, 0x29, 0x0a, 0x7b,
    0x0a, 0x72, 0x65, 0x74, 0x75, 0x72, 0x6e, 0x20, 0x74, 0x72, 0x61, 0x6e,
    0x73, 0x70, 0x6f, 0x73, 0x65, 0x28, 0x6d, 0x61, 0x74, 0x34, 0x28, 0x5f,
    0x30, 0x2c, 0x20, 0x5f, 0x31, 0x2c, 0x20, 0x5f, 0x32, 0x2c, 0x20, 0x5f,
    0x33, 0x29, 0x20, 0x29, 0x3b, 0x0a, 0x7d, 0x0a, 0x6d, 0x61, 0x74, 0x34,
    0x20, 0x6d, 0x74, 0x78, 0x46, 0x72, 0x6f, 0x6d, 0x43, 0x6f, 0x6c, 0x73,
    0x28, 0x76, 0x65, 0x63, 0x34, 0x20, 0x5f, 0x30, 0x2c, 0x20, 0x76, 0x65,
    0x63, 0x34, 0x20, 0x5f, 0x31, 0x2c, 0x20, 0x76, 0x65, 0x63, 0x34, 0x20,
    0x5f, 0x32, 0x2c, 0x20, 0x76, 0x65, 0x63, 0x34, 0x20, 0x5f, 0x33, 0x29,
    0x0a, 0x7b, 0x0a, 0x72, 0x65, 0x74, 0x75, 0x72, 0x6e, 0x20, 0x6d, 0x61,
    0x74, 0x34, 0x28, 0x5f, 0x30, 0x2c, 0x20, 0x5f, 0x31, 0x2c, 0x20, 0x5f,
    0x32, 0x2c, 0x20, 0x5f, 0x33, 0x29, 0x3b, 0x0a, 0x7d, 0x0a, 0x6d, 0x61,
    0x74, 0x33, 0x20, 0x6d, 0x74, 0x78, 0x46, 0x72, 0x6f, 0x6d, 0x52, 0x6f,
    0x77, 0x73, 0x28, 0x76, 0x65, 0x63, 0x33, 0x20, 0x5f, 0x30, 0x2c, 0x20,
    0x76, 0x65, 0x63, 0x33, 0x20, 0x5f, 0x31, 0x2c, 0x20, 0x76, 0x65, 0x63,
    0x33, 0x20, 0x5f, 0x32, 0x29, 0x0a, 0x7b, 0x0a, 0x72, 0x65, 0x74, 0x75,
    0x72, 0x6e, 0x20, 0x74, 0x72, 0x61, 0x6e, 0x73, 0x70, 0x6f, 0x73, 0x65,
    0x28, 0x6d, 0x61, 0x74, 0x33, 0x28, 0x5f, 0x30, 0x2c, 0x20, 0x5f, 0x31,
    0x2c, 0x20, 0x5f, 0x32, 0x29, 0x20, 0x29, 0x3b, 0x0a, 0x7d, 0x0a, 0x6d,
    0x61, 0x74, 0x33, 0x20, 0x6d, 0x74, 0x78, 0x46, 0x72, 0x6f, 0x6d, 0x43,
    0x6f, 0x6c, 0x73, 0x28, 0x76, 0x65, 0x63, 0x33, 0x20, 0x5f, 0x30, 0x2c,
    0x20, 0x76, 0x65, 0x63, 0x33, 0x20, 0x5f, 0x31, 0x2c, 0x20, 0x76, 0x65,
    0x63, 0x33, 0x20, 0x5f, 0x32, 0x29, 0x0a, 0x7b, 0x0a, 0x72, 0x65, 0x74,
    0x75, 0x72, 0x6e, 0x20, 0x6d, 0x61, 0x74, 0x33, 0x28, 0x5f, 0x30, 0x2c,
    0x20, 0x5f, 0x31, 0x2c, 0x20, 0x5f, 0x32, 0x29, 0x3b, 0x0a, 0x7d, 0x0a,
    0x6d, 0x61, 0x74, 0x34, 0x78, 0x33, 0x20, 0x6d, 0x74, 0x78, 0x46, 0x72,
    0x6f, 0x6d, 0x52, 0x6f, 0x77, 0x73, 0x28, 0x76, 0x65, 0x63, 0x34, 0x20,
    0x5f, 0x30, 0x2c, 0x20, 0x76, 0x65, 0x63, 0x34, 0x20, 0x5f, 0x31, 0x2c,
    0x20, 0x76, 0x65, 0x63, 0x34, 0x20, 0x5f, 0x32, 0x29, 0x0a, 0x7b, 0x0a,
    0x72, 0x65, 0x74, 0x75, 0x72, 0x6e, 0x20, 0x74, 0x72, 0x61, 0x6e, 0x73,
    0x70, 0x6f, 0x73, 0x65, 0x28, 0x6d, 0x61, 0x74, 0x33, 0x78, 0x34, 0x28,
    0x5f, 0x30, 0x2c, 0x20, 0x5f, 0x31, 0x2c, 0x20, 0x5f, 0x32, 0x29, 0x20,
    0x29, 0x3b, 0x0a, 0x7d, 0x0a, 0x76, 0x65, 0x63, 0x33, 0x20, 0x6d, 0x74,
    0x78, 0x47, 0x65, 0x74, 0x52, 0x6f, 0x77, 0x28, 0x6d, 0x61, 0x74, 0x33,
    0x20, 0x5f, 0x6d, 0x74, 0x78, 0x2c, 0x20, 0x69, 0x6e, 0x74, 0x20, 0x5f,
    0x72, 0x6f, 0x77, 0x29, 0x0a, 0x7b, 0x0a, 0x72, 0x65, 0x74, 0x75, 0x72,
    0x6e, 0x20, 0x76, 0x65, 0x63, 0x33, 0x28, 0x5f, 0x6d, 0x74, 0x78, 0x5b,
    0x30, 0x5d, 0x5b, 0x5f, 0x72, 0x6f, 0x77, 0x5d, 0x2c, 0x20, 0x5f, 0x6d,
    0x74, 0x78, 0x5b, 0x31, 0x5d, 0x5b, 0x5f, 0x72, 0x6f, 0x77, 0x5d, 0x2c,
    0x20, 0x5f, 0x6d, 0x74, 0x78, 0x5b, 0x32, 0x5d, 0x5b, 0x5f, 0x72, 0x6f,
    0x77, 0x5d, 0x29, 0x3b, 0x0a, 0x7d, 0x0a, 0x76, 0x65, 0x63, 0x33, 0x20,
    0x6d, 0x74, 0x78, 0x47, 0x65, 0x74, 0x43, 0x6f, 0x6c, 0x75, 0x6d, 0x6e,
    0x28, 0x6d, 0x61, 0x74, 0x33, 0x20, 0x5f, 0x6d, 0x74, 0x78, 0x2c, 0x20,
    0x69, 0x6e, 0x74, 0x20, 0x5f, 0x63, 0x6f, 0x6c, 0x75, 0x6d, 0x6e, 0x29,
    0x0a, 0x7b, 0x0a, 0x72, 0x65, 0x74, 0x75, 0x72, 0x6e, 0x20, 0x76, 0x65,
    0x63, 0x33, 0x28, 0x5f, 0x6d, 0x74, 0x78, 0x5b, 0x5f, 0x63, 0x6f, 0x6c,
    0x75, 0x6d, 0x6e, 0x5d, 0x29, 0x3b, 0x0a, 0x7d, 0x0a, 0x76, 0x65, 0x63,
    0x34, 0x20, 0x6d, 0x74, 0x78, 0x47, 0x65, 0x74, 0x52, 0x6f, 0x77, 0x28,
    0x6d, 0x61, 0x74, 0x34, 0x78, 0x33, 0x20, 0x5f, 0x6d, 0x74, 0x78, 0x2c,
    0x20, 0x69, 0x6e, 0x74, 0x20, 0x5f, 0x72, 0x6f, 0x77, 0x29, 0x0a, 0x7b,
    0x0a, 0x72, 0x65, 0x74, 0x75, 0x72, 0x6e, 0x20, 0x76, 0x65, 0x63, 0x34,
    0x28, 0x5f, 0x6d, 0x74, 0x78, 0x5b, 0x30, 0x5d, 0x5b, 0x5f, 0x72, 0x6f,
    0x77, 0x5d, 0x2c, 0x20, 0x5f, 0x6d, 0x74, 0x78, 0x5b, 0x31, 0x5d, 0x5b,
    0x5f, 0x72, 0x6f, 0x77, 0x5d, 0x2c, 0x20, 0x5f, 0x6d, 0x74, 0x78, 0x5b,
    0x32, 0x5d, 0x5b, 0x5f, 0x72, 0x6f, 0x77, 0x5d, 0x2c, 0x20, 0x5f, 0x6d,
    0x74, 0x78, 0x5b, 0x33, 0x5d, 0x5b, 0x5f, 0x72, 0x6f, 0x77, 0x5d, 0x29,
    0x3b, 0x0a, 0x7d, 0x0a, 0x76, 0x65, 0x63, 0x33, 0x20, 0x6d, 0x74, 0x78,
    0x47, 0x65, 0x74, 0x43, 0x6f, 0x6c, 0x75, 0x6d, 0x6e, 0x28, 0x6d, 0x61,
    0x74, 0x34, 0x78, 0x33, 0x20, 0x5f, 0x6d, 0x74, 0x78, 0x2c, 0x20, 0x69,
    0x6e, 0x74, 0x20, 0x5f, 0x63, 0x6f, 0x6c, 0x75, 0x6d, 0x6e, 0x29, 0x0a,
    0x7b, 0x0a, 0x72, 0x65, 0x74, 0x75, 0x72, 0x6e, 0x20, 0x76, 0x65, 0x63,
    0x33, 0x28, 0x5f, 0x6d, 0x74, 0x78, 0x5b, 0x5f, 0x63, 0x6f, 0x6c, 0x75,
    0x6d, 0x6e, 0x5d, 0x29, 0x3b, 0x0a, 0x7d, 0x0a, 0x76, 0x65, 0x63, 0x34,
    0x20, 0x6d, 0x74, 0x78, 0x47, 0x65, 0x74, 0x52, 0x6f, 0x77, 0x28, 0x6d,
    0x61, 0x74, 0x34, 0x20, 0x5f, 0x6d, 0x74, 0x78, 0x2c, 0x20, 0x69, 0x6e,
    0x74, 0x20, 0x5f, 0x72, 0x6f, 0x77, 0x29, 0x0a, 0x7b, 0x0a, 0x72, 0x65,
    0x74, 0x75, 0x72, 0x6e, 0x20, 0x76, 0x65, 0x63, 0x34, 0x28, 0x5f, 0x6d,
    0x74, 0x78, 0x5b, 0x30, 0x5d, 0x5b, 0x5f, 0x72, 0x6f, 0x77, 0x5d, 0x2c,
    0x20, 0x5f, 0x6d, 0x74, 0x78, 0x5b, 0x31, 0x5d, 0x5b, 0x5f, 0x72, 0x6f,
    0x77, 0x5d, 0x2c, 0x20, 0x5f, 0x6d, 0x74, 0x78, 0x5b, 0x32, 0x5d, 0x5b,
    0x5f, 0x72, 0x6f, 0x77, 0x5d, 0x2c, 0x20, 0x5f, 0x6d, 0x74, 0x78, 0x5b,
    0x33, 0x5d, 0x5b, 0x5f, 0x72, 0x6f, 0x77, 0x5d, 0x29, 0x3b, 0x0a, 0x7d,
    0x0a, 0x76, 0x65, 0x63, 0x34, 0x20, 0x6d, 0x74, 0x78, 0x47, 0x65, 0x74,
    0x43, 0x6f, 0x6c, 0x75, 0x6d, 0x6e, 0x28, 0x6d, 0x61, 0x74, 0x34, 0x20,
    0x5f, 0x6d, 0x74, 0x78, 0x2c, 0x20, 0x69, 0x6e, 0x74, 0x20, 0x5f, 0x63,
    0x6f, 0x6c, 0x75, 0x6d, 0x6e, 0x29, 0x0a, 0x7b, 0x0a, 0x72, 0x65, 0x74,
    0x75, 0x72, 0x6e, 0x20, 0x76, 0x65, 0x63, 0x34, 0x28, 0x5f, 0x6d, 0x74,
    0x78, 0x5b, 0x5f, 0x63, 0x6f, 0x6c, 0x75, 0x6d, 0x6e, 0x5d, 0x29, 0x3b,
    0x0a, 0x7d, 0x0a, 0x66, 0x6c, 0x6f, 0x61, 0x74, 0x20, 0x6d, 0x74, 0x78,
    0x47, 0x65, 0x74, 0x45, 0x6c, 0x65, 0x6d, 0x65, 0x6e, 0x74, 0x28, 0x6d,
    0x61, 0x74, 0x33, 0x20, 0x5f, 0x6d, 0x74, 0x78, 0x2c, 0x20, 0x69, 0x6e,
    0x74, 0x20, 0x5f, 0x63, 0x6f, 0x6c, 0x75, 0x6d, 0x6e, 0x2c, 0x20, 0x69,
    0x6e, 0x74, 0x20, 0x5f, 0x72, 0x6f, 0x77, 0x29, 0x0a, 0x7b, 0x0a, 0x72,
    0x65, 0x74, 0x75, 0x72, 0x6e, 0x20, 0x5f, 0x6d, 0x74, 0x78, 0x5b, 0x5f,
    0x63, 0x6f, 0x6c, 0x75, 0x6d, 0x6e, 0x5d, 0x5b, 0x5f, 0x72, 0x6f, 0x77,
    0x5d, 0x3b, 0x0a, 0x7d, 0x0a, 0x66, 0x6c, 0x6f, 0x61, 0x74, 0x20, 0x6d,
    0x74, 0x78, 0x47, 0x65, 0x74, 0x45, 0x6c, 0x65, 0x6d, 0x65, 0x6e, 0x74,
    0x28, 0x6d, 0x61, 0x74, 0x34, 0x20, 0x5f, 0x6d, 0x74, 0x78, 0x2c, 0x20,
    0x69, 0x6e, 0x74, 0x20, 0x5f, 0x63, 0x6f, 0x6c, 0x75, 0x6d, 0x6e, 0x2c,
    0x20, 0x69, 0x6e, 0x74, 0x20, 0x5f, 0x72, 0x6f, 0x77, 0x29, 0x0a, 0x7b,
    0x0a, 0x72, 0x65, 0x74, 0x75, 0x72, 0x6e, 0x20, 0x5f, 0x6d, 0x74, 0x78,
    0x5b, 0x5f, 0x63, 0x6f, 0x6c, 0x75, 0x6d, 0x6e, 0x5d, 0x5b, 0x5f, 0x72,
    0x6f, 0x77, 0x5d, 0x3b, 0x0a, 0x7d, 0x0a, 0x66, 0x6c, 0x6f, 0x61, 0x74,
    0x20, 0x73, 0x65, 0x6c, 0x65, 0x63, 0x74, 0x28, 0x62, 0x6f, 0x6f, 0x6c,
    0x20, 0x5f, 0x63, 0x6f, 0x6e, 0x64, 0x2c, 0x20, 0x66, 0x6c, 0x6f, 0x61,
    0x74, 0x20, 0x5f, 0x74, 0x72, 0x75, 0x65, 0x2c, 0x20, 0x66, 0x6c, 0x6f,
    0x61, 0x74, 0x20, 0x5f, 0x66, 0x61, 0x6c, 0x73, 0x65, 0x29, 0x20, 0x7b,
    0x20, 0x72, 0x65, 0x74, 0x75, 0x72, 0x6e, 0x20, 0x5f, 0x63, 0x6f, 0x6e,
    0x64, 0x20, 0x3f, 0x20, 0x5f, 0x74, 0x72, 0x75, 0x65, 0x20, 0x3a, 0x20,
    0x5f, 0x66, 0x61, 0x6c, 0x73, 0x65, 0x3b, 0x20, 0x7d, 0x0a, 0x76, 0x65,
    0x63, 0x32, 0x20, 0x73, 0x65, 0x6c, 0x65, 0x63, 0x74, 0x28, 0x62, 0x6f,
    0x6f, 0x6c, 0x20, 0x5f, 0x63, 0x6f, 0x6e, 0x64, 0x2c, 0x20, 0x76, 0x65,
    0x63, 0x32, 0x20, 0x5f, 0x74, 0x72, 0x75, 0x65, 0x2c, 0x20, 0x76, 0x65,
    0x63, 0x32, 0x20, 0x5f, 0x66, 0x61, 0x6c, 0x73, 0x65, 0x29, 0x20, 0x7b,
    0x20, 0x72, 0x65, 0x74, 0x75, 0x72, 0x6e, 0x20, 0x5f, 0x63, 0x6f, 0x6e,
    0x64, 0x20, 0x3f, 0x20, 0x5f, 0x74, 0x72, 0x75, 0x65, 0x20, 0x3a, 0x20,
    0x5f, 0x66, 0x61, 0x6c, 0x73, 0x65, 0x3b, 0x20, 0x7d, 0x0a, 0x76, 0x65,
    0x63, 0x33, 0x20, 0x73, 0x65, 0x6c, 0x65, 0x63, 0x74, 0x28, 0x62, 0x6f,
    0x6f, 0x6c, 0x20, 0x5f, 0x63, 0x6f, 0x6e, 0x64, 0x2c, 0x20, 0x76, 0x65,
    0x63, 0x33, 0x20, 0x5f, 0x74, 0x72, 0x75, 0x65, 0x2c, 0x20, 0x76, 0x65,
    0x63, 0x33, 0x20, 0x5f, 0x66, 0x61, 0x6c, 0x73, 0x65, 0x29, 0x20, 0x7b,
    0x20, 0x72, 0x65, 0x74, 0x75, 0x72, 0x6e, 0x20, 0x5f, 0x63, 0x6f, 0x6e,
    0x64, 0x20, 0x3f, 0x20, 0x5f, 0x74, 0x72, 0x75, 0x65, 0x20, 0x3a, 0x20,
    0x5f, 0x66, 0x61, 0x6c, 0x73, 0x65, 0x3b, 0x20, 0x7d, 0x0a, 0x76, 0x65,
    0x63, 0x34, 0x20, 0x73, 0x65, 0x6c, 0x65, 0x63, 0x74, 0x28, 0x62, 0x6f,
    0x6f, 0x6c, 0x20, 0x5f, 0x63, 0x6f, 0x6e, 0x64, 0x2c, 0x20, 0x76, 0x65,
    0x63, 0x34, 0x20, 0x5f, 0x74, 0x72, 0x75, 0x65, 0x2c, 0x20, 0x76, 0x65,
    0x63, 0x34, 0x20, 0x5f, 0x66, 0x61, 0x6c, 0x73, 0x65, 0x29, 0x20, 0x7b,
    0x20, 0x72, 0x65, 0x74, 0x75, 0x72, 0x6e, 0x20, 0x5f, 0x63, 0x6f, 0x6e,
    0x64, 0x20, 0x3f, 0x20, 0x5f, 0x74, 0x72, 0x75, 0x65, 0x20, 0x3a, 0x20,
    0x5f, 0x66, 0x61, 0x6c, 0x73, 0x65, 0x3b, 0x20, 0x7d, 0x0a, 0x76, 0x65,
    0x63, 0x32, 0x20, 0x73, 0x65, 0x6c, 0x65, 0x63, 0x74, 0x28, 0x62, 0x76,
    0x65, 0x63, 0x32, 0x20, 0x5f, 0x63, 0x6f, 0x6e, 0x64, 0x2c, 0x20, 0x76,
    0x65, 0x63, 0x32, 0x20, 0x5f, 0x74, 0x72, 0x75, 0x65, 0x2c, 0x20, 0x76,
    0x65, 0x63, 0x32, 0x20, 0x5f, 0x66, 0x61, 0x6c, 0x73, 0x65, 0x29, 0x20,
    0x7b, 0x20, 0x72, 0x65, 0x74, 0x75, 0x72, 0x6e, 0x20, 0x28, 0x76, 0x65,
    0x63, 0x32, 0x28, 0x5f, 0x63, 0x6f, 0x6e, 0x64, 0x29, 0x20, 0x2a, 0x20,
    0x5f, 0x74, 0x72, 0x75, 0x65, 0x29, 0x20, 0x2b, 0x20, 0x28, 0x76, 0x65,
    0x63, 0x32, 0x28, 0x6e, 0x6f, 0x74, 0x28, 0x5f, 0x63, 0x6f, 0x6e, 0x64,
    0x29, 0x20, 0x29, 0x20, 0x2a, 0x20, 0x5f, 0x66, 0x61, 0x6c, 0x73, 0x65,
    0x29, 0x3b, 0x20, 0x7d, 0x0a, 0x76, 0x65, 0x63, 0x33, 0x20, 0x73, 0x65,
    0x6c, 0x65, 0x63, 0x74, 0x28, 0x62, 0x76, 0x65, 0x63, 0x33, 0x20, 0x5f,
    0x63, 0x6f, 0x6e, 0x64, 0x2c, 0x20, 0x76, 0x65, 0x63, 0x33, 0x20, 0x5f,
    0x74, 0x72, 0x75, 0x65, 0x2c, 0x20, 0x76, 0x65, 0x63, 0x33, 0x20, 0x5f,
    0x66, 0x61, 0x6c, 0x73, 0x65, 0x29, 0x20, 0x7b, 0x20, 0x72, 0x65, 0x74,
    0x75, 0x72, 0x6e, 0x20, 0x28, 0x76, 0x65, 0x63, 0x33, 0x28, 0x5f, 0x63,
    0x6f, 0x6e, 0x64, 0x29, 0x20, 0x2a, 0x20, 0x5f, 0x74, 0x72, 0x75, 0x65,
    0x29, 0x20, 0x2b, 0x20, 0x28, 0x76, 0x65, 0x63, 0x33, 0x28, 0x6e, 0x6f,
    0x74, 0x28, 0x5f, 0x63, 0x6f, 0x6e, 0x64, 0x29, 0x20, 0x29, 0x20, 0x2a,
    0x20, 0x5f, 0x66, 0x61, 0x6c, 0x73, 0x65, 0x29, 0x3b, 0x20, 0x7d, 0x0a,
    0x76, 0x65, 0x63, 0x34, 0x20, 0x73, 0x65, 0x6c, 0x65, 0x63, 0x74, 0x28,
    0x62, 0x76, 0x65, 0x63, 0x34, 0x20, 0x5f, 0x63, 0x6f, 0x6e, 0x64, 0x2c,
    0x20, 0x76, 0x65, 0x63, 0x34, 0x20, 0x5f, 0x74, 0x72, 0x75, 0x65, 0x2c,
    0x20, 0x76, 0x65, 0x63, 0x34, 0x20, 0x5f, 0x66, 0x61, 0x6c, 0x73, 0x65,
    0x29, 0x20, 0x7b, 0x20, 0x72, 0x65, 0x74, 0x75, 0x72, 0x6e, 0x20, 0x28,
    0x76, 0x65, 0x63, 0x34, 0x28, 0x5f, 0x63, 0x6f, 0x6e, 0x64, 0x29, 0x20,
    0x2a, 0x20, 0x5f, 0x74, 0x72, 0x75, 0x65, 0x29, 0x20, 0x2b, 0x20, 0x28,
    0x76, 0x65, 0x63, 0x34, 0x28, 0x6e, 0x6f, 0x74, 0x28, 0x5f, 0x63, 0x6f,
    0x6e, 0x64, 0x29, 0x20, 0x29, 0x20, 0x2a, 0x20, 0x5f, 0x66, 0x61, 0x6c,
    0x73, 0x65, 0x29, 0x3b, 0x20, 0x7d, 0x0a, 0x69, 0x6e, 0x74, 0x20, 0x73,
    0x65, 0x6c, 0x65, 0x63, 0x74, 0x28, 0x62, 0x6f, 0x6f, 0x6c, 0x20, 0x5f,
    0x63, 0x6f, 0x6e, 0x64, 0x2c, 0x20, 0x69, 0x6e, 0x74, 0x20, 0x5f, 0x74,
    0x72, 0x75, 0x65, 0x2c, 0x20, 0x69, 0x6e, 0x74, 0x20, 0x5f, 0x66, 0x61,
    0x6c, 0x73, 0x65, 0x29, 0x20, 0x7b, 0x20, 0x72, 0x65, 0x74, 0x75, 0x72,
    0x6e, 0x20, 0x5f, 0x63, 0x6f, 0x6e, 0x64, 0x20, 0x3f, 0x20, 0x5f, 0x74,
    0x72, 0x75, 0x65, 0x20, 0x3a, 0x20, 0x5f, 0x66, 0x61, 0x6c, 0x73, 0x65,
    0x3b, 0x20, 0x7d, 0x0a, 0x69, 0x76, 0x65, 0x63, 0x32, 0x20, 0x73, 0x65,
    0x6c, 0x65, 0x63, 0x74, 0x28, 0x62, 0x6f, 0x6f, 0x6c, 0x20, 0x5f, 0x63,
    0x6f, 0x6e, 0x64, 0x2c, 0x20, 0x69, 0x76, 0x65, 0x63, 0x32, 0x20, 0x5f,
    0x74, 0x72, 0x75, 0x65, 0x2c, 0x20, 0x69, 0x76, 0x65, 0x63, 0x32, 0x20,
    0x5f, 0x66, 0x61, 0x6c, 0x73, 0x65, 0x29, 0x20, 0x7b, 0x20, 0x72, 0x65,
    0x74, 0x75, 0x72, 0x6e, 0x20, 0x5f, 0x63, 0x6f, 0x6e, 0x64, 0x20, 0x3f,
    0x20, 0x5f, 0x74, 0x72, 0x75, 0x65, 0x20, 0x3a, 0x20, 0x5f, 0x66, 0x61,
    0x6c, 0x73, 0x65, 0x3b, 0x20, 0x7d, 0x0a, 0x69, 0x76, 0x65, 0x63, 0x33,
    0x20, 0x73, 0x65, 0x6c, 0x65, 0x63, 0x74, 0x28, 0x62, 0x6f, 0x6f, 0x6c,
    0x20, 0x5f, 0x63, 0x6f, 0x6e, 0x64, 0x2c, 0x20, 0x69, 0x76, 0x65, 0x63,
    0x33, 0x20, 0x5f, 0x74, 0x72, 0x75, 0x65, 0x2c, 0x20, 0x69, 0x76, 0x65,
    0x63, 0x33, 0x20, 0x5f, 0x66, 0x61, 0x6c, 0x73, 0x65, 0x29, 0x20, 0x7b,
    0x20, 0x72, 0x65, 0x74, 0x75, 0x72, 0x6e, 0x20, 0x5f, 0x63, 0x6f, 0x6e,
    0x64, 0x20, 0x3f, 0x20, 0x5f, 0x74, 0x72, 0x75, 0x65, 0x20, 0x3a, 0x20,
    0x5f, 0x66, 0x61, 0x6c, 0x73, 0x65, 0x3b, 0x20, 0x7d, 0x0a, 0x69, 0x76,
    0x65, 0x63, 0x34, 0x20, 0x73, 0x65, 0x6c, 0x65, 0x63, 0x74, 0x28, 0x62,
    0x6f, 0x6f, 0x6c, 0x20, 0x5f, 0x63, 0x6f, 0x6e, 0x64, 0x2c, 0x20, 0x69,
    0x76, 0x65, 0x63, 0x34, 0x20, 0x5f, 0x74, 0x72, 0x75, 0x65, 0x2c, 0x20,
    0x69, 0x76, 0x65, 0x63, 0x34, 0x20, 0x5f, 0x66, 0x61, 0x6c, 0x73, 0x65,
    0x29, 0x20, 0x7b, 0x20, 0x72, 0x65, 0x74, 0x75, 0x72, 0x6e, 0x20, 0x5f,
    0x63, 0x6f, 0x6e, 0x64, 0x20, 0x3f, 0x20, 0x5f, 0x74, 0x72, 0x75, 0x65,
    0x20, 0x3a, 0x20, 0x5f, 0x66, 0x61, 0x6c, 0x73, 0x65, 0x3b, 0x20, 0x7d,
    0x0a, 0x69, 0x76, 0x65, 0x63, 0x32, 0x20, 0x73, 0x65, 0x6c, 0x65, 0x63,
    0x74, 0x28, 0x62, 0x76, 0x65, 0x63, 0x32, 0x20, 0x5f, 0x63, 0x6f, 0x6e,
    0x64, 0x2c, 0x20, 0x69, 0x76, 0x65, 0x63, 0x32, 0x20, 0x5f, 0x74, 0x72,
    0x75, 0x65, 0x2c, 0x20, 0x69, 0x76, 0x65, 0x63, 0x32, 0x20, 0x5f, 0x66,
    0x61, 0x6c, 0x73, 0x65, 0x29, 0x20, 0x7b, 0x20, 0x72, 0x65, 0x74, 0x75,
    0x72, 0x6e, 0x20, 0x28, 0x69, 0x76, 0x65, 0x63, 0x32, 0x28, 0x5f, 0x63,
    0x6f, 0x6e, 0x64, 0x29, 0x20, 0x2a, 0x20, 0x5f, 0x74, 0x72, 0x75, 0x65,
    0x29, 0x20, 0x2b, 0x20, 0x28, 0x69, 0x76, 0x65, 0x63, 0x32, 0x28, 0x6e,
    0x6f, 0x74, 0x28, 0x5f, 0x63, 0x6f, 0x6e, 0x64, 0x29, 0x20, 0x29, 0x20,
    0x2a, 0x20, 0x5f, 0x66, 0x61, 0x6c, 0x73, 0x65, 0x29, 0x3b, 0x20, 0x7d,
    0x0a, 0x69, 0x76, 0x65, 0x63, 0x33, 0x20, 0x73, 0x65, 0x6c, 0x65, 0x63,
    0x74, 0x28, 0x62, 0x76, 0x65, 0x63, 0x33, 0x20, 0x5f, 0x63, 0x6f, 0x6e,
    0x64, 0x2c, 0x20, 0x69, 0x76, 0x65, 0x63, 0x33, 0x20, 0x5f, 0x74, 0x72,
    0x75, 0x65, 0x2c, 0x20, 0x69, 0x76, 0x65, 0x63, 0x33, 0x20, 0x5f, 0x66,
    0x61, 0x6c, 0x73, 0x65, 0x29, 0x20, 0x7b, 0x20, 0x72, 0x65, 0x74, 0x75,
    0x72, 0x6e, 0x20, 0x28, 0x69, 0x76, 0x65, 0x63, 0x33, 0x28, 0x5f, 0x63,
    0x6f, 0x6e, 0x64, 0x29, 0x20, 0x2a, 0x20, 0x5f, 0x74, 0x72, 0x75, 0x65,
    0x29, 0x20, 0x2b, 0x20, 0x28, 0x69, 0x76, 0x65, 0x63, 0x33, 0x28, 0x6e,
    0x6f, 0x74, 0x28, 0x5f, 0x63, 0x6f, 0x6e, 0x64, 0x29, 0x20, 0x29, 0x20,
    0x2a, 0x20, 0x5f, 0x66, 0x61, 0x6c, 0x73, 0x65, 0x29, 0x3b, 0x20, 0x7d,
    0x0a, 0x69, 0x76, 0x65, 0x63, 0x34, 0x20, 0x73, 0x65, 0x6c, 0x65, 0x63,
    0x74, 0x28, 0x62, 0x76, 0x65, 0x63, 0x34, 0x20, 0x5f, 0x63, 0x6f, 0x6e,
    0x64, 0x2c, 0x20, 0x69, 0x76, 0x65, 0x63, 0x34, 0x20, 0x5f, 0x74, 0x72,
    0x75, 0x65, 0x2c, 0x20, 0x69, 0x76, 0x65, 0x63, 0x34, 0x20, 0x5f, 0x66,
    0x61, 0x6c, 0x73, 0x65, 0x29, 0x20, 0x7b, 0x20, 0x72, 0x65, 0x74, 0x75,
    0x72, 0x6e, 0x20, 0x28, 0x69, 0x76, 0x65, 0x63, 0x34, 0x28, 0x5f, 0x63,
    0x6f, 0x6e, 0x64, 0x29, 0x20, 0x2a, 0x20, 0x5f, 0x74, 0x72, 0x75, 0x65,
    0x29, 0x20, 0x2b, 0x20, 0x28, 0x69, 0x76, 0x65, 0x63, 0x34, 0x28, 0x6e,
    0x6f, 0x74, 0x28, 0x5f, 0x63, 0x6f, 0x6e, 0x64, 0x29, 0x20, 0x29, 0x20,
    0x2a, 0x20, 0x5f, 0x66, 0x61, 0x6c, 0x73, 0x65, 0x29, 0x3b, 0x20, 0x7d,
    0x0a, 0x75, 0x69, 0x6e, 0x74, 0x20, 0x73, 0x65, 0x6c, 0x65, 0x63, 0x74,
    0x28, 0x62, 0x6f, 0x6f, 0x6c, 0x20, 0x5f, 0x63, 0x6f, 0x6e, 0x64, 0x2c,
    0x20, 0x75, 0x69, 0x6e, 0x74, 0x20, 0x5f, 0x74, 0x72, 0x75, 0x65, 0x2c,
    0x20, 0x75, 0x69, 0x6e, 0x74, 0x20, 0x5f, 0x66, 0x61, 0x6c, 0x73, 0x65,
    0x29, 0x20, 0x7b, 0x20, 0x72, 0x65, 0x74, 0x75, 0x72, 0x6e, 0x20, 0x5f,
    0x63, 0x6f, 0x6e, 0x64, 0x20, 0x3f, 0x20, 0x5f, 0x74, 0x72, 0x75, 0x65,
    0x20, 0x3a, 0x20, 0x5f, 0x66, 0x61, 0x6c, 0x73, 0x65, 0x3b, 0x20, 0x7d,
    0x0a, 0x75, 0x76, 0x65, 0x63, 0x32, 0x20, 0x73, 0x65, 0x6c, 0x65, 0x63,
    0x74, 0x28, 0x62, 0x6f, 0x6f, 0x6c, 0x20, 0x5f, 0x63, 0x6f, 0x6e, 0x64,
    0x2c, 0x20, 0x75, 0x76, 0x65, 0x63, 0x32, 0x20, 0x5f, 0x74, 0x72, 0x75,
    0x65, 0x2c, 0x20, 0x75, 0x76, 0x65, 0x63, 0x32, 0x20, 0x5f, 0x66, 0x61,
    0x6c, 0x73, 0x65, 0x29, 0x20, 0x7b, 0x20, 0x72, 0x65, 0x74, 0x75, 0x72,
    0x6e, 0x20, 0x5f, 0x63, 0x6f, 0x6e, 0x64, 0x20, 0x3f, 0x20, 0x5f, 0x74,
    0x72, 0x75, 0x65, 0x20, 0x3a, 0x20, 0x5f, 0x66, 0x61, 0x6c, 0x73, 0x65,
    0x3b, 0x20, 0x7d, 0x0a, 0x75, 0x76, 0x65, 0x63, 0x33, 0x20, 0x73, 0x65,
    0x6c, 0x65, 0x63, 0x74, 0x28, 0x62, 0x6f, 0x6f, 0x6c, 0x20, 0x5f, 0x63,
    0x6f, 0x6e, 0x64, 0x2c, 0x20, 0x75, 0x76, 0x65, 0x63, 0x33, 0x20, 0x5f,
    0x74, 0x72, 0x75, 0x65, 0x2c, 0x20, 0x75, 0x76, 0x65, 0x63, 0x33, 0x20,
    0x5f, 0x66, 0x61, 0x6c, 0x73, 0x65, 0x29, 0x20, 0x7b, 0x20, 0x72, 0x65,
    0x74, 0x75, 0x72, 0x6e, 0x20, 0x5f, 0x63, 0x6f, 0x6e, 0x64, 0x20, 0x3f,
    0x20, 0x5f, 0x74, 0x72, 0x75, 0x65, 0x20, 0x3a, 0x20, 0x5f, 0x66, 0x61,
    0x6c, 0x73, 0x65, 0x3b, 0x20, 0x7d, 0x0a, 0x75, 0x76, 0x65, 0x63, 0x34,
    0x20, 0x73, 0x65, 0x6c, 0x65, 0x63, 0x74, 0x28, 0x62, 0x6f, 0x6f, 0x6c,
    0x20, 0x5f, 0x63, 0x6f, 0x6e, 0x64, 0x2c, 0x20, 0x75, 0x76, 0x65, 0x63,
    0x34, 0x20, 0x5f, 0x74, 0x72, 0x75, 0x65, 0x2c, 0x20, 0x75, 0x76, 0x65,
    0x63, 0x34, 0x20, 0x5f, 0x66, 0x61, 0x6c, 0x73, 0x65, 0x29, 0x20, 0x7b,
    0x20, 0x72, 0x65, 0x74, 0x75, 0x72, 0x6e, 0x20, 0x5f, 0x63, 0x6f, 0x6e,
    0x64, 0x20, 0x3f, 0x20, 0x5f, 0x74, 0x72, 0x75, 0x65, 0x20, 0x3a, 0x20,
    0x5f, 0x66, 0x61, 0x6c, 0x73, 0x65, 0x3b, 0x20, 0x7d, 0x0a, 0x75, 0x76,
    0x65, 0x63, 0x32, 0x20, 0x73, 0x65, 0x6c, 0x65, 0x63, 0x74, 0x28, 0x62,
    0x76, 0x65, 0x63, 0x32, 0x20, 0x5f, 0x63, 0x6f, 0x6e, 0x64, 0x2c, 0x20,
    0x75, 0x76, 0x65, 0x63, 0x32, 0x20, 0x5f, 0x74, 0x72, 0x75, 0x65, 0x2c,
    0x20, 0x75, 0x76, 0x65, 0x63, 0x32, 0x20, 0x5f, 0x66, 0x61, 0x6c, 0x73,
    0x65, 0x29, 0x20, 0x7b, 0x20, 0x72, 0x65, 0x74, 0x75, 0x72, 0x6e, 0x20,
    0x28, 0x75, 0x76, 0x65, 0x63, 0x32, 0x28, 0x5f, 0x63, 0x6f, 0x6e, 0x64,
    0x29, 0x20, 0x2a, 0x20, 0x5f, 0x74, 0x72, 0x75, 0x65, 0x29, 0x20, 0x2b,
    0x20, 0x28, 0x75, 0x76, 0x65, 0x63, 0x32, 0x28, 0x6e, 0x6f, 0x74, 0x28,
    0x5f, 0x63, 0x6f, 0x6e, 0x64, 0x29, 0x20, 0x29, 0x20, 0x2a, 0x20, 0x5f,
    0x66, 0x61, 0x6c, 0x73, 0x65, 0x29, 0x3b, 0x20, 0x7d, 0x0a, 0x75, 0x76,
    0x65, 0x63, 0x33, 0x20, 0x73, 0x65, 0x6c, 0x65, 0x63, 0x74, 0x28, 0x62,
    0x76, 0x65, 0x63, 0x33, 0x20, 0x5f, 0x63, 0x6f, 0x6e, 0x64, 0x2c, 0x20,
    0x75, 0x76, 0x65, 0x63, 0x33, 0x20, 0x5f, 0x74, 0x72, 0x75, 0x65, 0x2c,
    0x20, 0x75, 0x76, 0x65, 0x63, 0x33, 0x20, 0x5f, 0x66, 0x61, 0x6c, 0x73,
    0x65, 0x29, 0x20, 0x7b, 0x20, 0x72, 0x65, 0x74, 0x75, 0x72, 0x6e, 0x20,
    0x28, 0x75, 0x76, 0x65, 0x63, 0x33, 0x28, 0x5f, 0x63, 0x6f, 0x6e, 0x64,
    0x29, 0x20, 0x2a, 0x20, 0x5f, 0x74, 0x72, 0x75, 0x65, 0x29, 0x20, 0x2b,
    0x20, 0x28, 0x75, 0x76, 0x65, 0x63, 0x33, 0x28, 0x6e, 0x6f, 0x74, 0x28,
    0x5f, 0x63, 0x6f, 0x6e, 0x64, 0x29, 0x20, 0x29, 0x20, 0x2a, 0x20, 0x5f,
    0x66, 0x61, 0x6c, 0x73, 0x65, 0x29, 0x3b, 0x20, 0x7d, 0x0a, 0x75, 0x76,
    0x65, 0x63, 0x34, 0x20, 0x73, 0x65, 0x6c, 0x65, 0x63, 0x74, 0x28, 0x62,
    0x76, 0x65, 0x63, 0x34, 0x20, 0x5f, 0x63, 0x6f, 0x6e, 0x64, 0x2c, 0x20,
    0x75, 0x76, 0x65, 0x63, 0x34, 0x20, 0x5f, 0x74, 0x72, 0x75, 0x65, 0x2c,
    0x20, 0x75, 0x76, 0x65, 0x63, 0x34, 0x20, 0x5f, 0x66, 0x61, 0x6c, 0x73,
    0x65, 0x29, 0x20, 0x7b, 0x20, 0x72, 0x65, 0x74, 0x75, 0x72, 0x6e, 0x20,
    0x28, 0x75, 0x76, 0x65, 0x63, 0x34, 0x28, 0x5f, 0x63, 0x6f, 0x6e, 0x64,
    0x29, 0x20, 0x2a, 0x20, 0x5f, 0x74, 0x72, 0x75, 0x65, 0x29, 0x20, 0x2b,
    0x20, 0x28, 0x75, 0x76, 0x65, 0x63, 0x34, 0x28, 0x6e, 0x6f, 0x74, 0x28,
    0x5f, 0x63, 0x6f, 0x6e, 0x64, 0x29, 0x20, 0x29, 0x20, 0x2a, 0x20, 0x5f,
    0x66, 0x61, 0x6c, 0x73, 0x65, 0x29, 0x3b, 0x20, 0x7d, 0x0a, 0x75, 0x6e,
    0x69, 0x66, 0x6f, 0x72, 0x6d, 0x20, 0x76, 0x65, 0x63, 0x34, 0x20, 0x75,
    0x5f, 0x76, 0x69, 0x65, 0x77, 0x52, 0x65, 0x63, 0x74, 0x3b, 0x0a, 0x75,
    0x6e, 0x69, 0x66, 0x6f, 0x72, 0x6d, 0x20, 0x76, 0x65, 0x63, 0x34, 0x20,
    0x75, 0x5f, 0x76, 0x69, 0x65, 0x77, 0x54, 0x65, 0x78, 0x65, 0x6c, 0x3b,
    0x0a, 0x75, 0x6e, 0x69, 0x66, 0x6f, 0x72, 0x6d, 0x20, 0x6d, 0x61, 0x74,
    0x34, 0x20, 0x75, 0x5f, 0x76, 0x69, 0x65, 0x77, 0x3b, 0x0a, 0x75, 0x6e,
    0x69, 0x66, 0x6f, 0x72, 0x6d, 0x20, 0x6d, 0x61, 0x74, 0x34, 0x20, 0x75,
    0x5f, 0x69, 0x6e, 0x76, 0x56, 0x69, 0x65, 0x77, 0x3b, 0x0a, 0x75, 0x6e,
    0x69, 0x66, 0x6f, 0x72, 0x6d, 0x20, 0x6d, 0x61, 0x74, 0x34, 0x20, 0x75,
    0x5f, 0x70, 0x72, 0x6f, 0x6a, 0x3b, 0x0a, 0x75, 0x6e, 0x69, 0x66, 0x6f,
    0x72, 0x6d, 0x20, 0x6d, 0x61, 0x74, 0x34, 0x20, 0x75, 0x5f, 0x69, 0x6e,
    0x76, 0x50, 0x72, 0x6f, 0x6a, 0x3b, 0x0a, 0x75, 0x6e, 0x69, 0x66, 0x6f,
    0x72, 0x6d, 0x20, 0x6d, 0x61, 0x74, 0x34, 0x20, 0x75, 0x5f, 0x76, 0x69,
    0x65, 0x77, 0x50, 0x72, 0x6f, 0x6a, 0x3b, 0x0a, 0x75, 0x6e, 0x69, 0x66,
    0x6f, 0x72, 0x6d, 0x20, 0x6d, 0x61, 0x74, 0x34, 0x20, 0x75, 0x5f, 0x69,
    0x6e, 0x76, 0x56, 0x69, 0x65, 0x77, 0x50, 0x72, 0x6f, 0x6a, 0x3b, 0x0a,
    0x75, 0x6e, 0x69, 0x66, 0x6f, 0x72, 0x6d, 0x20, 0x6d, 0x61, 0x74, 0x34,
    0x20, 0x75, 0x5f, 0x6d, 0x6f, 0x64, 0x65, 0x6c, 0x56, 0x69, 0x65, 0x77,
    0x3b, 0x0a, 0x75, 0x6e, 0x69, 0x66, 0x6f, 0x72, 0x6d, 0x20, 0x6d, 0x61,
    0x74, 0x34, 0x20, 0x75, 0x5f, 0x69, 0x6e, 0x76, 0x4d, 0x6f, 0x64, 0x65,
    0x6c, 0x56, 0x69, 0x65, 0x77, 0x3b, 0x0a, 0x75, 0x6e, 0x69, 0x66, 0x6f,
    0x72, 0x6d, 0x20, 0x6d, 0x61, 0x74, 0x34, 0x20, 0x75, 0x5f, 0x6d, 0x6f,
    0x64, 0x65, 0x6c, 0x56, 0x69, 0x65, 0x77, 0x50, 0x72, 0x6f, 0x6a, 0x3b,
    0x0a, 0x75, 0x6e, 0x69, 0x66, 0x6f, 0x72, 0x6d, 0x20, 0x76, 0x65, 0x63,
    0x34, 0x20, 0x75, 0x5f, 0x61, 0x6c, 0x70, 0x68, 0x61, 0x52, 0x65, 0x66,
    0x34, 0x3b, 0x0a, 0x75, 0x6e, 0x69, 0x66, 0x6f, 0x72, 0x6d, 0x20, 0x6d,
    0x61, 0x74, 0x34, 0x20, 0x75, 0x5f, 0x6d, 0x6f, 0x64, 0x65, 0x6c, 0x5b,
    0x31, 0x5d, 0x3b, 0x0a, 0x75, 0x6e, 0x69, 0x66, 0x6f, 0x72, 0x6d, 0x20,
    0x73, 0x61, 0x6d, 0x70, 0x6c, 0x65, 0x72, 0x32, 0x44, 0x20, 0x73, 0x5f,
    0x74, 0x65, 0x78, 0x74, 0x75, 0x72, 0x65, 0x3b, 0x0a, 0x75, 0x6e, 0x69,
    0x66, 0x6f, 0x72, 0x6d, 0x20, 0x76, 0x65, 0x63, 0x34, 0x20, 0x56, 0x46,
    0x58, 0x50, 0x61, 0x72, 0x61, 0x6d, 0x73, 0x5b, 0x33, 0x5d, 0x3b, 0x0a,
    0x6f, 0x75, 0x74, 0x20, 0x76, 0x65, 0x63, 0x34, 0x20, 0x62, 0x67, 0x66,
    0x78, 0x5f, 0x46, 0x72, 0x61, 0x67, 0x43, 0x6f, 0x6c, 0x6f, 0x72, 0x3b,
    0x0a, 0x76, 0x6f, 0x69, 0x64, 0x20, 0x6d, 0x61, 0x69, 0x6e, 0x28, 0x29,
    0x0a, 0x7b, 0x0a, 0x76, 0x65, 0x63, 0x32, 0x20, 0x75, 0x76, 0x20, 0x3d,
    0x20, 0x76, 0x5f, 0x74, 0x65, 0x78, 0x63, 0x6f, 0x6f, 0x72, 0x64, 0x30,
    0x3b, 0x0a, 0x76, 0x65, 0x63, 0x34, 0x20, 0x63, 0x20, 0x3d, 0x20, 0x76,
    0x65, 0x63, 0x34, 0x28, 0x30, 0x2e, 0x30, 0x29, 0x3b, 0x0a, 0x69, 0x66,
    0x20, 0x28, 0x69, 0x6e, 0x74, 0x28, 0x56, 0x46, 0x58, 0x50, 0x61, 0x72,
    0x61, 0x6d, 0x73, 0x5b, 0x32, 0x5d, 0x2e, 0x78, 0x29, 0x20, 0x3d, 0x3d,
    0x20, 0x31, 0x29, 0x20, 0x7b, 0x0a, 0x63, 0x20, 0x3d, 0x20, 0x6d, 0x69,
    0x78, 0x28, 0x74, 0x65, 0x78, 0x74, 0x75, 0x72, 0x65, 0x28, 0x73, 0x5f,
    0x74, 0x65, 0x78, 0x74, 0x75, 0x72, 0x65, 0x2c, 0x20, 0x75, 0x76, 0x29,
    0x2c, 0x20, 0x56, 0x46, 0x58, 0x50, 0x61, 0x72, 0x61, 0x6d, 0x73, 0x5b,
    0x30, 0x5d, 0x2c, 0x20, 0x56, 0x46, 0x58, 0x50, 0x61, 0x72, 0x61, 0x6d,
    0x73, 0x5b, 0x30, 0x5d, 0x2e, 0x61, 0x29, 0x3b, 0x0a, 0x7d, 0x20, 0x65,
    0x6c, 0x73, 0x65, 0x20, 0x69, 0x66, 0x20, 0x28, 0x69, 0x6e, 0x74, 0x28,
    0x56, 0x46, 0x58, 0x50, 0x61, 0x72, 0x61, 0x6d, 0x73, 0x5b, 0x32, 0x5d,
    0x2e, 0x78, 0x29, 0x20, 0x3d, 0x3d, 0x20, 0x32, 0x29, 0x20, 0x7b, 0x0a,
    0x76, 0x65, 0x63, 0x32, 0x20, 0x73, 0x74, 0x65, 0x70, 0x53, 0x69, 0x7a,
    0x65, 0x20, 0x3d, 0x20, 0x56, 0x46, 0x58, 0x50, 0x61, 0x72, 0x61, 0x6d,
    0x73, 0x5b, 0x31, 0x5d, 0x2e, 0x78, 0x79, 0x20, 0x2a, 0x20, 0x30, 0x2e,
    0x33, 0x33, 0x33, 0x33, 0x3b, 0x0a, 0x66, 0x6f, 0x72, 0x20, 0x28, 0x69,
    0x6e, 0x74, 0x20, 0x79, 0x20, 0x3d, 0x20, 0x2d, 0x31, 0x3b, 0x20, 0x79,
    0x20, 0x3c, 0x3d, 0x20, 0x31, 0x3b, 0x20, 0x79, 0x2b, 0x2b, 0x29, 0x20,
    0x7b, 0x0a, 0x66, 0x6f, 0x72, 0x20, 0x28, 0x69, 0x6e, 0x74, 0x20, 0x78,
    0x20, 0x3d, 0x20, 0x2d, 0x31, 0x3b, 0x20, 0x78, 0x20, 0x3c, 0x3d, 0x20,
    0x31, 0x3b, 0x20, 0x78, 0x2b, 0x2b, 0x29, 0x20, 0x7b, 0x0a, 0x63, 0x20,
    0x2b, 0x3d, 0x20, 0x74, 0x65, 0x78, 0x74, 0x75, 0x72, 0x65, 0x28, 0x73,
    0x5f, 0x74, 0x65, 0x78, 0x74, 0x75, 0x72, 0x65, 0x2c, 0x20, 0x75, 0x76,
    0x20, 0x2b, 0x20, 0x76, 0x65, 0x63, 0x32, 0x28, 0x66, 0x6c, 0x6f, 0x61,
    0x74, 0x28, 0x78, 0x29, 0x2c, 0x20, 0x66, 0x6c, 0x6f, 0x61, 0x74, 0x28,
    0x79, 0x29, 0x29, 0x20, 0x2a, 0x20, 0x73, 0x74, 0x65, 0x70, 0x53, 0x69,
    0x7a, 0x65, 0x29, 0x3b, 0x0a, 0x7d, 0x0a, 0x7d, 0x0a, 0x63, 0x20, 0x2f,
    0x3d, 0x20, 0x39, 0x2e, 0x30, 0x3b, 0x0a, 0x7d, 0x20, 0x65, 0x6c, 0x73,
    0x65, 0x20, 0x69, 0x66, 0x20, 0x28, 0x69, 0x6e, 0x74, 0x28, 0x56, 0x46,
    0x58, 0x50, 0x61, 0x72, 0x61, 0x6d, 0x73, 0x5b, 0x32, 0x5d, 0x2e, 0x78,
    0x29, 0x20, 0x3d, 0x3d, 0x20, 0x33, 0x29, 0x20, 0x7b, 0x0a, 0x63, 0x20,
    0x3d, 0x20, 0x74, 0x65, 0x78, 0x74, 0x75, 0x72, 0x65, 0x28, 0x73, 0x5f,
    0x74, 0x65, 0x78, 0x74, 0x75, 0x72, 0x65, 0x2c, 0x20, 0x75, 0x76, 0x20,
    0x2b, 0x20, 0x76, 0x65, 0x63, 0x32, 0x28, 0x56, 0x46, 0x58, 0x50, 0x61,
    0x72, 0x61, 0x6d, 0x73, 0x5b, 0x31, 0x5d, 0x2e, 0x7a, 0x2c, 0x20, 0x56,
    0x46, 0x58, 0x50, 0x61, 0x72, 0x61, 0x6d, 0x73, 0x5b, 0x31, 0x5d, 0x2e,
    0x77, 0x29, 0x29, 0x3b, 0x0a, 0x7d, 0x20, 0x65, 0x6c, 0x73, 0x65, 0x20,
    0x7b, 0x0a, 0x63, 0x20, 0x3d, 0x20, 0x74, 0x65, 0x78, 0x74, 0x75, 0x72,
    0x65, 0x28, 0x73, 0x5f, 0x74, 0x65, 0x78, 0x74, 0x75, 0x72, 0x65, 0x2c,
    0x20, 0x75, 0x76, 0x29, 0x3b, 0x0a, 0x7d, 0x0a, 0x62, 0x67, 0x66, 0x78,
    0x5f, 0x46, 0x72, 0x61, 0x67, 0x43, 0x6f, 0x6c, 0x6f, 0x72, 0x20, 0x3d,
    0x20, 0x63, 0x3b, 0x0a, 0x7d, 0x0a, 0x00,
};
const size_t kEmbeddedGL_fs_vfx_size = sizeof(kEmbeddedGL_fs_vfx);

const uint8_t kEmbeddedGL_fs_postfx_vignette[] = {
    0x46, 0x53, 0x48, 0x0b, 0x6f, 0x1e, 0x3e, 0x3c, 0x00, 0x00, 0x00, 0x00,
    0x00, 0x00, 0x4d, 0x14, 0x00, 0x00, 0x23, 0x76, 0x65, 0x72, 0x73, 0x69,
    0x6f, 0x6e, 0x20, 0x34, 0x33, 0x30, 0x0a, 0x23, 0x64, 0x65, 0x66, 0x69,
    0x6e, 0x65, 0x20, 0x74, 0x65, 0x78, 0x74, 0x75, 0x72, 0x65, 0x32, 0x44,
    0x20, 0x20, 0x20, 0x20, 0x20, 0x20, 0x20, 0x20, 0x20, 0x20, 0x74, 0x65,
    0x78, 0x74, 0x75, 0x72, 0x65, 0x0a, 0x23, 0x64, 0x65, 0x66, 0x69, 0x6e,
    0x65, 0x20, 0x74, 0x65, 0x78, 0x74, 0x75, 0x72, 0x65, 0x32, 0x44, 0x4c,
    0x6f, 0x64, 0x20, 0x20, 0x20, 0x20, 0x20, 0x20, 0x20, 0x74, 0x65, 0x78,
    0x74, 0x75, 0x72, 0x65, 0x4c, 0x6f, 0x64, 0x0a, 0x23, 0x64, 0x65, 0x66,
    0x69, 0x6e, 0x65, 0x20, 0x74, 0x65, 0x78, 0x74, 0x75, 0x72, 0x65, 0x32,
    0x44, 0x47, 0x72, 0x61, 0x64, 0x20, 0x20, 0x20, 0x20, 0x20, 0x20, 0x74,
    0x65, 0x78, 0x74, 0x75, 0x72, 0x65, 0x47, 0x72, 0x61, 0x64, 0x0a, 0x23,
    0x64, 0x65, 0x66, 0x69, 0x6e, 0x65, 0x20, 0x74, 0x65, 0x78, 0x74, 0x75,
    0x72, 0x65, 0x32, 0x44, 0x50, 0x72, 0x6f, 0x6a, 0x4c, 0x6f, 0x64, 0x20,
    0x20, 0x20, 0x74, 0x65, 0x78, 0x74, 0x75, 0x72, 0x65, 0x50, 0x72, 0x6f,
    0x6a, 0x4c, 0x6f, 0x64, 0x0a, 0x23, 0x64, 0x65, 0x66, 0x69, 0x6e, 0x65,
    0x20, 0x74, 0x65, 0x78, 0x74, 0x75, 0x72, 0x65, 0x32, 0x44, 0x50, 0x72,
    0x6f, 0x6a, 0x47, 0x72, 0x61, 0x64, 0x20, 0x20, 0x74, 0x65, 0x78, 0x74,
    0x75, 0x72, 0x65, 0x50, 0x72, 0x6f, 0x6a, 0x47, 0x72, 0x61, 0x64, 0x0a,
    0x23, 0x64, 0x65, 0x66, 0x69, 0x6e, 0x65, 0x20, 0x74, 0x65, 0x78, 0x74,
    0x75, 0x72, 0x65, 0x43, 0x75, 0x62, 0x65, 0x4c, 0x6f, 0x64, 0x20, 0x20,
    0x20, 0x20, 0x20, 0x74, 0x65, 0x78, 0x74, 0x75, 0x72, 0x65, 0x4c, 0x6f,
    0x64, 0x0a, 0x23, 0x64, 0x65, 0x66, 0x69, 0x6e, 0x65, 0x20, 0x74, 0x65,
    0x78, 0x74, 0x75, 0x72, 0x65, 0x43, 0x75, 0x62, 0x65, 0x47, 0x72, 0x61,
    0x64, 0x20, 0x20, 0x20, 0x20, 0x74, 0x65, 0x78, 0x74, 0x75, 0x72, 0x65,
    0x47, 0x72, 0x61, 0x64, 0x0a, 0x23, 0x64, 0x65, 0x66, 0x69, 0x6e, 0x65,
    0x20, 0x74, 0x65, 0x78, 0x74, 0x75, 0x72, 0x65, 0x33, 0x44, 0x20, 0x20,
    0x20, 0x20, 0x20, 0x20, 0x20, 0x20, 0x20, 0x20, 0x74, 0x65, 0x78, 0x74,
    0x75, 0x72, 0x65, 0x0a, 0x23, 0x64, 0x65, 0x66, 0x69, 0x6e, 0x65, 0x20,
    0x74, 0x65, 0x78, 0x74, 0x75, 0x72, 0x65, 0x32, 0x44, 0x4c, 0x6f, 0x64,
    0x4f, 0x66, 0x66, 0x73, 0x65, 0x74, 0x20, 0x74, 0x65, 0x78, 0x74, 0x75,
    0x72, 0x65, 0x4c, 0x6f, 0x64, 0x4f, 0x66, 0x66, 0x73, 0x65, 0x74, 0x0a,
    0x23, 0x64, 0x65, 0x66, 0x69, 0x6e, 0x65, 0x20, 0x61, 0x74, 0x74, 0x72,
    0x69, 0x62, 0x75, 0x74, 0x65, 0x20, 0x69, 0x6e, 0x0a, 0x23, 0x64, 0x65,
    0x66, 0x69, 0x6e, 0x65, 0x20, 0x76, 0x61, 0x72, 0x79, 0x69, 0x6e, 0x67,
    0x20, 0x69, 0x6e, 0x0a, 0x23, 0x64, 0x65, 0x66, 0x69, 0x6e, 0x65, 0x20,
    0x62, 0x67, 0x66, 0x78, 0x53, 0x68, 0x61, 0x64, 0x6f, 0x77, 0x32, 0x44,
    0x28, 0x5f, 0x73, 0x61, 0x6d, 0x70, 0x6c, 0x65, 0x72, 0x2c, 0x20, 0x5f,
    0x63, 0x6f, 0x6f, 0x72, 0x64, 0x29, 0x20, 0x20, 0x20, 0x20, 0x20, 0x76,
    0x65, 0x63, 0x34, 0x5f, 0x73, 0x70, 0x6c, 0x61, 0x74, 0x28, 0x74, 0x65,
    0x78, 0x74, 0x75, 0x72, 0x65, 0x28, 0x5f, 0x73, 0x61, 0x6d, 0x70, 0x6c,
    0x65, 0x72, 0x2c, 0x20, 0x5f, 0x63, 0x6f, 0x6f, 0x72, 0x64, 0x29, 0x20,
    0x29, 0x0a, 0x23, 0x64, 0x65, 0x66, 0x69, 0x6e, 0x65, 0x20, 0x62, 0x67,
    0x66, 0x78, 0x53, 0x68, 0x61, 0x64, 0x6f, 0x77, 0x32, 0x44, 0x50, 0x72,
    0x6f, 0x6a, 0x28, 0x5f, 0x73, 0x61, 0x6d, 0x70, 0x6c, 0x65, 0x72, 0x2c,
    0x20, 0x5f, 0x63, 0x6f, 0x6f, 0x72, 0x64, 0x29, 0x20, 0x76, 0x65, 0x63,
    0x34, 0x5f, 0x73, 0x70, 0x6c, 0x61, 0x74, 0x28, 0x74, 0x65, 0x78, 0x74,
    0x75, 0x72, 0x65, 0x50, 0x72, 0x6f, 0x6a, 0x28, 0x5f, 0x73, 0x61, 0x6d,
    0x70, 0x6c, 0x65, 0x72, 0x2c, 0x20, 0x5f, 0x63, 0x6f, 0x6f, 0x72, 0x64,
    0x29, 0x20, 0x29, 0x0a, 0x76, 0x61, 0x72, 0x79, 0x69, 0x6e, 0x67, 0x20,
    0x76, 0x65, 0x63, 0x32, 0x20, 0x76, 0x5f, 0x74, 0x65, 0x78, 0x63, 0x6f,
    0x6f, 0x72, 0x64, 0x30, 0x3b, 0x0a, 0x66, 0x6c, 0x6f, 0x61, 0x74, 0x20,
    0x72, 0x63, 0x70, 0x28, 0x66, 0x6c, 0x6f, 0x61, 0x74, 0x20, 0x5f, 0x61,
    0x29, 0x20, 0x7b, 0x20, 0x72, 0x65, 0x74, 0x75, 0x72, 0x6e, 0x20, 0x31,
    0x2e, 0x30, 0x2f, 0x5f, 0x61, 0x3b, 0x20, 0x7d, 0x0a, 0x76, 0x65, 0x63,
    0x32, 0x20, 0x72, 0x63, 0x70, 0x28, 0x76, 0x65, 0x63, 0x32, 0x20, 0x5f,
    0x61, 0x29, 0x20, 0x7b, 0x20, 0x72, 0x65, 0x74, 0x75, 0x72, 0x6e, 0x20,
    0x76, 0x65, 0x63, 0x32, 0x28, 0x31, 0x2e, 0x30, 0x29, 0x2f, 0x5f, 0x61,
    0x3b, 0x20, 0x7d, 0x0a, 0x76, 0x65, 0x63, 0x33, 0x20, 0x72, 0x63, 0x70,
    0x28, 0x76, 0x65, 0x63, 0x33, 0x20, 0x5f, 0x61, 0x29, 0x20, 0x7b, 0x20,
    0x72, 0x65, 0x74, 0x75, 0x72, 0x6e, 0x20, 0x76, 0x65, 0x63, 0x33, 0x28,
    0x31, 0x2e, 0x30, 0x29, 0x2f, 0x5f, 0x61, 0x3b, 0x20, 0x7d, 0x0a, 0x76,
    0x65, 0x63, 0x34, 0x20, 0x72, 0x63, 0x70, 0x28, 0x76, 0x65, 0x63, 0x34,
    0x20, 0x5f, 0x61, 0x29, 0x20, 0x7b, 0x20, 0x72, 0x65, 0x74, 0x75, 0x72,
    0x6e, 0x20, 0x76, 0x65, 0x63, 0x34, 0x28, 0x31, 0x2e, 0x30, 0x29, 0x2f,
    0x5f, 0x61, 0x3b, 0x20, 0x7d, 0x0a, 0x76, 0x65, 0x63, 0x32, 0x20, 0x76,
    0x65, 0x63, 0x32, 0x5f, 0x73, 0x70, 0x6c, 0x61, 0x74, 0x28, 0x66, 0x6c,
    0x6f, 0x61, 0x74, 0x20, 0x5f, 0x78, 0x29, 0x20, 0x7b, 0x20, 0x72, 0x65,
    0x74, 0x75, 0x72, 0x6e, 0x20, 0x76, 0x65, 0x63, 0x32, 0x28, 0x5f, 0x78,
    0x2c, 0x20, 0x5f, 0x78, 0x29, 0x3b, 0x20, 0x7d, 0x0a, 0x76, 0x65, 0x63,
    0x33, 0x20, 0x76, 0x65, 0x63, 0x33, 0x5f, 0x73, 0x70, 0x6c, 0x61, 0x74,
    0x28, 0x66, 0x6c, 0x6f, 0x61, 0x74, 0x20, 0x5f, 0x78, 0x29, 0x20, 0x7b,
    0x20, 0x72, 0x65, 0x74, 0x75, 0x72, 0x6e, 0x20, 0x76, 0x65, 0x63, 0x33,
    0x28, 0x5f, 0x78, 0x2c, 0x20, 0x5f, 0x78, 0x2c, 0x20, 0x5f, 0x78, 0x29,
    0x3b, 0x20, 0x7d, 0x0a, 0x76, 0x65, 0x63, 0x34, 0x20, 0x76, 0x65, 0x63,
    0x34, 0x5f, 0x73, 0x70, 0x6c, 0x61, 0x74, 0x28, 0x66, 0x6c, 0x6f, 0x61,
    0x74, 0x20, 0x5f, 0x78, 0x29, 0x20, 0x7b, 0x20, 0x72, 0x65, 0x74, 0x75,
    0x72, 0x6e, 0x20, 0x76, 0x65, 0x63, 0x34, 0x28, 0x5f, 0x78, 0x2c, 0x20,
    0x5f, 0x78, 0x2c, 0x20, 0x5f, 0x78, 0x2c, 0x20, 0x5f, 0x78, 0x29, 0x3b,
    0x20, 0x7d, 0x0a, 0x75, 0x76, 0x65, 0x63, 0x32, 0x20, 0x75, 0x76, 0x65,
    0x63, 0x32, 0x5f, 0x73, 0x70, 0x6c, 0x61, 0x74, 0x28, 0x75, 0x69, 0x6e,
    0x74, 0x20, 0x5f, 0x78, 0x29, 0x20, 0x7b, 0x20, 0x72, 0x65, 0x74, 0x75,
    0x72, 0x6e, 0x20, 0x75, 0x76, 0x65, 0x63, 0x32, 0x28, 0x5f, 0x78, 0x2c,
    0x20, 0x5f, 0x78, 0x29, 0x3b, 0x20, 0x7d, 0x0a, 0x75, 0x76, 0x65, 0x63,
    0x33, 0x20, 0x75, 0x76, 0x65, 0x63, 0x33, 0x5f, 0x73, 0x70, 0x6c, 0x61,
    0x74, 0x28, 0x75, 0x69, 0x6e, 0x74, 0x20, 0x5f, 0x78, 0x29, 0x20, 0x7b,
    0x20, 0x72, 0x65, 0x74, 0x75, 0x72, 0x6e, 0x20, 0x75, 0x76, 0x65, 0x63,
    0x33, 0x28, 0x5f, 0x78, 0x2c, 0x20, 0x5f, 0x78, 0x2c, 0x20, 0x5f, 0x78,
    0x29, 0x3b, 0x20, 0x7d, 0x0a, 0x75, 0x76, 0x65, 0x63, 0x34, 0x20, 0x75,
    0x76, 0x65, 0x63, 0x34, 0x5f, 0x73, 0x70, 0x6c, 0x61, 0x74, 0x28, 0x75,
    0x69, 0x6e, 0x74, 0x20, 0x5f, 0x78, 0x29, 0x20, 0x7b, 0x20, 0x72, 0x65,
    0x74, 0x75, 0x72, 0x6e, 0x20, 0x75, 0x76, 0x65, 0x63, 0x34, 0x28, 0x5f,
    0x78, 0x2c, 0x20, 0x5f, 0x78, 0x2c, 0x20, 0x5f, 0x78, 0x2c, 0x20, 0x5f,
    0x78, 0x29, 0x3b, 0x20, 0x7d, 0x0a, 0x6d, 0x61, 0x74, 0x34, 0x20, 0x6d,
    0x74, 0x78, 0x46, 0x72, 0x6f, 0x6d, 0x52, 0x6f, 0x77, 0x73, 0x28, 0x76,
    0x65, 0x63, 0x34, 0x20, 0x5f, 0x30, 0x2c, 0x20, 0x76, 0x65, 0x63, 0x34,
    0x20, 0x5f, 0x31, 0x2c, 0x20, 0x76, 0x65, 0x63, 0x34, 0x20, 0x5f, 0x32,
    0x2c, 0x20, 0x76, 0x65, 0x63, 0x34, 0x20, 0x5f, 0x33, 0x29, 0x0a, 0x7b,
    0x0a, 0x72, 0x65, 0x74, 0x75, 0x72, 0x6e, 0x20, 0x74, 0x72, 0x61, 0x6e,
    0x73, 0x70, 0x6f, 0x73, 0x65, 0x28, 0x6d, 0x61, 0x74, 0x34, 0x28, 0x5f,
    0x30, 0x2c, 0x20, 0x5f, 0x31, 0x2c, 0x20, 0x5f, 0x32, 0x2c, 0x20, 0x5f,
    0x33, 0x29, 0x20, 0x29, 0x3b, 0x0a, 0x7d, 0x0a, 0x6d, 0x61, 0x74, 0x34,
    0x20, 0x6d, 0x74, 0x78, 0x46, 0x72, 0x6f, 0x6d, 0x43, 0x6f, 0x6c, 0x73,
    0x28, 0x76, 0x65, 0x63, 0x34, 0x20, 0x5f, 0x30, 0x2c, 0x20, 0x76, 0x65,
    0x63, 0x34, 0x20, 0x5f, 0x31, 0x2c, 0x20, 0x76, 0x65, 0x63, 0x34, 0x20,
    0x5f, 0x32, 0x2c, 0x20, 0x76, 0x65, 0x63, 0x34, 0x20, 0x5f, 0x33, 0x29,
    0x0a, 0x7b, 0x0a, 0x72, 0x65, 0x74, 0x75, 0x72, 0x6e, 0x20, 0x6d, 0x61,
    0x74, 0x34, 0x28, 0x5f, 0x30, 0x2c, 0x20, 0x5f, 0x31, 0x2c, 0x20, 0x5f,
    0x32, 0x2c, 0x20, 0x5f, 0x33, 0x29, 0x3b, 0x0a, 0x7d, 0x0a, 0x6d, 0x61,
    0x74, 0x33, 0x20, 0x6d, 0x74, 0x78, 0x46, 0x72, 0x6f, 0x6d, 0x52, 0x6f,
    0x77, 0x73, 0x28, 0x76, 0x65, 0x63, 0x33, 0x20, 0x5f, 0x30, 0x2c, 0x20,
    0x76, 0x65, 0x63, 0x33, 0x20, 0x5f, 0x31, 0x2c, 0x20, 0x76, 0x65, 0x63,
    0x33, 0x20, 0x5f, 0x32, 0x29, 0x0a, 0x7b, 0x0a, 0x72, 0x65, 0x74, 0x75,
    0x72, 0x6e, 0x20, 0x74, 0x72, 0x61, 0x6e, 0x73, 0x70, 0x6f, 0x73, 0x65,
    0x28, 0x6d, 0x61, 0x74, 0x33, 0x28, 0x5f, 0x30, 0x2c, 0x20, 0x5f, 0x31,
    0x2c, 0x20, 0x5f, 0x32, 0x29, 0x20, 0x29, 0x3b, 0x0a, 0x7d, 0x0a, 0x6d,
    0x61, 0x74, 0x33, 0x20, 0x6d, 0x74, 0x78, 0x46, 0x72, 0x6f, 0x6d, 0x43,
    0x6f, 0x6c, 0x73, 0x28, 0x76, 0x65, 0x63, 0x33, 0x20, 0x5f, 0x30, 0x2c,
    0x20, 0x76, 0x65, 0x63, 0x33, 0x20, 0x5f, 0x31, 0x2c, 0x20, 0x76, 0x65,
    0x63, 0x33, 0x20, 0x5f, 0x32, 0x29, 0x0a, 0x7b, 0x0a, 0x72, 0x65, 0x74,
    0x75, 0x72, 0x6e, 0x20, 0x6d, 0x61, 0x74, 0x33, 0x28, 0x5f, 0x30, 0x2c,
    0x20, 0x5f, 0x31, 0x2c, 0x20, 0x5f, 0x32, 0x29, 0x3b, 0x0a, 0x7d, 0x0a,
    0x6d, 0x61, 0x74, 0x34, 0x78, 0x33, 0x20, 0x6d, 0x74, 0x78, 0x46, 0x72,
    0x6f, 0x6d, 0x52, 0x6f, 0x77, 0x73, 0x28, 0x76, 0x65, 0x63, 0x34, 0x20,
    0x5f, 0x30, 0x2c, 0x20, 0x76, 0x65, 0x63, 0x34, 0x20, 0x5f, 0x31, 0x2c,
    0x20, 0x76, 0x65, 0x63, 0x34, 0x20, 0x5f, 0x32, 0x29, 0x0a, 0x7b, 0x0a,
    0x72, 0x65, 0x74, 0x75, 0x72, 0x6e, 0x20, 0x74, 0x72, 0x61, 0x6e, 0x73,
    0x70, 0x6f, 0x73, 0x65, 0x28, 0x6d, 0x61, 0x74, 0x33, 0x78, 0x34, 0x28,
    0x5f, 0x30, 0x2c, 0x20, 0x5f, 0x31, 0x2c, 0x20, 0x5f, 0x32, 0x29, 0x20,
    0x29, 0x3b, 0x0a, 0x7d, 0x0a, 0x76, 0x65, 0x63, 0x33, 0x20, 0x6d, 0x74,
    0x78, 0x47, 0x65, 0x74, 0x52, 0x6f, 0x77, 0x28, 0x6d, 0x61, 0x74, 0x33,
    0x20, 0x5f, 0x6d, 0x74, 0x78, 0x2c, 0x20, 0x69, 0x6e, 0x74, 0x20, 0x5f,
    0x72, 0x6f, 0x77, 0x29, 0x0a, 0x7b, 0x0a, 0x72, 0x65, 0x74, 0x75, 0x72,
    0x6e, 0x20, 0x76, 0x65, 0x63, 0x33, 0x28, 0x5f, 0x6d, 0x74, 0x78, 0x5b,
    0x30, 0x5d, 0x5b, 0x5f, 0x72, 0x6f, 0x77, 0x5d, 0x2c, 0x20, 0x5f, 0x6d,
    0x74, 0x78, 0x5b, 0x31, 0x5d, 0x5b, 0x5f, 0x72, 0x6f, 0x77, 0x5d, 0x2c,
    0x20, 0x5f, 0x6d, 0x74, 0x78, 0x5b, 0x32, 0x5d, 0x5b, 0x5f, 0x72, 0x6f,
    0x77, 0x5d, 0x29, 0x3b, 0x0a, 0x7d, 0x0a, 0x76, 0x65, 0x63, 0x33, 0x20,
    0x6d, 0x74, 0x78, 0x47, 0x65, 0x74, 0x43, 0x6f, 0x6c, 0x75, 0x6d, 0x6e,
    0x28, 0x6d, 0x61, 0x74, 0x33, 0x20, 0x5f, 0x6d, 0x74, 0x78, 0x2c, 0x20,
    0x69, 0x6e, 0x74, 0x20, 0x5f, 0x63, 0x6f, 0x6c, 0x75, 0x6d, 0x6e, 0x29,
    0x0a, 0x7b, 0x0a, 0x72, 0x65, 0x74, 0x75, 0x72, 0x6e, 0x20, 0x76, 0x65,
    0x63, 0x33, 0x28, 0x5f, 0x6d, 0x74, 0x78, 0x5b, 0x5f, 0x63, 0x6f, 0x6c,
    0x75, 0x6d, 0x6e, 0x5d, 0x29, 0x3b, 0x0a, 0x7d, 0x0a, 0x76, 0x65, 0x63,
    0x34, 0x20, 0x6d, 0x74, 0x78, 0x47, 0x65, 0x74, 0x52, 0x6f, 0x77, 0x28,
    0x6d, 0x61, 0x74, 0x34, 0x78, 0x33, 0x20, 0x5f, 0x6d, 0x74, 0x78, 0x2c,
    0x20, 0x69, 0x6e, 0x74, 0x20, 0x5f, 0x72, 0x6f, 0x77, 0x29, 0x0a, 0x7b,
    0x0a, 0x72, 0x65, 0x74, 0x75, 0x72, 0x6e, 0x20, 0x76, 0x65, 0x63, 0x34,
    0x28, 0x5f, 0x6d, 0x74, 0x78, 0x5b, 0x30, 0x5d, 0x5b, 0x5f, 0x72, 0x6f,
    0x77, 0x5d, 0x2c, 0x20, 0x5f, 0x6d, 0x74, 0x78, 0x5b, 0x31, 0x5d, 0x5b,
    0x5f, 0x72, 0x6f, 0x77, 0x5d, 0x2c, 0x20, 0x5f, 0x6d, 0x74, 0x78, 0x5b,
    0x32, 0x5d, 0x5b, 0x5f, 0x72, 0x6f, 0x77, 0x5d, 0x2c, 0x20, 0x5f, 0x6d,
    0x74, 0x78, 0x5b, 0x33, 0x5d, 0x5b, 0x5f, 0x72, 0x6f, 0x77, 0x5d, 0x29,
    0x3b, 0x0a, 0x7d, 0x0a, 0x76, 0x65, 0x63, 0x33, 0x20, 0x6d, 0x74, 0x78,
    0x47, 0x65, 0x74, 0x43, 0x6f, 0x6c, 0x75, 0x6d, 0x6e, 0x28, 0x6d, 0x61,
    0x74, 0x34, 0x78, 0x33, 0x20, 0x5f, 0x6d, 0x74, 0x78, 0x2c, 0x20, 0x69,
    0x6e, 0x74, 0x20, 0x5f, 0x63, 0x6f, 0x6c, 0x75, 0x6d, 0x6e, 0x29, 0x0a,
    0x7b, 0x0a, 0x72, 0x65, 0x74, 0x75, 0x72, 0x6e, 0x20, 0x76, 0x65, 0x63,
    0x33, 0x28, 0x5f, 0x6d, 0x74, 0x78, 0x5b, 0x5f, 0x63, 0x6f, 0x6c, 0x75,
    0x6d, 0x6e, 0x5d, 0x29, 0x3b, 0x0a, 0x7d, 0x0a, 0x76, 0x65, 0x63, 0x34,
    0x20, 0x6d, 0x74, 0x78, 0x47, 0x65, 0x74, 0x52, 0x6f, 0x77, 0x28, 0x6d,
    0x61, 0x74, 0x34, 0x20, 0x5f, 0x6d, 0x74, 0x78, 0x2c, 0x20, 0x69, 0x6e,
    0x74, 0x20, 0x5f, 0x72, 0x6f, 0x77, 0x29, 0x0a, 0x7b, 0x0a, 0x72, 0x65,
    0x74, 0x75, 0x72, 0x6e, 0x20, 0x76, 0x65, 0x63, 0x34, 0x28, 0x5f, 0x6d,
    0x74, 0x78, 0x5b, 0x30, 0x5d, 0x5b, 0x5f, 0x72, 0x6f, 0x77, 0x5d, 0x2c,
    0x20, 0x5f, 0x6d, 0x74, 0x78, 0x5b, 0x31, 0x5d, 0x5b, 0x5f, 0x72, 0x6f,
    0x77, 0x5d, 0x2c, 0x20, 0x5f, 0x6d, 0x74, 0x78, 0x5b, 0x32, 0x5d, 0x5b,
    0x5f, 0x72, 0x6f, 0x77, 0x5d, 0x2c, 0x20, 0x5f, 0x6d, 0x74, 0x78, 0x5b,
    0x33, 0x5d, 0x5b, 0x5f, 0x72, 0x6f, 0x77, 0x5d, 0x29, 0x3b, 0x0a, 0x7d,
    0x0a, 0x76, 0x65, 0x63, 0x34, 0x20, 0x6d, 0x74, 0x78, 0x47, 0x65, 0x74,
    0x43, 0x6f, 0x6c, 0x75, 0x6d, 0x6e, 0x28, 0x6d, 0x61, 0x74, 0x34, 0x20,
    0x5f, 0x6d, 0x74, 0x78, 0x2c, 0x20, 0x69, 0x6e, 0x74, 0x20, 0x5f, 0x63,
    0x6f, 0x6c, 0x75, 0x6d, 0x6e, 0x29, 0x0a, 0x7b, 0x0a, 0x72, 0x65, 0x74,
    0x75, 0x72, 0x6e, 0x20, 0x76, 0x65, 0x63, 0x34, 0x28, 0x5f, 0x6d, 0x74,
    0x78, 0x5b, 0x5f, 0x63, 0x6f, 0x6c, 0x75, 0x6d, 0x6e, 0x5d, 0x29, 0x3b,
    0x0a, 0x7d, 0x0a, 0x66, 0x6c, 0x6f, 0x61, 0x74, 0x20, 0x6d, 0x74, 0x78,
    0x47, 0x65, 0x74, 0x45, 0x6c, 0x65, 0x6d, 0x65, 0x6e, 0x74, 0x28, 0x6d,
    0x61, 0x74, 0x33, 0x20, 0x5f, 0x6d, 0x74, 0x78, 0x2c, 0x20, 0x69, 0x6e,
    0x74, 0x20, 0x5f, 0x63, 0x6f, 0x6c, 0x75, 0x6d, 0x6e, 0x2c, 0x20, 0x69,
    0x6e, 0x74, 0x20, 0x5f, 0x72, 0x6f, 0x77, 0x29, 0x0a, 0x7b, 0x0a, 0x72,
    0x65, 0x74, 0x75, 0x72, 0x6e, 0x20, 0x5f, 0x6d, 0x74, 0x78, 0x5b, 0x5f,
    0x63, 0x6f, 0x6c, 0x75, 0x6d, 0x6e, 0x5d, 0x5b, 0x5f, 0x72, 0x6f, 0x77,
    0x5d, 0x3b, 0x0a, 0x7d, 0x0a, 0x66, 0x6c, 0x6f, 0x61, 0x74, 0x20, 0x6d,
    0x74, 0x78, 0x47, 0x65, 0x74, 0x45, 0x6c, 0x65, 0x6d, 0x65, 0x6e, 0x74,
    0x28, 0x6d, 0x61, 0x74, 0x34, 0x20, 0x5f, 0x6d, 0x74, 0x78, 0x2c, 0x20,
    0x69, 0x6e, 0x74, 0x20, 0x5f, 0x63, 0x6f, 0x6c, 0x75, 0x6d, 0x6e, 0x2c,
    0x20, 0x69, 0x6e, 0x74, 0x20, 0x5f, 0x72, 0x6f, 0x77, 0x29, 0x0a, 0x7b,
    0x0a, 0x72, 0x65, 0x74, 0x75, 0x72, 0x6e, 0x20, 0x5f, 0x6d, 0x74, 0x78,
    0x5b, 0x5f, 0x63, 0x6f, 0x6c, 0x75, 0x6d, 0x6e, 0x5d, 0x5b, 0x5f, 0x72,
    0x6f, 0x77, 0x5d, 0x3b, 0x0a, 0x7d, 0x0a, 0x66, 0x6c, 0x6f, 0x61, 0x74,
    0x20, 0x73, 0x65, 0x6c, 0x65, 0x63, 0x74, 0x28, 0x62, 0x6f, 0x6f, 0x6c,
    0x20, 0x5f, 0x63, 0x6f, 0x6e, 0x64, 0x2c, 0x20, 0x66, 0x6c, 0x6f, 0x61,
    0x74, 0x20, 0x5f, 0x74, 0x72, 0x75, 0x65, 0x2c, 0x20, 0x66, 0x6c, 0x6f,
    0x61, 0x74, 0x20, 0x5f, 0x66, 0x61, 0x6c, 0x73, 0x65, 0x29, 0x20, 0x7b,
    0x20, 0x72, 0x65, 0x74, 0x75, 0x72, 0x6e, 0x20, 0x5f, 0x63, 0x6f, 0x6e,
    0x64, 0x20, 0x3f, 0x20, 0x5f, 0x74, 0x72, 0x75, 0x65, 0x20, 0x3a, 0x20,
    0x5f, 0x66, 0x61, 0x6c, 0x73, 0x65, 0x3b, 0x20, 0x7d, 0x0a, 0x76, 0x65,
    0x63, 0x32, 0x20, 0x73, 0x65, 0x6c, 0x65, 0x63, 0x74, 0x28, 0x62, 0x6f,
    0x6f, 0x6c, 0x20, 0x5f, 0x63, 0x6f, 0x6e, 0x64, 0x2c, 0x20, 0x76, 0x65,
    0x63, 0x32, 0x20, 0x5f, 0x74, 0x72, 0x75, 0x65, 0x2c, 0x20, 0x76, 0x65,
    0x63, 0x32, 0x20, 0x5f, 0x66, 0x61, 0x6c, 0x73, 0x65, 0x29, 0x20, 0x7b,
    0x20, 0x72, 0x65, 0x74, 0x75, 0x72, 0x6e, 0x20, 0x5f, 0x63, 0x6f, 0x6e,
    0x64, 0x20, 0x3f, 0x20, 0x5f, 0x74, 0x72, 0x75, 0x65, 0x20, 0x3a, 0x20,
    0x5f, 0x66, 0x61, 0x6c, 0x73, 0x65, 0x3b, 0x20, 0x7d, 0x0a, 0x76, 0x65,
    0x63, 0x33, 0x20, 0x73, 0x65, 0x6c, 0x65, 0x63, 0x74, 0x28, 0x62, 0x6f,
    0x6f, 0x6c, 0x20, 0x5f, 0x63, 0x6f, 0x6e, 0x64, 0x2c, 0x20, 0x76, 0x65,
    0x63, 0x33, 0x20, 0x5f, 0x74, 0x72, 0x75, 0x65, 0x2c, 0x20, 0x76, 0x65,
    0x63, 0x33, 0x20, 0x5f, 0x66, 0x61, 0x6c, 0x73, 0x65, 0x29, 0x20, 0x7b,
    0x20, 0x72, 0x65, 0x74, 0x75, 0x72, 0x6e, 0x20, 0x5f, 0x63, 0x6f, 0x6e,
    0x64, 0x20, 0x3f, 0x20, 0x5f, 0x74, 0x72, 0x75, 0x65, 0x20, 0x3a, 0x20,
    0x5f, 0x66, 0x61, 0x6c, 0x73, 0x65, 0x3b, 0x20, 0x7d, 0x0a, 0x76, 0x65,
    0x63, 0x34, 0x20, 0x73, 0x65, 0x6c, 0x65, 0x63, 0x74, 0x28, 0x62, 0x6f,
    0x6f, 0x6c, 0x20, 0x5f, 0x63, 0x6f, 0x6e, 0x64, 0x2c, 0x20, 0x76, 0x65,
    0x63, 0x34, 0x20, 0x5f, 0x74, 0x72, 0x75, 0x65, 0x2c, 0x20, 0x76, 0x65,
    0x63, 0x34, 0x20, 0x5f, 0x66, 0x61, 0x6c, 0x73, 0x65, 0x29, 0x20, 0x7b,
    0x20, 0x72, 0x65, 0x74, 0x75, 0x72, 0x6e, 0x20, 0x5f, 0x63, 0x6f, 0x6e,
    0x64, 0x20, 0x3f, 0x20, 0x5f, 0x74, 0x72, 0x75, 0x65, 0x20, 0x3a, 0x20,
    0x5f, 0x66, 0x61, 0x6c, 0x73, 0x65, 0x3b, 0x20, 0x7d, 0x0a, 0x76, 0x65,
    0x63, 0x32, 0x20, 0x73, 0x65, 0x6c, 0x65, 0x63, 0x74, 0x28, 0x62, 0x76,
    0x65, 0x63, 0x32, 0x20, 0x5f, 0x63, 0x6f, 0x6e, 0x64, 0x2c, 0x20, 0x76,
    0x65, 0x63, 0x32, 0x20, 0x5f, 0x74, 0x72, 0x75, 0x65, 0x2c, 0x20, 0x76,
    0x65, 0x63, 0x32, 0x20, 0x5f, 0x66, 0x61, 0x6c, 0x73, 0x65, 0x29, 0x20,
    0x7b, 0x20, 0x72, 0x65, 0x74, 0x75, 0x72, 0x6e, 0x20, 0x28, 0x76, 0x65,
    0x63, 0x32, 0x28, 0x5f, 0x63, 0x6f, 0x6e, 0x64, 0x29, 0x20, 0x2a, 0x20,
    0x5f, 0x74, 0x72, 0x75, 0x65, 0x29, 0x20, 0x2b, 0x20, 0x28, 0x76, 0x65,
    0x63, 0x32, 0x28, 0x6e, 0x6f, 0x74, 0x28, 0x5f, 0x63, 0x6f, 0x6e, 0x64,
    0x29, 0x20, 0x29, 0x20, 0x2a, 0x20, 0x5f, 0x66, 0x61, 0x6c, 0x73, 0x65,
    0x29, 0x3b, 0x20, 0x7d, 0x0a, 0x76, 0x65, 0x63, 0x33, 0x20, 0x73, 0x65,
    0x6c, 0x65, 0x63, 0x74, 0x28, 0x62, 0x76, 0x65, 0x63, 0x33, 0x20, 0x5f,
    0x63, 0x6f, 0x6e, 0x64, 0x2c, 0x20, 0x76, 0x65, 0x63, 0x33, 0x20, 0x5f,
    0x74, 0x72, 0x75, 0x65, 0x2c, 0x20, 0x76, 0x65, 0x63, 0x33, 0x20, 0x5f,
    0x66, 0x61, 0x6c, 0x73, 0x65, 0x29, 0x20, 0x7b, 0x20, 0x72, 0x65, 0x74,
    0x75, 0x72, 0x6e, 0x20, 0x28, 0x76, 0x65, 0x63, 0x33, 0x28, 0x5f, 0x63,
    0x6f, 0x6e, 0x64, 0x29, 0x20, 0x2a, 0x20, 0x5f, 0x74, 0x72, 0x75, 0x65,
    0x29, 0x20, 0x2b, 0x20, 0x28, 0x76, 0x65, 0x63, 0x33, 0x28, 0x6e, 0x6f,
    0x74, 0x28, 0x5f, 0x63, 0x6f, 0x6e, 0x64, 0x29, 0x20, 0x29, 0x20, 0x2a,
    0x20, 0x5f, 0x66, 0x61, 0x6c, 0x73, 0x65, 0x29, 0x3b, 0x20, 0x7d, 0x0a,
    0x76, 0x65, 0x63, 0x34, 0x20, 0x73, 0x65, 0x6c, 0x65, 0x63, 0x74, 0x28,
    0x62, 0x76, 0x65, 0x63, 0x34, 0x20, 0x5f, 0x63, 0x6f, 0x6e, 0x64, 0x2c,
    0x20, 0x76, 0x65, 0x63, 0x34, 0x20, 0x5f, 0x74, 0x72, 0x75, 0x65, 0x2c,
    0x20, 0x76, 0x65, 0x63, 0x34, 0x20, 0x5f, 0x66, 0x61, 0x6c, 0x73, 0x65,
    0x29, 0x20, 0x7b, 0x20, 0x72, 0x65, 0x74, 0x75, 0x72, 0x6e, 0x20, 0x28,
    0x76, 0x65, 0x63, 0x34, 0x28, 0x5f, 0x63, 0x6f, 0x6e, 0x64, 0x29, 0x20,
    0x2a, 0x20, 0x5f, 0x74, 0x72, 0x75, 0x65, 0x29, 0x20, 0x2b, 0x20, 0x28,
    0x76, 0x65, 0x63, 0x34, 0x28, 0x6e, 0x6f, 0x74, 0x28, 0x5f, 0x63, 0x6f,
    0x6e, 0x64, 0x29, 0x20, 0x29, 0x20, 0x2a, 0x20, 0x5f, 0x66, 0x61, 0x6c,
    0x73, 0x65, 0x29, 0x3b, 0x20, 0x7d, 0x0a, 0x69, 0x6e, 0x74, 0x20, 0x73,
    0x65, 0x6c, 0x65, 0x63, 0x74, 0x28, 0x62, 0x6f, 0x6f, 0x6c, 0x20, 0x5f,
    0x63, 0x6f, 0x6e, 0x64, 0x2c, 0x20, 0x69, 0x6e, 0x74, 0x20, 0x5f, 0x74,
    0x72, 0x75, 0x65, 0x2c, 0x20, 0x69, 0x6e, 0x74, 0x20, 0x5f, 0x66, 0x61,
    0x6c, 0x73, 0x65, 0x29, 0x20, 0x7b, 0x20, 0x72, 0x65, 0x74, 0x75, 0x72,
    0x6e, 0x20, 0x5f, 0x63, 0x6f, 0x6e, 0x64, 0x20, 0x3f, 0x20, 0x5f, 0x74,
    0x72, 0x75, 0x65, 0x20, 0x3a, 0x20, 0x5f, 0x66, 0x61, 0x6c, 0x73, 0x65,
    0x3b, 0x20, 0x7d, 0x0a, 0x69, 0x76, 0x65, 0x63, 0x32, 0x20, 0x73, 0x65,
    0x6c, 0x65, 0x63, 0x74, 0x28, 0x62, 0x6f, 0x6f, 0x6c, 0x20, 0x5f, 0x63,
    0x6f, 0x6e, 0x64, 0x2c, 0x20, 0x69, 0x76, 0x65, 0x63, 0x32, 0x20, 0x5f,
    0x74, 0x72, 0x75, 0x65, 0x2c, 0x20, 0x69, 0x76, 0x65, 0x63, 0x32, 0x20,
    0x5f, 0x66, 0x61, 0x6c, 0x73, 0x65, 0x29, 0x20, 0x7b, 0x20, 0x72, 0x65,
    0x74, 0x75, 0x72, 0x6e, 0x20, 0x5f, 0x63, 0x6f, 0x6e, 0x64, 0x20, 0x3f,
    0x20, 0x5f, 0x74, 0x72, 0x75, 0x65, 0x20, 0x3a, 0x20, 0x5f, 0x66, 0x61,
    0x6c, 0x73, 0x65, 0x3b, 0x20, 0x7d, 0x0a, 0x69, 0x76, 0x65, 0x63, 0x33,
    0x20, 0x73, 0x65, 0x6c, 0x65, 0x63, 0x74, 0x28, 0x62, 0x6f, 0x6f, 0x6c,
    0x20, 0x5f, 0x63, 0x6f, 0x6e, 0x64, 0x2c, 0x20, 0x69, 0x76, 0x65, 0x63,
    0x33, 0x20, 0x5f, 0x74, 0x72, 0x75, 0x65, 0x2c, 0x20, 0x69, 0x76, 0x65,
    0x63, 0x33, 0x20, 0x5f, 0x66, 0x61, 0x6c, 0x73, 0x65, 0x29, 0x20, 0x7b,
    0x20, 0x72, 0x65, 0x74, 0x75, 0x72, 0x6e, 0x20, 0x5f, 0x63, 0x6f, 0x6e,
    0x64, 0x20, 0x3f, 0x20, 0x5f, 0x74, 0x72, 0x75, 0x65, 0x20, 0x3a, 0x20,
    0x5f, 0x66, 0x61, 0x6c, 0x73, 0x65, 0x3b, 0x20, 0x7d, 0x0a, 0x69, 0x76,
    0x65, 0x63, 0x34, 0x20, 0x73, 0x65, 0x6c, 0x65, 0x63, 0x74, 0x28, 0x62,
    0x6f, 0x6f, 0x6c, 0x20, 0x5f, 0x63, 0x6f, 0x6e, 0x64, 0x2c, 0x20, 0x69,
    0x76, 0x65, 0x63, 0x34, 0x20, 0x5f, 0x74, 0x72, 0x75, 0x65, 0x2c, 0x20,
    0x69, 0x76, 0x65, 0x63, 0x34, 0x20, 0x5f, 0x66, 0x61, 0x6c, 0x73, 0x65,
    0x29, 0x20, 0x7b, 0x20, 0x72, 0x65, 0x74, 0x75, 0x72, 0x6e, 0x20, 0x5f,
    0x63, 0x6f, 0x6e, 0x64, 0x20, 0x3f, 0x20, 0x5f, 0x74, 0x72, 0x75, 0x65,
    0x20, 0x3a, 0x20, 0x5f, 0x66, 0x61, 0x6c, 0x73, 0x65, 0x3b, 0x20, 0x7d,
    0x0a, 0x69, 0x76, 0x65, 0x63, 0x32, 0x20, 0x73, 0x65, 0x6c, 0x65, 0x63,
    0x74, 0x28, 0x62, 0x76, 0x65, 0x63, 0x32, 0x20, 0x5f, 0x63, 0x6f, 0x6e,
    0x64, 0x2c, 0x20, 0x69, 0x76, 0x65, 0x63, 0x32, 0x20, 0x5f, 0x74, 0x72,
    0x75, 0x65, 0x2c, 0x20, 0x69, 0x76, 0x65, 0x63, 0x32, 0x20, 0x5f, 0x66,
    0x61, 0x6c, 0x73, 0x65, 0x29, 0x20, 0x7b, 0x20, 0x72, 0x65, 0x74, 0x75,
    0x72, 0x6e, 0x20, 0x28, 0x69, 0x76, 0x65, 0x63, 0x32, 0x28, 0x5f, 0x63,
    0x6f, 0x6e, 0x64, 0x29, 0x20, 0x2a, 0x20, 0x5f, 0x74, 0x72, 0x75, 0x65,
    0x29, 0x20, 0x2b, 0x20, 0x28, 0x69, 0x76, 0x65, 0x63, 0x32, 0x28, 0x6e,
    0x6f, 0x74, 0x28, 0x5f, 0x63, 0x6f, 0x6e, 0x64, 0x29, 0x20, 0x29, 0x20,
    0x2a, 0x20, 0x5f, 0x66, 0x61, 0x6c, 0x73, 0x65, 0x29, 0x3b, 0x20, 0x7d,
    0x0a, 0x69, 0x76, 0x65, 0x63, 0x33, 0x20, 0x73, 0x65, 0x6c, 0x65, 0x63,
    0x74, 0x28, 0x62, 0x76, 0x65, 0x63, 0x33, 0x20, 0x5f, 0x63, 0x6f, 0x6e,
    0x64, 0x2c, 0x20, 0x69, 0x76, 0x65, 0x63, 0x33, 0x20, 0x5f, 0x74, 0x72,
    0x75, 0x65, 0x2c, 0x20, 0x69, 0x76, 0x65, 0x63, 0x33, 0x20, 0x5f, 0x66,
    0x61, 0x6c, 0x73, 0x65, 0x29, 0x20, 0x7b, 0x20, 0x72, 0x65, 0x74, 0x75,
    0x72, 0x6e, 0x20, 0x28, 0x69, 0x76, 0x65, 0x63, 0x33, 0x28, 0x5f, 0x63,
    0x6f, 0x6e, 0x64, 0x29, 0x20, 0x2a, 0x20, 0x5f, 0x74, 0x72, 0x75, 0x65,
    0x29, 0x20, 0x2b, 0x20, 0x28, 0x69, 0x76, 0x65, 0x63, 0x33, 0x28, 0x6e,
    0x6f, 0x74, 0x28, 0x5f, 0x63, 0x6f, 0x6e, 0x64, 0x29, 0x20, 0x29, 0x20,
    0x2a, 0x20, 0x5f, 0x66, 0x61, 0x6c, 0x73, 0x65, 0x29, 0x3b, 0x20, 0x7d,
    0x0a, 0x69, 0x76, 0x65, 0x63, 0x34, 0x20, 0x73, 0x65, 0x6c, 0x65, 0x63,
    0x74, 0x28, 0x62, 0x76, 0x65, 0x63, 0x34, 0x20, 0x5f, 0x63, 0x6f, 0x6e,
    0x64, 0x2c, 0x20, 0x69, 0x76, 0x65, 0x63, 0x34, 0x20, 0x5f, 0x74, 0x72,
    0x75, 0x65, 0x2c, 0x20, 0x69, 0x76, 0x65, 0x63, 0x34, 0x20, 0x5f, 0x66,
    0x61, 0x6c, 0x73, 0x65, 0x29, 0x20, 0x7b, 0x20, 0x72, 0x65, 0x74, 0x75,
    0x72, 0x6e, 0x20, 0x28, 0x69, 0x76, 0x65, 0x63, 0x34, 0x28, 0x5f, 0x63,
    0x6f, 0x6e, 0x64, 0x29, 0x20, 0x2a, 0x20, 0x5f, 0x74, 0x72, 0x75, 0x65,
    0x29, 0x20, 0x2b, 0x20, 0x28, 0x69, 0x76, 0x65, 0x63, 0x34, 0x28, 0x6e,
    0x6f, 0x74, 0x28, 0x5f, 0x63, 0x6f, 0x6e, 0x64, 0x29, 0x20, 0x29, 0x20,
    0x2a, 0x20, 0x5f, 0x66, 0x61, 0x6c, 0x73, 0x65, 0x29, 0x3b, 0x20, 0x7d,
    0x0a, 0x75, 0x69, 0x6e, 0x74, 0x20, 0x73, 0x65, 0x6c, 0x65, 0x63, 0x74,
    0x28, 0x62, 0x6f, 0x6f, 0x6c, 0x20, 0x5f, 0x63, 0x6f, 0x6e, 0x64, 0x2c,
    0x20, 0x75, 0x69, 0x6e, 0x74, 0x20, 0x5f, 0x74, 0x72, 0x75, 0x65, 0x2c,
    0x20, 0x75, 0x69, 0x6e, 0x74, 0x20, 0x5f, 0x66, 0x61, 0x6c, 0x73, 0x65,
    0x29, 0x20, 0x7b, 0x20, 0x72, 0x65, 0x74, 0x75, 0x72, 0x6e, 0x20, 0x5f,
    0x63, 0x6f, 0x6e, 0x64, 0x20, 0x3f, 0x20, 0x5f, 0x74, 0x72, 0x75, 0x65,
    0x20, 0x3a, 0x20, 0x5f, 0x66, 0x61, 0x6c, 0x73, 0x65, 0x3b, 0x20, 0x7d,
    0x0a, 0x75, 0x76, 0x65, 0x63, 0x32, 0x20, 0x73, 0x65, 0x6c, 0x65, 0x63,
    0x74, 0x28, 0x62, 0x6f, 0x6f, 0x6c, 0x20, 0x5f, 0x63, 0x6f, 0x6e, 0x64,
    0x2c, 0x20, 0x75, 0x76, 0x65, 0x63, 0x32, 0x20, 0x5f, 0x74, 0x72, 0x75,
    0x65, 0x2c, 0x20, 0x75, 0x76, 0x65, 0x63, 0x32, 0x20, 0x5f, 0x66, 0x61,
    0x6c, 0x73, 0x65, 0x29, 0x20, 0x7b, 0x20, 0x72, 0x65, 0x74, 0x75, 0x72,
    0x6e, 0x20, 0x5f, 0x63, 0x6f, 0x6e, 0x64, 0x20, 0x3f, 0x20, 0x5f, 0x74,
    0x72, 0x75, 0x65, 0x20, 0x3a, 0x20, 0x5f, 0x66, 0x61, 0x6c, 0x73, 0x65,
    0x3b, 0x20, 0x7d, 0x0a, 0x75, 0x76, 0x65, 0x63, 0x33, 0x20, 0x73, 0x65,
    0x6c, 0x65, 0x63, 0x74, 0x28, 0x62, 0x6f, 0x6f, 0x6c, 0x20, 0x5f, 0x63,
    0x6f, 0x6e, 0x64, 0x2c, 0x20, 0x75, 0x76, 0x65, 0x63, 0x33, 0x20, 0x5f,
    0x74, 0x72, 0x75, 0x65, 0x2c, 0x20, 0x75, 0x76, 0x65, 0x63, 0x33, 0x20,
    0x5f, 0x66, 0x61, 0x6c, 0x73, 0x65, 0x29, 0x20, 0x7b, 0x20, 0x72, 0x65,
    0x74, 0x75, 0x72, 0x6e, 0x20, 0x5f, 0x63, 0x6f, 0x6e, 0x64, 0x20, 0x3f,
    0x20, 0x5f, 0x74, 0x72, 0x75, 0x65, 0x20, 0x3a, 0x20, 0x5f, 0x66, 0x61,
    0x6c, 0x73, 0x65, 0x3b, 0x20, 0x7d, 0x0a, 0x75, 0x76, 0x65, 0x63, 0x34,
    0x20, 0x73, 0x65, 0x6c, 0x65, 0x63, 0x74, 0x28, 0x62, 0x6f, 0x6f, 0x6c,
    0x20, 0x5f, 0x63, 0x6f, 0x6e, 0x64, 0x2c, 0x20, 0x75, 0x76, 0x65, 0x63,
    0x34, 0x20, 0x5f, 0x74, 0x72, 0x75, 0x65, 0x2c, 0x20, 0x75, 0x76, 0x65,
    0x63, 0x34, 0x20, 0x5f, 0x66, 0x61, 0x6c, 0x73, 0x65, 0x29, 0x20, 0x7b,
    0x20, 0x72, 0x65, 0x74, 0x75, 0x72, 0x6e, 0x20, 0x5f, 0x63, 0x6f, 0x6e,
    0x64, 0x20, 0x3f, 0x20, 0x5f, 0x74, 0x72, 0x75, 0x65, 0x20, 0x3a, 0x20,
    0x5f, 0x66, 0x61, 0x6c, 0x73, 0x65, 0x3b, 0x20, 0x7d, 0x0a, 0x75, 0x76,
    0x65, 0x63, 0x32, 0x20, 0x73, 0x65, 0x6c, 0x65, 0x63, 0x74, 0x28, 0x62,
    0x76, 0x65, 0x63, 0x32, 0x20, 0x5f, 0x63, 0x6f, 0x6e, 0x64, 0x2c, 0x20,
    0x75, 0x76, 0x65, 0x63, 0x32, 0x20, 0x5f, 0x74, 0x72, 0x75, 0x65, 0x2c,
    0x20, 0x75, 0x76, 0x65, 0x63, 0x32, 0x20, 0x5f, 0x66, 0x61, 0x6c, 0x73,
    0x65, 0x29, 0x20, 0x7b, 0x20, 0x72, 0x65, 0x74, 0x75, 0x72, 0x6e, 0x20,
    0x28, 0x75, 0x76, 0x65, 0x63, 0x32, 0x28, 0x5f, 0x63, 0x6f, 0x6e, 0x64,
    0x29, 0x20, 0x2a, 0x20, 0x5f, 0x74, 0x72, 0x75, 0x65, 0x29, 0x20, 0x2b,
    0x20, 0x28, 0x75, 0x76, 0x65, 0x63, 0x32, 0x28, 0x6e, 0x6f, 0x74, 0x28,
    0x5f, 0x63, 0x6f, 0x6e, 0x64, 0x29, 0x20, 0x29, 0x20, 0x2a, 0x20, 0x5f,
    0x66, 0x61, 0x6c, 0x73, 0x65, 0x29, 0x3b, 0x20, 0x7d, 0x0a, 0x75, 0x76,
    0x65, 0x63, 0x33, 0x20, 0x73, 0x65, 0x6c, 0x65, 0x63, 0x74, 0x28, 0x62,
    0x76, 0x65, 0x63, 0x33, 0x20, 0x5f, 0x63, 0x6f, 0x6e, 0x64, 0x2c, 0x20,
    0x75, 0x76, 0x65, 0x63, 0x33, 0x20, 0x5f, 0x74, 0x72, 0x75, 0x65, 0x2c,
    0x20, 0x75, 0x76, 0x65, 0x63, 0x33, 0x20, 0x5f, 0x66, 0x61, 0x6c, 0x73,
    0x65, 0x29, 0x20, 0x7b, 0x20, 0x72, 0x65, 0x74, 0x75, 0x72, 0x6e, 0x20,
    0x28, 0x75, 0x76, 0x65, 0x63, 0x33, 0x28, 0x5f, 0x63, 0x6f, 0x6e, 0x64,
    0x29, 0x20, 0x2a, 0x20, 0x5f, 0x74, 0x72, 0x75, 0x65, 0x29, 0x20, 0x2b,
    0x20, 0x28, 0x75, 0x76, 0x65, 0x63, 0x33, 0x28, 0x6e, 0x6f, 0x74, 0x28,
    0x5f, 0x63, 0x6f, 0x6e, 0x64, 0x29, 0x20, 0x29, 0x20, 0x2a, 0x20, 0x5f,
    0x66, 0x61, 0x6c, 0x73, 0x65, 0x29, 0x3b, 0x20, 0x7d, 0x0a, 0x75, 0x76,
    0x65, 0x63, 0x34, 0x20, 0x73, 0x65, 0x6c, 0x65, 0x63, 0x74, 0x28, 0x62,
    0x76, 0x65, 0x63, 0x34, 0x20, 0x5f, 0x63, 0x6f, 0x6e, 0x64, 0x2c, 0x20,
    0x75, 0x76, 0x65, 0x63, 0x34, 0x20, 0x5f, 0x74, 0x72, 0x75, 0x65, 0x2c,
    0x20, 0x75, 0x76, 0x65, 0x63, 0x34, 0x20, 0x5f, 0x66, 0x61, 0x6c, 0x73,
    0x65, 0x29, 0x20, 0x7b, 0x20, 0x72, 0x65, 0x74, 0x75, 0x72, 0x6e, 0x20,
    0x28, 0x75, 0x76, 0x65, 0x63, 0x34, 0x28, 0x5f, 0x63, 0x6f, 0x6e, 0x64,
    0x29, 0x20, 0x2a, 0x20, 0x5f, 0x74, 0x72, 0x75, 0x65, 0x29, 0x20, 0x2b,
    0x20, 0x28, 0x75, 0x76, 0x65, 0x63, 0x34, 0x28, 0x6e, 0x6f, 0x74, 0x28,
    0x5f, 0x63, 0x6f, 0x6e, 0x64, 0x29, 0x20, 0x29, 0x20, 0x2a, 0x20, 0x5f,
    0x66, 0x61, 0x6c, 0x73, 0x65, 0x29, 0x3b, 0x20, 0x7d, 0x0a, 0x75, 0x6e,
    0x69, 0x66, 0x6f, 0x72, 0x6d, 0x20, 0x76, 0x65, 0x63, 0x34, 0x20, 0x75,
    0x5f, 0x76, 0x69, 0x65, 0x77, 0x52, 0x65, 0x63, 0x74, 0x3b, 0x0a, 0x75,
    0x6e, 0x69, 0x66, 0x6f, 0x72, 0x6d, 0x20, 0x76, 0x65, 0x63, 0x34, 0x20,
    0x75, 0x5f, 0x76, 0x69, 0x65, 0x77, 0x54, 0x65, 0x78, 0x65, 0x6c, 0x3b,
    0x0a, 0x75, 0x6e, 0x69, 0x66, 0x6f, 0x72, 0x6d, 0x20, 0x6d, 0x61, 0x74,
    0x34, 0x20, 0x75, 0x5f, 0x76, 0x69, 0x65, 0x77, 0x3b, 0x0a, 0x75, 0x6e,
    0x69, 0x66, 0x6f, 0x72, 0x6d, 0x20, 0x6d, 0x61, 0x74, 0x34, 0x20, 0x75,
    0x5f, 0x69, 0x6e, 0x76, 0x56, 0x69, 0x65, 0x77, 0x3b, 0x0a, 0x75, 0x6e,
    0x69, 0x66, 0x6f, 0x72, 0x6d, 0x20, 0x6d, 0x61, 0x74, 0x34, 0x20, 0x75,
    0x5f, 0x70, 0x72, 0x6f, 0x6a, 0x3b, 0x0a, 0x75, 0x6e, 0x69, 0x66, 0x6f,
    0x72, 0x6d, 0x20, 0x6d, 0x61, 0x74, 0x34, 0x20, 0x75, 0x5f, 0x69, 0x6e,
    0x76, 0x50, 0x72, 0x6f, 0x6a, 0x3b, 0x0a, 0x75, 0x6e, 0x69, 0x66, 0x6f,
    0x72, 0x6d, 0x20, 0x6d, 0x61, 0x74, 0x34, 0x20, 0x75, 0x5f, 0x76, 0x69,
    0x65, 0x77, 0x50, 0x72, 0x6f, 0x6a, 0x3b, 0x0a, 0x75, 0x6e, 0x69, 0x66,
    0x6f, 0x72, 0x6d, 0x20, 0x6d, 0x61, 0x74, 0x34, 0x20, 0x75, 0x5f, 0x69,
    0x6e, 0x76, 0x56, 0x69, 0x65, 0x77, 0x50, 0x72, 0x6f, 0x6a, 0x3b, 0x0a,
    0x75, 0x6e, 0x69, 0x66, 0x6f, 0x72, 0x6d, 0x20, 0x6d, 0x61, 0x74, 0x34,
    0x20, 0x75, 0x5f, 0x6d, 0x6f, 0x64, 0x65, 0x6c, 0x56, 0x69, 0x65, 0x77,
    0x3b, 0x0a, 0x75, 0x6e, 0x69, 0x66, 0x6f, 0x72, 0x6d, 0x20, 0x6d, 0x61,
    0x74, 0x34, 0x20, 0x75, 0x5f, 0x69, 0x6e, 0x76, 0x4d, 0x6f, 0x64, 0x65,
    0x6c, 0x56, 0x69, 0x65, 0x77, 0x3b, 0x0a, 0x75, 0x6e, 0x69, 0x66, 0x6f,
    0x72, 0x6d, 0x20, 0x6d, 0x61, 0x74, 0x34, 0x20, 0x75, 0x5f, 0x6d, 0x6f,
    0x64, 0x65, 0x6c, 0x56, 0x69, 0x65, 0x77, 0x50, 0x72, 0x6f, 0x6a, 0x3b,
    0x0a, 0x75, 0x6e, 0x69, 0x66, 0x6f, 0x72, 0x6d, 0x20, 0x76, 0x65, 0x63,
    0x34, 0x20, 0x75, 0x5f, 0x61, 0x6c, 0x70, 0x68, 0x61, 0x52, 0x65, 0x66,
    0x34, 0x3b, 0x0a, 0x75, 0x6e, 0x69, 0x66, 0x6f, 0x72, 0x6d, 0x20, 0x6d,
    0x61, 0x74, 0x34, 0x20, 0x75, 0x5f, 0x6d, 0x6f, 0x64, 0x65, 0x6c, 0x5b,
    0x31, 0x5d, 0x3b, 0x0a, 0x75, 0x6e, 0x69, 0x66, 0x6f, 0x72, 0x6d, 0x20,
    0x73, 0x61, 0x6d, 0x70, 0x6c, 0x65, 0x72, 0x32, 0x44, 0x20, 0x73, 0x5f,
    0x74, 0x65, 0x78, 0x74, 0x75, 0x72, 0x65, 0x3b, 0x0a, 0x75, 0x6e, 0x69,
    0x66, 0x6f, 0x72, 0x6d, 0x20, 0x76, 0x65, 0x63, 0x34, 0x20, 0x50, 0x6f,
    0x73, 0x74, 0x46, 0x78, 0x50, 0x61, 0x72, 0x61, 0x6d, 0x73, 0x5b, 0x34,
    0x5d, 0x3b, 0x0a, 0x6f, 0x75, 0x74, 0x20, 0x76, 0x65, 0x63, 0x34, 0x20,
    0x62, 0x67, 0x66, 0x78, 0x5f, 0x46, 0x72, 0x61, 0x67, 0x43, 0x6f, 0x6c,
    0x6f, 0x72, 0x3b, 0x0a, 0x76, 0x6f, 0x69, 0x64, 0x20, 0x6d, 0x61, 0x69,
    0x6e, 0x28, 0x29, 0x20, 0x7b, 0x0a, 0x76, 0x65, 0x63, 0x32, 0x20, 0x75,
    0x76, 0x20, 0x3d, 0x20, 0x76, 0x5f, 0x74, 0x65, 0x78, 0x63, 0x6f, 0x6f,
    0x72, 0x64, 0x30, 0x3b, 0x0a, 0x76, 0x65, 0x63, 0x34, 0x20, 0x73, 0x72,
    0x63, 0x20, 0x3d, 0x20, 0x74, 0x65, 0x78, 0x74, 0x75, 0x72, 0x65, 0x28,
    0x73, 0x5f, 0x74, 0x65, 0x78, 0x74, 0x75, 0x72, 0x65, 0x2c, 0x20, 0x75,
    0x76, 0x29, 0x3b, 0x0a, 0x76, 0x65, 0x63, 0x32, 0x20, 0x63, 0x63, 0x20,
    0x3d, 0x20, 0x75, 0x76, 0x20, 0x2d, 0x20, 0x76, 0x65, 0x63, 0x32, 0x28,
    0x30, 0x2e, 0x35, 0x2c, 0x20, 0x30, 0x2e, 0x35, 0x29, 0x3b, 0x0a, 0x66,
    0x6c, 0x6f, 0x61, 0x74, 0x20, 0x72, 0x20, 0x3d, 0x20, 0x6c, 0x65, 0x6e,
    0x67, 0x74, 0x68, 0x28, 0x63, 0x63, 0x29, 0x20, 0x2a, 0x20, 0x32, 0x2e,
    0x30, 0x3b, 0x0a, 0x66, 0x6c, 0x6f, 0x61, 0x74, 0x20, 0x69, 0x6e, 0x6e,
    0x65, 0x72, 0x20, 0x3d, 0x20, 0x6d, 0x61, 0x78, 0x28, 0x50, 0x6f, 0x73,
    0x74, 0x46, 0x78, 0x50, 0x61, 0x72, 0x61, 0x6d, 0x73, 0x5b, 0x30, 0x5d,
    0x2e, 0x79, 0x2c, 0x20, 0x30, 0x2e, 0x30, 0x30, 0x30, 0x31, 0x29, 0x3b,
    0x0a, 0x66, 0x6c, 0x6f, 0x61, 0x74, 0x20, 0x65, 0x64, 0x67, 0x65, 0x20,
    0x3d, 0x20, 0x31, 0x2e, 0x37, 0x3b, 0x0a, 0x66, 0x6c, 0x6f, 0x61, 0x74,
    0x20, 0x76, 0x20, 0x3d, 0x20, 0x63, 0x6c, 0x61, 0x6d, 0x70, 0x28, 0x28,
    0x72, 0x20, 0x2d, 0x20, 0x69, 0x6e, 0x6e, 0x65, 0x72, 0x29, 0x20, 0x2f,
    0x20, 0x28, 0x65, 0x64, 0x67, 0x65, 0x20, 0x2d, 0x20, 0x69, 0x6e, 0x6e,
    0x65, 0x72, 0x29, 0x2c, 0x20, 0x30, 0x2e, 0x30, 0x2c, 0x20, 0x31, 0x2e,
    0x30, 0x29, 0x3b, 0x0a, 0x76, 0x65, 0x63, 0x33, 0x20, 0x74, 0x69, 0x6e,
    0x74, 0x20, 0x3d, 0x20, 0x6d, 0x61, 0x78, 0x28, 0x50, 0x6f, 0x73, 0x74,
    0x46, 0x78, 0x50, 0x61, 0x72, 0x61, 0x6d, 0x73, 0x5b, 0x31, 0x5d, 0x2e,
    0x72, 0x67, 0x62, 0x2c, 0x20, 0x76, 0x65, 0x63, 0x33, 0x28, 0x30, 0x2e,
    0x30, 0x29, 0x29, 0x3b, 0x0a, 0x76, 0x65, 0x63, 0x33, 0x20, 0x76, 0x69,
    0x67, 0x6e, 0x20, 0x3d, 0x20, 0x6d, 0x69, 0x78, 0x28, 0x73, 0x72, 0x63,
    0x2e, 0x72, 0x67, 0x62, 0x2c, 0x20, 0x73, 0x72, 0x63, 0x2e, 0x72, 0x67,
    0x62, 0x20, 0x2a, 0x20, 0x74, 0x69, 0x6e, 0x74, 0x2c, 0x20, 0x76, 0x29,
    0x3b, 0x0a, 0x76, 0x65, 0x63, 0x33, 0x20, 0x6f, 0x75, 0x74, 0x43, 0x20,
    0x3d, 0x20, 0x6d, 0x69, 0x78, 0x28, 0x73, 0x72, 0x63, 0x2e, 0x72, 0x67,
    0x62, 0x2c, 0x20, 0x76, 0x69, 0x67, 0x6e, 0x2c, 0x20, 0x50, 0x6f, 0x73,
    0x74, 0x46, 0x78, 0x50, 0x61, 0x72, 0x61, 0x6d, 0x73, 0x5b, 0x30, 0x5d,
    0x2e, 0x78, 0x29, 0x3b, 0x0a, 0x62, 0x67, 0x66, 0x78, 0x5f, 0x46, 0x72,
    0x61, 0x67, 0x43, 0x6f, 0x6c, 0x6f, 0x72, 0x20, 0x3d, 0x20, 0x76, 0x65,
    0x63, 0x34, 0x28, 0x6f, 0x75, 0x74, 0x43, 0x2c, 0x20, 0x73, 0x72, 0x63,
    0x2e, 0x61, 0x29, 0x3b, 0x0a, 0x7d, 0x0a, 0x00,
};
const size_t kEmbeddedGL_fs_postfx_vignette_size = sizeof(kEmbeddedGL_fs_postfx_vignette);

const uint8_t kEmbeddedGL_fs_postfx_lut[] = {
    0x46, 0x53, 0x48, 0x0b, 0x6f, 0x1e, 0x3e, 0x3c, 0x00, 0x00, 0x00, 0x00,
    0x00, 0x00, 0x2e, 0x14, 0x00, 0x00, 0x23, 0x76, 0x65, 0x72, 0x73, 0x69,
    0x6f, 0x6e, 0x20, 0x34, 0x33, 0x30, 0x0a, 0x23, 0x64, 0x65, 0x66, 0x69,
    0x6e, 0x65, 0x20, 0x74, 0x65, 0x78, 0x74, 0x75, 0x72, 0x65, 0x32, 0x44,
    0x20, 0x20, 0x20, 0x20, 0x20, 0x20, 0x20, 0x20, 0x20, 0x20, 0x74, 0x65,
    0x78, 0x74, 0x75, 0x72, 0x65, 0x0a, 0x23, 0x64, 0x65, 0x66, 0x69, 0x6e,
    0x65, 0x20, 0x74, 0x65, 0x78, 0x74, 0x75, 0x72, 0x65, 0x32, 0x44, 0x4c,
    0x6f, 0x64, 0x20, 0x20, 0x20, 0x20, 0x20, 0x20, 0x20, 0x74, 0x65, 0x78,
    0x74, 0x75, 0x72, 0x65, 0x4c, 0x6f, 0x64, 0x0a, 0x23, 0x64, 0x65, 0x66,
    0x69, 0x6e, 0x65, 0x20, 0x74, 0x65, 0x78, 0x74, 0x75, 0x72, 0x65, 0x32,
    0x44, 0x47, 0x72, 0x61, 0x64, 0x20, 0x20, 0x20, 0x20, 0x20, 0x20, 0x74,
    0x65, 0x78, 0x74, 0x75, 0x72, 0x65, 0x47, 0x72, 0x61, 0x64, 0x0a, 0x23,
    0x64, 0x65, 0x66, 0x69, 0x6e, 0x65, 0x20, 0x74, 0x65, 0x78, 0x74, 0x75,
    0x72, 0x65, 0x32, 0x44, 0x50, 0x72, 0x6f, 0x6a, 0x4c, 0x6f, 0x64, 0x20,
    0x20, 0x20, 0x74, 0x65, 0x78, 0x74, 0x75, 0x72, 0x65, 0x50, 0x72, 0x6f,
    0x6a, 0x4c, 0x6f, 0x64, 0x0a, 0x23, 0x64, 0x65, 0x66, 0x69, 0x6e, 0x65,
    0x20, 0x74, 0x65, 0x78, 0x74, 0x75, 0x72, 0x65, 0x32, 0x44, 0x50, 0x72,
    0x6f, 0x6a, 0x47, 0x72, 0x61, 0x64, 0x20, 0x20, 0x74, 0x65, 0x78, 0x74,
    0x75, 0x72, 0x65, 0x50, 0x72, 0x6f, 0x6a, 0x47, 0x72, 0x61, 0x64, 0x0a,
    0x23, 0x64, 0x65, 0x66, 0x69, 0x6e, 0x65, 0x20, 0x74, 0x65, 0x78, 0x74,
    0x75, 0x72, 0x65, 0x43, 0x75, 0x62, 0x65, 0x4c, 0x6f, 0x64, 0x20, 0x20,
    0x20, 0x20, 0x20, 0x74, 0x65, 0x78, 0x74, 0x75, 0x72, 0x65, 0x4c, 0x6f,
    0x64, 0x0a, 0x23, 0x64, 0x65, 0x66, 0x69, 0x6e, 0x65, 0x20, 0x74, 0x65,
    0x78, 0x74, 0x75, 0x72, 0x65, 0x43, 0x75, 0x62, 0x65, 0x47, 0x72, 0x61,
    0x64, 0x20, 0x20, 0x20, 0x20, 0x74, 0x65, 0x78, 0x74, 0x75, 0x72, 0x65,
    0x47, 0x72, 0x61, 0x64, 0x0a, 0x23, 0x64, 0x65, 0x66, 0x69, 0x6e, 0x65,
    0x20, 0x74, 0x65, 0x78, 0x74, 0x75, 0x72, 0x65, 0x33, 0x44, 0x20, 0x20,
    0x20, 0x20, 0x20, 0x20, 0x20, 0x20, 0x20, 0x20, 0x74, 0x65, 0x78, 0x74,
    0x75, 0x72, 0x65, 0x0a, 0x23, 0x64, 0x65, 0x66, 0x69, 0x6e, 0x65, 0x20,
    0x74, 0x65, 0x78, 0x74, 0x75, 0x72, 0x65, 0x32, 0x44, 0x4c, 0x6f, 0x64,
    0x4f, 0x66, 0x66, 0x73, 0x65, 0x74, 0x20, 0x74, 0x65, 0x78, 0x74, 0x75,
    0x72, 0x65, 0x4c, 0x6f, 0x64, 0x4f, 0x66, 0x66, 0x73, 0x65, 0x74, 0x0a,
    0x23, 0x64, 0x65, 0x66, 0x69, 0x6e, 0x65, 0x20, 0x61, 0x74, 0x74, 0x72,
    0x69, 0x62, 0x75, 0x74, 0x65, 0x20, 0x69, 0x6e, 0x0a, 0x23, 0x64, 0x65,
    0x66, 0x69, 0x6e, 0x65, 0x20, 0x76, 0x61, 0x72, 0x79, 0x69, 0x6e, 0x67,
    0x20, 0x69, 0x6e, 0x0a, 0x23, 0x64, 0x65, 0x66, 0x69, 0x6e, 0x65, 0x20,
    0x62, 0x67, 0x66, 0x78, 0x53, 0x68, 0x61, 0x64, 0x6f, 0x77, 0x32, 0x44,
    0x28, 0x5f, 0x73, 0x61, 0x6d, 0x70, 0x6c, 0x65, 0x72, 0x2c, 0x20, 0x5f,
    0x63, 0x6f, 0x6f, 0x72, 0x64, 0x29, 0x20, 0x20, 0x20, 0x20, 0x20, 0x76,
    0x65, 0x63, 0x34, 0x5f, 0x73, 0x70, 0x6c, 0x61, 0x74, 0x28, 0x74, 0x65,
    0x78, 0x74, 0x75, 0x72, 0x65, 0x28, 0x5f, 0x73, 0x61, 0x6d, 0x70, 0x6c,
    0x65, 0x72, 0x2c, 0x20, 0x5f, 0x63, 0x6f, 0x6f, 0x72, 0x64, 0x29, 0x20,
    0x29, 0x0a, 0x23, 0x64, 0x65, 0x66, 0x69, 0x6e, 0x65, 0x20, 0x62, 0x67,
    0x66, 0x78, 0x53, 0x68, 0x61, 0x64, 0x6f, 0x77, 0x32, 0x44, 0x50, 0x72,
    0x6f, 0x6a, 0x28, 0x5f, 0x73, 0x61, 0x6d, 0x70, 0x6c, 0x65, 0x72, 0x2c,
    0x20, 0x5f, 0x63, 0x6f, 0x6f, 0x72, 0x64, 0x29, 0x20, 0x76, 0x65, 0x63,
    0x34, 0x5f, 0x73, 0x70, 0x6c, 0x61, 0x74, 0x28, 0x74, 0x65, 0x78, 0x74,
    0x75, 0x72, 0x65, 0x50, 0x72, 0x6f, 0x6a, 0x28, 0x5f, 0x73, 0x61, 0x6d,
    0x70, 0x6c, 0x65, 0x72, 0x2c, 0x20, 0x5f, 0x63, 0x6f, 0x6f, 0x72, 0x64,
    0x29, 0x20, 0x29, 0x0a, 0x76, 0x61, 0x72, 0x79, 0x69, 0x6e, 0x67, 0x20,
    0x76, 0x65, 0x63, 0x32, 0x20, 0x76, 0x5f, 0x74, 0x65, 0x78, 0x63, 0x6f,
    0x6f, 0x72, 0x64, 0x30, 0x3b, 0x0a, 0x66, 0x6c, 0x6f, 0x61, 0x74, 0x20,
    0x72, 0x63, 0x70, 0x28, 0x66, 0x6c, 0x6f, 0x61, 0x74, 0x20, 0x5f, 0x61,
    0x29, 0x20, 0x7b, 0x20, 0x72, 0x65, 0x74, 0x75, 0x72, 0x6e, 0x20, 0x31,
    0x2e, 0x30, 0x2f, 0x5f, 0x61, 0x3b, 0x20, 0x7d, 0x0a, 0x76, 0x65, 0x63,
    0x32, 0x20, 0x72, 0x63, 0x70, 0x28, 0x76, 0x65, 0x63, 0x32, 0x20, 0x5f,
    0x61, 0x29, 0x20, 0x7b, 0x20, 0x72, 0x65, 0x74, 0x75, 0x72, 0x6e, 0x20,
    0x76, 0x65, 0x63, 0x32, 0x28, 0x31, 0x2e, 0x30, 0x29, 0x2f, 0x5f, 0x61,
    0x3b, 0x20, 0x7d, 0x0a, 0x76, 0x65, 0x63, 0x33, 0x20, 0x72, 0x63, 0x70,
    0x28, 0x76, 0x65, 0x63, 0x33, 0x20, 0x5f, 0x61, 0x29, 0x20, 0x7b, 0x20,
    0x72, 0x65, 0x74, 0x75, 0x72, 0x6e, 0x20, 0x76, 0x65, 0x63, 0x33, 0x28,
    0x31, 0x2e, 0x30, 0x29, 0x2f, 0x5f, 0x61, 0x3b, 0x20, 0x7d, 0x0a, 0x76,
    0x65, 0x63, 0x34, 0x20, 0x72, 0x63, 0x70, 0x28, 0x76, 0x65, 0x63, 0x34,
    0x20, 0x5f, 0x61, 0x29, 0x20, 0x7b, 0x20, 0x72, 0x65, 0x74, 0x75, 0x72,
    0x6e, 0x20, 0x76, 0x65, 0x63, 0x34, 0x28, 0x31, 0x2e, 0x30, 0x29, 0x2f,
    0x5f, 0x61, 0x3b, 0x20, 0x7d, 0x0a, 0x76, 0x65, 0x63, 0x32, 0x20, 0x76,
    0x65, 0x63, 0x32, 0x5f, 0x73, 0x70, 0x6c, 0x61, 0x74, 0x28, 0x66, 0x6c,
    0x6f, 0x61, 0x74, 0x20, 0x5f, 0x78, 0x29, 0x20, 0x7b, 0x20, 0x72, 0x65,
    0x74, 0x75, 0x72, 0x6e, 0x20, 0x76, 0x65, 0x63, 0x32, 0x28, 0x5f, 0x78,
    0x2c, 0x20, 0x5f, 0x78, 0x29, 0x3b, 0x20, 0x7d, 0x0a, 0x76, 0x65, 0x63,
    0x33, 0x20, 0x76, 0x65, 0x63, 0x33, 0x5f, 0x73, 0x70, 0x6c, 0x61, 0x74,
    0x28, 0x66, 0x6c, 0x6f, 0x61, 0x74, 0x20, 0x5f, 0x78, 0x29, 0x20, 0x7b,
    0x20, 0x72, 0x65, 0x74, 0x75, 0x72, 0x6e, 0x20, 0x76, 0x65, 0x63, 0x33,
    0x28, 0x5f, 0x78, 0x2c, 0x20, 0x5f, 0x78, 0x2c, 0x20, 0x5f, 0x78, 0x29,
    0x3b, 0x20, 0x7d, 0x0a, 0x76, 0x65, 0x63, 0x34, 0x20, 0x76, 0x65, 0x63,
    0x34, 0x5f, 0x73, 0x70, 0x6c, 0x61, 0x74, 0x28, 0x66, 0x6c, 0x6f, 0x61,
    0x74, 0x20, 0x5f, 0x78, 0x29, 0x20, 0x7b, 0x20, 0x72, 0x65, 0x74, 0x75,
    0x72, 0x6e, 0x20, 0x76, 0x65, 0x63, 0x34, 0x28, 0x5f, 0x78, 0x2c, 0x20,
    0x5f, 0x78, 0x2c, 0x20, 0x5f, 0x78, 0x2c, 0x20, 0x5f, 0x78, 0x29, 0x3b,
    0x20, 0x7d, 0x0a, 0x75, 0x76, 0x65, 0x63, 0x32, 0x20, 0x75, 0x76, 0x65,
    0x63, 0x32, 0x5f, 0x73, 0x70, 0x6c, 0x61, 0x74, 0x28, 0x75, 0x69, 0x6e,
    0x74, 0x20, 0x5f, 0x78, 0x29, 0x20, 0x7b, 0x20, 0x72, 0x65, 0x74, 0x75,
    0x72, 0x6e, 0x20, 0x75, 0x76, 0x65, 0x63, 0x32, 0x28, 0x5f, 0x78, 0x2c,
    0x20, 0x5f, 0x78, 0x29, 0x3b, 0x20, 0x7d, 0x0a, 0x75, 0x76, 0x65, 0x63,
    0x33, 0x20, 0x75, 0x76, 0x65, 0x63, 0x33, 0x5f, 0x73, 0x70, 0x6c, 0x61,
    0x74, 0x28, 0x75, 0x69, 0x6e, 0x74, 0x20, 0x5f, 0x78, 0x29, 0x20, 0x7b,
    0x20, 0x72, 0x65, 0x74, 0x75, 0x72, 0x6e, 0x20, 0x75, 0x76, 0x65, 0x63,
    0x33, 0x28, 0x5f, 0x78, 0x2c, 0x20, 0x5f, 0x78, 0x2c, 0x20, 0x5f, 0x78,
    0x29, 0x3b, 0x20, 0x7d, 0x0a, 0x75, 0x76, 0x65, 0x63, 0x34, 0x20, 0x75,
    0x76, 0x65, 0x63, 0x34, 0x5f, 0x73, 0x70, 0x6c, 0x61, 0x74, 0x28, 0x75,
    0x69, 0x6e, 0x74, 0x20, 0x5f, 0x78, 0x29, 0x20, 0x7b, 0x20, 0x72, 0x65,
    0x74, 0x75, 0x72, 0x6e, 0x20, 0x75, 0x76, 0x65, 0x63, 0x34, 0x28, 0x5f,
    0x78, 0x2c, 0x20, 0x5f, 0x78, 0x2c, 0x20, 0x5f, 0x78, 0x2c, 0x20, 0x5f,
    0x78, 0x29, 0x3b, 0x20, 0x7d, 0x0a, 0x6d, 0x61, 0x74, 0x34, 0x20, 0x6d,
    0x74, 0x78, 0x46, 0x72, 0x6f, 0x6d, 0x52, 0x6f, 0x77, 0x73, 0x28, 0x76,
    0x65, 0x63, 0x34, 0x20, 0x5f, 0x30, 0x2c, 0x20, 0x76, 0x65, 0x63, 0x34,
    0x20, 0x5f, 0x31, 0x2c, 0x20, 0x76, 0x65, 0x63, 0x34, 0x20, 0x5f, 0x32,
    0x2c, 0x20, 0x76, 0x65, 0x63, 0x34, 0x20, 0x5f, 0x33, 0x29, 0x0a, 0x7b,
    0x0a, 0x72, 0x65, 0x74, 0x75, 0x72, 0x6e, 0x20, 0x74, 0x72, 0x61, 0x6e,
    0x73, 0x70, 0x6f, 0x73, 0x65, 0x28, 0x6d, 0x61, 0x74, 0x34, 0x28, 0x5f,
    0x30, 0x2c, 0x20, 0x5f, 0x31, 0x2c, 0x20, 0x5f, 0x32, 0x2c, 0x20, 0x5f,
    0x33, 0x29, 0x20, 0x29, 0x3b, 0x0a, 0x7d, 0x0a, 0x6d, 0x61, 0x74, 0x34,
    0x20, 0x6d, 0x74, 0x78, 0x46, 0x72, 0x6f, 0x6d, 0x43, 0x6f, 0x6c, 0x73,
    0x28, 0x76, 0x65, 0x63, 0x34, 0x20, 0x5f, 0x30, 0x2c, 0x20, 0x76, 0x65,
    0x63, 0x34, 0x20, 0x5f, 0x31, 0x2c, 0x20, 0x76, 0x65, 0x63, 0x34, 0x20,
    0x5f, 0x32, 0x2c, 0x20, 0x76, 0x65, 0x63, 0x34, 0x20, 0x5f, 0x33, 0x29,
    0x0a, 0x7b, 0x0a, 0x72, 0x65, 0x74, 0x75, 0x72, 0x6e, 0x20, 0x6d, 0x61,
    0x74, 0x34, 0x28, 0x5f, 0x30, 0x2c, 0x20, 0x5f, 0x31, 0x2c, 0x20, 0x5f,
    0x32, 0x2c, 0x20, 0x5f, 0x33, 0x29, 0x3b, 0x0a, 0x7d, 0x0a, 0x6d, 0x61,
    0x74, 0x33, 0x20, 0x6d, 0x74, 0x78, 0x46, 0x72, 0x6f, 0x6d, 0x52, 0x6f,
    0x77, 0x73, 0x28, 0x76, 0x65, 0x63, 0x33, 0x20, 0x5f, 0x30, 0x2c, 0x20,
    0x76, 0x65, 0x63, 0x33, 0x20, 0x5f, 0x31, 0x2c, 0x20, 0x76, 0x65, 0x63,
    0x33, 0x20, 0x5f, 0x32, 0x29, 0x0a, 0x7b, 0x0a, 0x72, 0x65, 0x74, 0x75,
    0x72, 0x6e, 0x20, 0x74, 0x72, 0x61, 0x6e, 0x73, 0x70, 0x6f, 0x73, 0x65,
    0x28, 0x6d, 0x61, 0x74, 0x33, 0x28, 0x5f, 0x30, 0x2c, 0x20, 0x5f, 0x31,
    0x2c, 0x20, 0x5f, 0x32, 0x29, 0x20, 0x29, 0x3b, 0x0a, 0x7d, 0x0a, 0x6d,
    0x61, 0x74, 0x33, 0x20, 0x6d, 0x74, 0x78, 0x46, 0x72, 0x6f, 0x6d, 0x43,
    0x6f, 0x6c, 0x73, 0x28, 0x76, 0x65, 0x63, 0x33, 0x20, 0x5f, 0x30, 0x2c,
    0x20, 0x76, 0x65, 0x63, 0x33, 0x20, 0x5f, 0x31, 0x2c, 0x20, 0x76, 0x65,
    0x63, 0x33, 0x20, 0x5f, 0x32, 0x29, 0x0a, 0x7b, 0x0a, 0x72, 0x65, 0x74,
    0x75, 0x72, 0x6e, 0x20, 0x6d, 0x61, 0x74, 0x33, 0x28, 0x5f, 0x30, 0x2c,
    0x20, 0x5f, 0x31, 0x2c, 0x20, 0x5f, 0x32, 0x29, 0x3b, 0x0a, 0x7d, 0x0a,
    0x6d, 0x61, 0x74, 0x34, 0x78, 0x33, 0x20, 0x6d, 0x74, 0x78, 0x46, 0x72,
    0x6f, 0x6d, 0x52, 0x6f, 0x77, 0x73, 0x28, 0x76, 0x65, 0x63, 0x34, 0x20,
    0x5f, 0x30, 0x2c, 0x20, 0x76, 0x65, 0x63, 0x34, 0x20, 0x5f, 0x31, 0x2c,
    0x20, 0x76, 0x65, 0x63, 0x34, 0x20, 0x5f, 0x32, 0x29, 0x0a, 0x7b, 0x0a,
    0x72, 0x65, 0x74, 0x75, 0x72, 0x6e, 0x20, 0x74, 0x72, 0x61, 0x6e, 0x73,
    0x70, 0x6f, 0x73, 0x65, 0x28, 0x6d, 0x61, 0x74, 0x33, 0x78, 0x34, 0x28,
    0x5f, 0x30, 0x2c, 0x20, 0x5f, 0x31, 0x2c, 0x20, 0x5f, 0x32, 0x29, 0x20,
    0x29, 0x3b, 0x0a, 0x7d, 0x0a, 0x76, 0x65, 0x63, 0x33, 0x20, 0x6d, 0x74,
    0x78, 0x47, 0x65, 0x74, 0x52, 0x6f, 0x77, 0x28, 0x6d, 0x61, 0x74, 0x33,
    0x20, 0x5f, 0x6d, 0x74, 0x78, 0x2c, 0x20, 0x69, 0x6e, 0x74, 0x20, 0x5f,
    0x72, 0x6f, 0x77, 0x29, 0x0a, 0x7b, 0x0a, 0x72, 0x65, 0x74, 0x75, 0x72,
    0x6e, 0x20, 0x76, 0x65, 0x63, 0x33, 0x28, 0x5f, 0x6d, 0x74, 0x78, 0x5b,
    0x30, 0x5d, 0x5b, 0x5f, 0x72, 0x6f, 0x77, 0x5d, 0x2c, 0x20, 0x5f, 0x6d,
    0x74, 0x78, 0x5b, 0x31, 0x5d, 0x5b, 0x5f, 0x72, 0x6f, 0x77, 0x5d, 0x2c,
    0x20, 0x5f, 0x6d, 0x74, 0x78, 0x5b, 0x32, 0x5d, 0x5b, 0x5f, 0x72, 0x6f,
    0x77, 0x5d, 0x29, 0x3b, 0x0a, 0x7d, 0x0a, 0x76, 0x65, 0x63, 0x33, 0x20,
    0x6d, 0x74, 0x78, 0x47, 0x65, 0x74, 0x43, 0x6f, 0x6c, 0x75, 0x6d, 0x6e,
    0x28, 0x6d, 0x61, 0x74, 0x33, 0x20, 0x5f, 0x6d, 0x74, 0x78, 0x2c, 0x20,
    0x69, 0x6e, 0x74, 0x20, 0x5f, 0x63, 0x6f, 0x6c, 0x75, 0x6d, 0x6e, 0x29,
    0x0a, 0x7b, 0x0a, 0x72, 0x65, 0x74, 0x75, 0x72, 0x6e, 0x20, 0x76, 0x65,
    0x63, 0x33, 0x28, 0x5f, 0x6d, 0x74, 0x78, 0x5b, 0x5f, 0x63, 0x6f, 0x6c,
    0x75, 0x6d, 0x6e, 0x5d, 0x29, 0x3b, 0x0a, 0x7d, 0x0a, 0x76, 0x65, 0x63,
    0x34, 0x20, 0x6d, 0x74, 0x78, 0x47, 0x65, 0x74, 0x52, 0x6f, 0x77, 0x28,
    0x6d, 0x61, 0x74, 0x34, 0x78, 0x33, 0x20, 0x5f, 0x6d, 0x74, 0x78, 0x2c,
    0x20, 0x69, 0x6e, 0x74, 0x20, 0x5f, 0x72, 0x6f, 0x77, 0x29, 0x0a, 0x7b,
    0x0a, 0x72, 0x65, 0x74, 0x75, 0x72, 0x6e, 0x20, 0x76, 0x65, 0x63, 0x34,
    0x28, 0x5f, 0x6d, 0x74, 0x78, 0x5b, 0x30, 0x5d, 0x5b, 0x5f, 0x72, 0x6f,
    0x77, 0x5d, 0x2c, 0x20, 0x5f, 0x6d, 0x74, 0x78, 0x5b, 0x31, 0x5d, 0x5b,
    0x5f, 0x72, 0x6f, 0x77, 0x5d, 0x2c, 0x20, 0x5f, 0x6d, 0x74, 0x78, 0x5b,
    0x32, 0x5d, 0x5b, 0x5f, 0x72, 0x6f, 0x77, 0x5d, 0x2c, 0x20, 0x5f, 0x6d,
    0x74, 0x78, 0x5b, 0x33, 0x5d, 0x5b, 0x5f, 0x72, 0x6f, 0x77, 0x5d, 0x29,
    0x3b, 0x0a, 0x7d, 0x0a, 0x76, 0x65, 0x63, 0x33, 0x20, 0x6d, 0x74, 0x78,
    0x47, 0x65, 0x74, 0x43, 0x6f, 0x6c, 0x75, 0x6d, 0x6e, 0x28, 0x6d, 0x61,
    0x74, 0x34, 0x78, 0x33, 0x20, 0x5f, 0x6d, 0x74, 0x78, 0x2c, 0x20, 0x69,
    0x6e, 0x74, 0x20, 0x5f, 0x63, 0x6f, 0x6c, 0x75, 0x6d, 0x6e, 0x29, 0x0a,
    0x7b, 0x0a, 0x72, 0x65, 0x74, 0x75, 0x72, 0x6e, 0x20, 0x76, 0x65, 0x63,
    0x33, 0x28, 0x5f, 0x6d, 0x74, 0x78, 0x5b, 0x5f, 0x63, 0x6f, 0x6c, 0x75,
    0x6d, 0x6e, 0x5d, 0x29, 0x3b, 0x0a, 0x7d, 0x0a, 0x76, 0x65, 0x63, 0x34,
    0x20, 0x6d, 0x74, 0x78, 0x47, 0x65, 0x74, 0x52, 0x6f, 0x77, 0x28, 0x6d,
    0x61, 0x74, 0x34, 0x20, 0x5f, 0x6d, 0x74, 0x78, 0x2c, 0x20, 0x69, 0x6e,
    0x74, 0x20, 0x5f, 0x72, 0x6f, 0x77, 0x29, 0x0a, 0x7b, 0x0a, 0x72, 0x65,
    0x74, 0x75, 0x72, 0x6e, 0x20, 0x76, 0x65, 0x63, 0x34, 0x28, 0x5f, 0x6d,
    0x74, 0x78, 0x5b, 0x30, 0x5d, 0x5b, 0x5f, 0x72, 0x6f, 0x77, 0x5d, 0x2c,
    0x20, 0x5f, 0x6d, 0x74, 0x78, 0x5b, 0x31, 0x5d, 0x5b, 0x5f, 0x72, 0x6f,
    0x77, 0x5d, 0x2c, 0x20, 0x5f, 0x6d, 0x74, 0x78, 0x5b, 0x32, 0x5d, 0x5b,
    0x5f, 0x72, 0x6f, 0x77, 0x5d, 0x2c, 0x20, 0x5f, 0x6d, 0x74, 0x78, 0x5b,
    0x33, 0x5d, 0x5b, 0x5f, 0x72, 0x6f, 0x77, 0x5d, 0x29, 0x3b, 0x0a, 0x7d,
    0x0a, 0x76, 0x65, 0x63, 0x34, 0x20, 0x6d, 0x74, 0x78, 0x47, 0x65, 0x74,
    0x43, 0x6f, 0x6c, 0x75, 0x6d, 0x6e, 0x28, 0x6d, 0x61, 0x74, 0x34, 0x20,
    0x5f, 0x6d, 0x74, 0x78, 0x2c, 0x20, 0x69, 0x6e, 0x74, 0x20, 0x5f, 0x63,
    0x6f, 0x6c, 0x75, 0x6d, 0x6e, 0x29, 0x0a, 0x7b, 0x0a, 0x72, 0x65, 0x74,
    0x75, 0x72, 0x6e, 0x20, 0x76, 0x65, 0x63, 0x34, 0x28, 0x5f, 0x6d, 0x74,
    0x78, 0x5b, 0x5f, 0x63, 0x6f, 0x6c, 0x75, 0x6d, 0x6e, 0x5d, 0x29, 0x3b,
    0x0a, 0x7d, 0x0a, 0x66, 0x6c, 0x6f, 0x61, 0x74, 0x20, 0x6d, 0x74, 0x78,
    0x47, 0x65, 0x74, 0x45, 0x6c, 0x65, 0x6d, 0x65, 0x6e, 0x74, 0x28, 0x6d,
    0x61, 0x74, 0x33, 0x20, 0x5f, 0x6d, 0x74, 0x78, 0x2c, 0x20, 0x69, 0x6e,
    0x74, 0x20, 0x5f, 0x63, 0x6f, 0x6c, 0x75, 0x6d, 0x6e, 0x2c, 0x20, 0x69,
    0x6e, 0x74, 0x20, 0x5f, 0x72, 0x6f, 0x77, 0x29, 0x0a, 0x7b, 0x0a, 0x72,
    0x65, 0x74, 0x75, 0x72, 0x6e, 0x20, 0x5f, 0x6d, 0x74, 0x78, 0x5b, 0x5f,
    0x63, 0x6f, 0x6c, 0x75, 0x6d, 0x6e, 0x5d, 0x5b, 0x5f, 0x72, 0x6f, 0x77,
    0x5d, 0x3b, 0x0a, 0x7d, 0x0a, 0x66, 0x6c, 0x6f, 0x61, 0x74, 0x20, 0x6d,
    0x74, 0x78, 0x47, 0x65, 0x74, 0x45, 0x6c, 0x65, 0x6d, 0x65, 0x6e, 0x74,
    0x28, 0x6d, 0x61, 0x74, 0x34, 0x20, 0x5f, 0x6d, 0x74, 0x78, 0x2c, 0x20,
    0x69, 0x6e, 0x74, 0x20, 0x5f, 0x63, 0x6f, 0x6c, 0x75, 0x6d, 0x6e, 0x2c,
    0x20, 0x69, 0x6e, 0x74, 0x20, 0x5f, 0x72, 0x6f, 0x77, 0x29, 0x0a, 0x7b,
    0x0a, 0x72, 0x65, 0x74, 0x75, 0x72, 0x6e, 0x20, 0x5f, 0x6d, 0x74, 0x78,
    0x5b, 0x5f, 0x63, 0x6f, 0x6c, 0x75, 0x6d, 0x6e, 0x5d, 0x5b, 0x5f, 0x72,
    0x6f, 0x77, 0x5d, 0x3b, 0x0a, 0x7d, 0x0a, 0x66, 0x6c, 0x6f, 0x61, 0x74,
    0x20, 0x73, 0x65, 0x6c, 0x65, 0x63, 0x74, 0x28, 0x62, 0x6f, 0x6f, 0x6c,
    0x20, 0x5f, 0x63, 0x6f, 0x6e, 0x64, 0x2c, 0x20, 0x66, 0x6c, 0x6f, 0x61,
    0x74, 0x20, 0x5f, 0x74, 0x72, 0x75, 0x65, 0x2c, 0x20, 0x66, 0x6c, 0x6f,
    0x61, 0x74, 0x20, 0x5f, 0x66, 0x61, 0x6c, 0x73, 0x65, 0x29, 0x20, 0x7b,
    0x20, 0x72, 0x65, 0x74, 0x75, 0x72, 0x6e, 0x20, 0x5f, 0x63, 0x6f, 0x6e,
    0x64, 0x20, 0x3f, 0x20, 0x5f, 0x74, 0x72, 0x75, 0x65, 0x20, 0x3a, 0x20,
    0x5f, 0x66, 0x61, 0x6c, 0x73, 0x65, 0x3b, 0x20, 0x7d, 0x0a, 0x76, 0x65,
    0x63, 0x32, 0x20, 0x73, 0x65, 0x6c, 0x65, 0x63, 0x74, 0x28, 0x62, 0x6f,
    0x6f, 0x6c, 0x20, 0x5f, 0x63, 0x6f, 0x6e, 0x64, 0x2c, 0x20, 0x76, 0x65,
    0x63, 0x32, 0x20, 0x5f, 0x74, 0x72, 0x75, 0x65, 0x2c, 0x20, 0x76, 0x65,
    0x63, 0x32, 0x20, 0x5f, 0x66, 0x61, 0x6c, 0x73, 0x65, 0x29, 0x20, 0x7b,
    0x20, 0x72, 0x65, 0x74, 0x75, 0x72, 0x6e, 0x20, 0x5f, 0x63, 0x6f, 0x6e,
    0x64, 0x20, 0x3f, 0x20, 0x5f, 0x74, 0x72, 0x75, 0x65, 0x20, 0x3a, 0x20,
    0x5f, 0x66, 0x61, 0x6c, 0x73, 0x65, 0x3b, 0x20, 0x7d, 0x0a, 0x76, 0x65,
    0x63, 0x33, 0x20, 0x73, 0x65, 0x6c, 0x65, 0x63, 0x74, 0x28, 0x62, 0x6f,
    0x6f, 0x6c, 0x20, 0x5f, 0x63, 0x6f, 0x6e, 0x64, 0x2c, 0x20, 0x76, 0x65,
    0x63, 0x33, 0x20, 0x5f, 0x74, 0x72, 0x75, 0x65, 0x2c, 0x20, 0x76, 0x65,
    0x63, 0x33, 0x20, 0x5f, 0x66, 0x61, 0x6c, 0x73, 0x65, 0x29, 0x20, 0x7b,
    0x20, 0x72, 0x65, 0x74, 0x75, 0x72, 0x6e, 0x20, 0x5f, 0x63, 0x6f, 0x6e,
    0x64, 0x20, 0x3f, 0x20, 0x5f, 0x74, 0x72, 0x75, 0x65, 0x20, 0x3a, 0x20,
    0x5f, 0x66, 0x61, 0x6c, 0x73, 0x65, 0x3b, 0x20, 0x7d, 0x0a, 0x76, 0x65,
    0x63, 0x34, 0x20, 0x73, 0x65, 0x6c, 0x65, 0x63, 0x74, 0x28, 0x62, 0x6f,
    0x6f, 0x6c, 0x20, 0x5f, 0x63, 0x6f, 0x6e, 0x64, 0x2c, 0x20, 0x76, 0x65,
    0x63, 0x34, 0x20, 0x5f, 0x74, 0x72, 0x75, 0x65, 0x2c, 0x20, 0x76, 0x65,
    0x63, 0x34, 0x20, 0x5f, 0x66, 0x61, 0x6c, 0x73, 0x65, 0x29, 0x20, 0x7b,
    0x20, 0x72, 0x65, 0x74, 0x75, 0x72, 0x6e, 0x20, 0x5f, 0x63, 0x6f, 0x6e,
    0x64, 0x20, 0x3f, 0x20, 0x5f, 0x74, 0x72, 0x75, 0x65, 0x20, 0x3a, 0x20,
    0x5f, 0x66, 0x61, 0x6c, 0x73, 0x65, 0x3b, 0x20, 0x7d, 0x0a, 0x76, 0x65,
    0x63, 0x32, 0x20, 0x73, 0x65, 0x6c, 0x65, 0x63, 0x74, 0x28, 0x62, 0x76,
    0x65, 0x63, 0x32, 0x20, 0x5f, 0x63, 0x6f, 0x6e, 0x64, 0x2c, 0x20, 0x76,
    0x65, 0x63, 0x32, 0x20, 0x5f, 0x74, 0x72, 0x75, 0x65, 0x2c, 0x20, 0x76,
    0x65, 0x63, 0x32, 0x20, 0x5f, 0x66, 0x61, 0x6c, 0x73, 0x65, 0x29, 0x20,
    0x7b, 0x20, 0x72, 0x65, 0x74, 0x75, 0x72, 0x6e, 0x20, 0x28, 0x76, 0x65,
    0x63, 0x32, 0x28, 0x5f, 0x63, 0x6f, 0x6e, 0x64, 0x29, 0x20, 0x2a, 0x20,
    0x5f, 0x74, 0x72, 0x75, 0x65, 0x29, 0x20, 0x2b, 0x20, 0x28, 0x76, 0x65,
    0x63, 0x32, 0x28, 0x6e, 0x6f, 0x74, 0x28, 0x5f, 0x63, 0x6f, 0x6e, 0x64,
    0x29, 0x20, 0x29, 0x20, 0x2a, 0x20, 0x5f, 0x66, 0x61, 0x6c, 0x73, 0x65,
    0x29, 0x3b, 0x20, 0x7d, 0x0a, 0x76, 0x65, 0x63, 0x33, 0x20, 0x73, 0x65,
    0x6c, 0x65, 0x63, 0x74, 0x28, 0x62, 0x76, 0x65, 0x63, 0x33, 0x20, 0x5f,
    0x63, 0x6f, 0x6e, 0x64, 0x2c, 0x20, 0x76, 0x65, 0x63, 0x33, 0x20, 0x5f,
    0x74, 0x72, 0x75, 0x65, 0x2c, 0x20, 0x76, 0x65, 0x63, 0x33, 0x20, 0x5f,
    0x66, 0x61, 0x6c, 0x73, 0x65, 0x29, 0x20, 0x7b, 0x20, 0x72, 0x65, 0x74,
    0x75, 0x72, 0x6e, 0x20, 0x28, 0x76, 0x65, 0x63, 0x33, 0x28, 0x5f, 0x63,
    0x6f, 0x6e, 0x64, 0x29, 0x20, 0x2a, 0x20, 0x5f, 0x74, 0x72, 0x75, 0x65,
    0x29, 0x20, 0x2b, 0x20, 0x28, 0x76, 0x65, 0x63, 0x33, 0x28, 0x6e, 0x6f,
    0x74, 0x28, 0x5f, 0x63, 0x6f, 0x6e, 0x64, 0x29, 0x20, 0x29, 0x20, 0x2a,
    0x20, 0x5f, 0x66, 0x61, 0x6c, 0x73, 0x65, 0x29, 0x3b, 0x20, 0x7d, 0x0a,
    0x76, 0x65, 0x63, 0x34, 0x20, 0x73, 0x65, 0x6c, 0x65, 0x63, 0x74, 0x28,
    0x62, 0x76, 0x65, 0x63, 0x34, 0x20, 0x5f, 0x63, 0x6f, 0x6e, 0x64, 0x2c,
    0x20, 0x76, 0x65, 0x63, 0x34, 0x20, 0x5f, 0x74, 0x72, 0x75, 0x65, 0x2c,
    0x20, 0x76, 0x65, 0x63, 0x34, 0x20, 0x5f, 0x66, 0x61, 0x6c, 0x73, 0x65,
    0x29, 0x20, 0x7b, 0x20, 0x72, 0x65, 0x74, 0x75, 0x72, 0x6e, 0x20, 0x28,
    0x76, 0x65, 0x63, 0x34, 0x28, 0x5f, 0x63, 0x6f, 0x6e, 0x64, 0x29, 0x20,
    0x2a, 0x20, 0x5f, 0x74, 0x72, 0x75, 0x65, 0x29, 0x20, 0x2b, 0x20, 0x28,
    0x76, 0x65, 0x63, 0x34, 0x28, 0x6e, 0x6f, 0x74, 0x28, 0x5f, 0x63, 0x6f,
    0x6e, 0x64, 0x29, 0x20, 0x29, 0x20, 0x2a, 0x20, 0x5f, 0x66, 0x61, 0x6c,
    0x73, 0x65, 0x29, 0x3b, 0x20, 0x7d, 0x0a, 0x69, 0x6e, 0x74, 0x20, 0x73,
    0x65, 0x6c, 0x65, 0x63, 0x74, 0x28, 0x62, 0x6f, 0x6f, 0x6c, 0x20, 0x5f,
    0x63, 0x6f, 0x6e, 0x64, 0x2c, 0x20, 0x69, 0x6e, 0x74, 0x20, 0x5f, 0x74,
    0x72, 0x75, 0x65, 0x2c, 0x20, 0x69, 0x6e, 0x74, 0x20, 0x5f, 0x66, 0x61,
    0x6c, 0x73, 0x65, 0x29, 0x20, 0x7b, 0x20, 0x72, 0x65, 0x74, 0x75, 0x72,
    0x6e, 0x20, 0x5f, 0x63, 0x6f, 0x6e, 0x64, 0x20, 0x3f, 0x20, 0x5f, 0x74,
    0x72, 0x75, 0x65, 0x20, 0x3a, 0x20, 0x5f, 0x66, 0x61, 0x6c, 0x73, 0x65,
    0x3b, 0x20, 0x7d, 0x0a, 0x69, 0x76, 0x65, 0x63, 0x32, 0x20, 0x73, 0x65,
    0x6c, 0x65, 0x63, 0x74, 0x28, 0x62, 0x6f, 0x6f, 0x6c, 0x20, 0x5f, 0x63,
    0x6f, 0x6e, 0x64, 0x2c, 0x20, 0x69, 0x76, 0x65, 0x63, 0x32, 0x20, 0x5f,
    0x74, 0x72, 0x75, 0x65, 0x2c, 0x20, 0x69, 0x76, 0x65, 0x63, 0x32, 0x20,
    0x5f, 0x66, 0x61, 0x6c, 0x73, 0x65, 0x29, 0x20, 0x7b, 0x20, 0x72, 0x65,
    0x74, 0x75, 0x72, 0x6e, 0x20, 0x5f, 0x63, 0x6f, 0x6e, 0x64, 0x20, 0x3f,
    0x20, 0x5f, 0x74, 0x72, 0x75, 0x65, 0x20, 0x3a, 0x20, 0x5f, 0x66, 0x61,
    0x6c, 0x73, 0x65, 0x3b, 0x20, 0x7d, 0x0a, 0x69, 0x76, 0x65, 0x63, 0x33,
    0x20, 0x73, 0x65, 0x6c, 0x65, 0x63, 0x74, 0x28, 0x62, 0x6f, 0x6f, 0x6c,
    0x20, 0x5f, 0x63, 0x6f, 0x6e, 0x64, 0x2c, 0x20, 0x69, 0x76, 0x65, 0x63,
    0x33, 0x20, 0x5f, 0x74, 0x72, 0x75, 0x65, 0x2c, 0x20, 0x69, 0x76, 0x65,
    0x63, 0x33, 0x20, 0x5f, 0x66, 0x61, 0x6c, 0x73, 0x65, 0x29, 0x20, 0x7b,
    0x20, 0x72, 0x65, 0x74, 0x75, 0x72, 0x6e, 0x20, 0x5f, 0x63, 0x6f, 0x6e,
    0x64, 0x20, 0x3f, 0x20, 0x5f, 0x74, 0x72, 0x75, 0x65, 0x20, 0x3a, 0x20,
    0x5f, 0x66, 0x61, 0x6c, 0x73, 0x65, 0x3b, 0x20, 0x7d, 0x0a, 0x69, 0x76,
    0x65, 0x63, 0x34, 0x20, 0x73, 0x65, 0x6c, 0x65, 0x63, 0x74, 0x28, 0x62,
    0x6f, 0x6f, 0x6c, 0x20, 0x5f, 0x63, 0x6f, 0x6e, 0x64, 0x2c, 0x20, 0x69,
    0x76, 0x65, 0x63, 0x34, 0x20, 0x5f, 0x74, 0x72, 0x75, 0x65, 0x2c, 0x20,
    0x69, 0x76, 0x65, 0x63, 0x34, 0x20, 0x5f, 0x66, 0x61, 0x6c, 0x73, 0x65,
    0x29, 0x20, 0x7b, 0x20, 0x72, 0x65, 0x74, 0x75, 0x72, 0x6e, 0x20, 0x5f,
    0x63, 0x6f, 0x6e, 0x64, 0x20, 0x3f, 0x20, 0x5f, 0x74, 0x72, 0x75, 0x65,
    0x20, 0x3a, 0x20, 0x5f, 0x66, 0x61, 0x6c, 0x73, 0x65, 0x3b, 0x20, 0x7d,
    0x0a, 0x69, 0x76, 0x65, 0x63, 0x32, 0x20, 0x73, 0x65, 0x6c, 0x65, 0x63,
    0x74, 0x28, 0x62, 0x76, 0x65, 0x63, 0x32, 0x20, 0x5f, 0x63, 0x6f, 0x6e,
    0x64, 0x2c, 0x20, 0x69, 0x76, 0x65, 0x63, 0x32, 0x20, 0x5f, 0x74, 0x72,
    0x75, 0x65, 0x2c, 0x20, 0x69, 0x76, 0x65, 0x63, 0x32, 0x20, 0x5f, 0x66,
    0x61, 0x6c, 0x73, 0x65, 0x29, 0x20, 0x7b, 0x20, 0x72, 0x65, 0x74, 0x75,
    0x72, 0x6e, 0x20, 0x28, 0x69, 0x76, 0x65, 0x63, 0x32, 0x28, 0x5f, 0x63,
    0x6f, 0x6e, 0x64, 0x29, 0x20, 0x2a, 0x20, 0x5f, 0x74, 0x72, 0x75, 0x65,
    0x29, 0x20, 0x2b, 0x20, 0x28, 0x69, 0x76, 0x65, 0x63, 0x32, 0x28, 0x6e,
    0x6f, 0x74, 0x28, 0x5f, 0x63, 0x6f, 0x6e, 0x64, 0x29, 0x20, 0x29, 0x20,
    0x2a, 0x20, 0x5f, 0x66, 0x61, 0x6c, 0x73, 0x65, 0x29, 0x3b, 0x20, 0x7d,
    0x0a, 0x69, 0x76, 0x65, 0x63, 0x33, 0x20, 0x73, 0x65, 0x6c, 0x65, 0x63,
    0x74, 0x28, 0x62, 0x76, 0x65, 0x63, 0x33, 0x20, 0x5f, 0x63, 0x6f, 0x6e,
    0x64, 0x2c, 0x20, 0x69, 0x76, 0x65, 0x63, 0x33, 0x20, 0x5f, 0x74, 0x72,
    0x75, 0x65, 0x2c, 0x20, 0x69, 0x76, 0x65, 0x63, 0x33, 0x20, 0x5f, 0x66,
    0x61, 0x6c, 0x73, 0x65, 0x29, 0x20, 0x7b, 0x20, 0x72, 0x65, 0x74, 0x75,
    0x72, 0x6e, 0x20, 0x28, 0x69, 0x76, 0x65, 0x63, 0x33, 0x28, 0x5f, 0x63,
    0x6f, 0x6e, 0x64, 0x29, 0x20, 0x2a, 0x20, 0x5f, 0x74, 0x72, 0x75, 0x65,
    0x29, 0x20, 0x2b, 0x20, 0x28, 0x69, 0x76, 0x65, 0x63, 0x33, 0x28, 0x6e,
    0x6f, 0x74, 0x28, 0x5f, 0x63, 0x6f, 0x6e, 0x64, 0x29, 0x20, 0x29, 0x20,
    0x2a, 0x20, 0x5f, 0x66, 0x61, 0x6c, 0x73, 0x65, 0x29, 0x3b, 0x20, 0x7d,
    0x0a, 0x69, 0x76, 0x65, 0x63, 0x34, 0x20, 0x73, 0x65, 0x6c, 0x65, 0x63,
    0x74, 0x28, 0x62, 0x76, 0x65, 0x63, 0x34, 0x20, 0x5f, 0x63, 0x6f, 0x6e,
    0x64, 0x2c, 0x20, 0x69, 0x76, 0x65, 0x63, 0x34, 0x20, 0x5f, 0x74, 0x72,
    0x75, 0x65, 0x2c, 0x20, 0x69, 0x76, 0x65, 0x63, 0x34, 0x20, 0x5f, 0x66,
    0x61, 0x6c, 0x73, 0x65, 0x29, 0x20, 0x7b, 0x20, 0x72, 0x65, 0x74, 0x75,
    0x72, 0x6e, 0x20, 0x28, 0x69, 0x76, 0x65, 0x63, 0x34, 0x28, 0x5f, 0x63,
    0x6f, 0x6e, 0x64, 0x29, 0x20, 0x2a, 0x20, 0x5f, 0x74, 0x72, 0x75, 0x65,
    0x29, 0x20, 0x2b, 0x20, 0x28, 0x69, 0x76, 0x65, 0x63, 0x34, 0x28, 0x6e,
    0x6f, 0x74, 0x28, 0x5f, 0x63, 0x6f, 0x6e, 0x64, 0x29, 0x20, 0x29, 0x20,
    0x2a, 0x20, 0x5f, 0x66, 0x61, 0x6c, 0x73, 0x65, 0x29, 0x3b, 0x20, 0x7d,
    0x0a, 0x75, 0x69, 0x6e, 0x74, 0x20, 0x73, 0x65, 0x6c, 0x65, 0x63, 0x74,
    0x28, 0x62, 0x6f, 0x6f, 0x6c, 0x20, 0x5f, 0x63, 0x6f, 0x6e, 0x64, 0x2c,
    0x20, 0x75, 0x69, 0x6e, 0x74, 0x20, 0x5f, 0x74, 0x72, 0x75, 0x65, 0x2c,
    0x20, 0x75, 0x69, 0x6e, 0x74, 0x20, 0x5f, 0x66, 0x61, 0x6c, 0x73, 0x65,
    0x29, 0x20, 0x7b, 0x20, 0x72, 0x65, 0x74, 0x75, 0x72, 0x6e, 0x20, 0x5f,
    0x63, 0x6f, 0x6e, 0x64, 0x20, 0x3f, 0x20, 0x5f, 0x74, 0x72, 0x75, 0x65,
    0x20, 0x3a, 0x20, 0x5f, 0x66, 0x61, 0x6c, 0x73, 0x65, 0x3b, 0x20, 0x7d,
    0x0a, 0x75, 0x76, 0x65, 0x63, 0x32, 0x20, 0x73, 0x65, 0x6c, 0x65, 0x63,
    0x74, 0x28, 0x62, 0x6f, 0x6f, 0x6c, 0x20, 0x5f, 0x63, 0x6f, 0x6e, 0x64,
    0x2c, 0x20, 0x75, 0x76, 0x65, 0x63, 0x32, 0x20, 0x5f, 0x74, 0x72, 0x75,
    0x65, 0x2c, 0x20, 0x75, 0x76, 0x65, 0x63, 0x32, 0x20, 0x5f, 0x66, 0x61,
    0x6c, 0x73, 0x65, 0x29, 0x20, 0x7b, 0x20, 0x72, 0x65, 0x74, 0x75, 0x72,
    0x6e, 0x20, 0x5f, 0x63, 0x6f, 0x6e, 0x64, 0x20, 0x3f, 0x20, 0x5f, 0x74,
    0x72, 0x75, 0x65, 0x20, 0x3a, 0x20, 0x5f, 0x66, 0x61, 0x6c, 0x73, 0x65,
    0x3b, 0x20, 0x7d, 0x0a, 0x75, 0x76, 0x65, 0x63, 0x33, 0x20, 0x73, 0x65,
    0x6c, 0x65, 0x63, 0x74, 0x28, 0x62, 0x6f, 0x6f, 0x6c, 0x20, 0x5f, 0x63,
    0x6f, 0x6e, 0x64, 0x2c, 0x20, 0x75, 0x76, 0x65, 0x63, 0x33, 0x20, 0x5f,
    0x74, 0x72, 0x75, 0x65, 0x2c, 0x20, 0x75, 0x76, 0x65, 0x63, 0x33, 0x20,
    0x5f, 0x66, 0x61, 0x6c, 0x73, 0x65, 0x29, 0x20, 0x7b, 0x20, 0x72, 0x65,
    0x74, 0x75, 0x72, 0x6e, 0x20, 0x5f, 0x63, 0x6f, 0x6e, 0x64, 0x20, 0x3f,
    0x20, 0x5f, 0x74, 0x72, 0x75, 0x65, 0x20, 0x3a, 0x20, 0x5f, 0x66, 0x61,
    0x6c, 0x73, 0x65, 0x3b, 0x20, 0x7d, 0x0a, 0x75, 0x76, 0x65, 0x63, 0x34,
    0x20, 0x73, 0x65, 0x6c, 0x65, 0x63, 0x74, 0x28, 0x62, 0x6f, 0x6f, 0x6c,
    0x20, 0x5f, 0x63, 0x6f, 0x6e, 0x64, 0x2c, 0x20, 0x75, 0x76, 0x65, 0x63,
    0x34, 0x20, 0x5f, 0x74, 0x72, 0x75, 0x65, 0x2c, 0x20, 0x75, 0x76, 0x65,
    0x63, 0x34, 0x20, 0x5f, 0x66, 0x61, 0x6c, 0x73, 0x65, 0x29, 0x20, 0x7b,
    0x20, 0x72, 0x65, 0x74, 0x75, 0x72, 0x6e, 0x20, 0x5f, 0x63, 0x6f, 0x6e,
    0x64, 0x20, 0x3f, 0x20, 0x5f, 0x74, 0x72, 0x75, 0x65, 0x20, 0x3a, 0x20,
    0x5f, 0x66, 0x61, 0x6c, 0x73, 0x65, 0x3b, 0x20, 0x7d, 0x0a, 0x75, 0x76,
    0x65, 0x63, 0x32, 0x20, 0x73, 0x65, 0x6c, 0x65, 0x63, 0x74, 0x28, 0x62,
    0x76, 0x65, 0x63, 0x32, 0x20, 0x5f, 0x63, 0x6f, 0x6e, 0x64, 0x2c, 0x20,
    0x75, 0x76, 0x65, 0x63, 0x32, 0x20, 0x5f, 0x74, 0x72, 0x75, 0x65, 0x2c,
    0x20, 0x75, 0x76, 0x65, 0x63, 0x32, 0x20, 0x5f, 0x66, 0x61, 0x6c, 0x73,
    0x65, 0x29, 0x20, 0x7b, 0x20, 0x72, 0x65, 0x74, 0x75, 0x72, 0x6e, 0x20,
    0x28, 0x75, 0x76, 0x65, 0x63, 0x32, 0x28, 0x5f, 0x63, 0x6f, 0x6e, 0x64,
    0x29, 0x20, 0x2a, 0x20, 0x5f, 0x74, 0x72, 0x75, 0x65, 0x29, 0x20, 0x2b,
    0x20, 0x28, 0x75, 0x76, 0x65, 0x63, 0x32, 0x28, 0x6e, 0x6f, 0x74, 0x28,
    0x5f, 0x63, 0x6f, 0x6e, 0x64, 0x29, 0x20, 0x29, 0x20, 0x2a, 0x20, 0x5f,
    0x66, 0x61, 0x6c, 0x73, 0x65, 0x29, 0x3b, 0x20, 0x7d, 0x0a, 0x75, 0x76,
    0x65, 0x63, 0x33, 0x20, 0x73, 0x65, 0x6c, 0x65, 0x63, 0x74, 0x28, 0x62,
    0x76, 0x65, 0x63, 0x33, 0x20, 0x5f, 0x63, 0x6f, 0x6e, 0x64, 0x2c, 0x20,
    0x75, 0x76, 0x65, 0x63, 0x33, 0x20, 0x5f, 0x74, 0x72, 0x75, 0x65, 0x2c,
    0x20, 0x75, 0x76, 0x65, 0x63, 0x33, 0x20, 0x5f, 0x66, 0x61, 0x6c, 0x73,
    0x65, 0x29, 0x20, 0x7b, 0x20, 0x72, 0x65, 0x74, 0x75, 0x72, 0x6e, 0x20,
    0x28, 0x75, 0x76, 0x65, 0x63, 0x33, 0x28, 0x5f, 0x63, 0x6f, 0x6e, 0x64,
    0x29, 0x20, 0x2a, 0x20, 0x5f, 0x74, 0x72, 0x75, 0x65, 0x29, 0x20, 0x2b,
    0x20, 0x28, 0x75, 0x76, 0x65, 0x63, 0x33, 0x28, 0x6e, 0x6f, 0x74, 0x28,
    0x5f, 0x63, 0x6f, 0x6e, 0x64, 0x29, 0x20, 0x29, 0x20, 0x2a, 0x20, 0x5f,
    0x66, 0x61, 0x6c, 0x73, 0x65, 0x29, 0x3b, 0x20, 0x7d, 0x0a, 0x75, 0x76,
    0x65, 0x63, 0x34, 0x20, 0x73, 0x65, 0x6c, 0x65, 0x63, 0x74, 0x28, 0x62,
    0x76, 0x65, 0x63, 0x34, 0x20, 0x5f, 0x63, 0x6f, 0x6e, 0x64, 0x2c, 0x20,
    0x75, 0x76, 0x65, 0x63, 0x34, 0x20, 0x5f, 0x74, 0x72, 0x75, 0x65, 0x2c,
    0x20, 0x75, 0x76, 0x65, 0x63, 0x34, 0x20, 0x5f, 0x66, 0x61, 0x6c, 0x73,
    0x65, 0x29, 0x20, 0x7b, 0x20, 0x72, 0x65, 0x74, 0x75, 0x72, 0x6e, 0x20,
    0x28, 0x75, 0x76, 0x65, 0x63, 0x34, 0x28, 0x5f, 0x63, 0x6f, 0x6e, 0x64,
    0x29, 0x20, 0x2a, 0x20, 0x5f, 0x74, 0x72, 0x75, 0x65, 0x29, 0x20, 0x2b,
    0x20, 0x28, 0x75, 0x76, 0x65, 0x63, 0x34, 0x28, 0x6e, 0x6f, 0x74, 0x28,
    0x5f, 0x63, 0x6f, 0x6e, 0x64, 0x29, 0x20, 0x29, 0x20, 0x2a, 0x20, 0x5f,
    0x66, 0x61, 0x6c, 0x73, 0x65, 0x29, 0x3b, 0x20, 0x7d, 0x0a, 0x75, 0x6e,
    0x69, 0x66, 0x6f, 0x72, 0x6d, 0x20, 0x76, 0x65, 0x63, 0x34, 0x20, 0x75,
    0x5f, 0x76, 0x69, 0x65, 0x77, 0x52, 0x65, 0x63, 0x74, 0x3b, 0x0a, 0x75,
    0x6e, 0x69, 0x66, 0x6f, 0x72, 0x6d, 0x20, 0x76, 0x65, 0x63, 0x34, 0x20,
    0x75, 0x5f, 0x76, 0x69, 0x65, 0x77, 0x54, 0x65, 0x78, 0x65, 0x6c, 0x3b,
    0x0a, 0x75, 0x6e, 0x69, 0x66, 0x6f, 0x72, 0x6d, 0x20, 0x6d, 0x61, 0x74,
    0x34, 0x20, 0x75, 0x5f, 0x76, 0x69, 0x65, 0x77, 0x3b, 0x0a, 0x75, 0x6e,
    0x69, 0x66, 0x6f, 0x72, 0x6d, 0x20, 0x6d, 0x61, 0x74, 0x34, 0x20, 0x75,
    0x5f, 0x69, 0x6e, 0x76, 0x56, 0x69, 0x65, 0x77, 0x3b, 0x0a, 0x75, 0x6e,
    0x69, 0x66, 0x6f, 0x72, 0x6d, 0x20, 0x6d, 0x61, 0x74, 0x34, 0x20, 0x75,
    0x5f, 0x70, 0x72, 0x6f, 0x6a, 0x3b, 0x0a, 0x75, 0x6e, 0x69, 0x66, 0x6f,
    0x72, 0x6d, 0x20, 0x6d, 0x61, 0x74, 0x34, 0x20, 0x75, 0x5f, 0x69, 0x6e,
    0x76, 0x50, 0x72, 0x6f, 0x6a, 0x3b, 0x0a, 0x75, 0x6e, 0x69, 0x66, 0x6f,
    0x72, 0x6d, 0x20, 0x6d, 0x61, 0x74, 0x34, 0x20, 0x75, 0x5f, 0x76, 0x69,
    0x65, 0x77, 0x50, 0x72, 0x6f, 0x6a, 0x3b, 0x0a, 0x75, 0x6e, 0x69, 0x66,
    0x6f, 0x72, 0x6d, 0x20, 0x6d, 0x61, 0x74, 0x34, 0x20, 0x75, 0x5f, 0x69,
    0x6e, 0x76, 0x56, 0x69, 0x65, 0x77, 0x50, 0x72, 0x6f, 0x6a, 0x3b, 0x0a,
    0x75, 0x6e, 0x69, 0x66, 0x6f, 0x72, 0x6d, 0x20, 0x6d, 0x61, 0x74, 0x34,
    0x20, 0x75, 0x5f, 0x6d, 0x6f, 0x64, 0x65, 0x6c, 0x56, 0x69, 0x65, 0x77,
    0x3b, 0x0a, 0x75, 0x6e, 0x69, 0x66, 0x6f, 0x72, 0x6d, 0x20, 0x6d, 0x61,
    0x74, 0x34, 0x20, 0x75, 0x5f, 0x69, 0x6e, 0x76, 0x4d, 0x6f, 0x64, 0x65,
    0x6c, 0x56, 0x69, 0x65, 0x77, 0x3b, 0x0a, 0x75, 0x6e, 0x69, 0x66, 0x6f,
    0x72, 0x6d, 0x20, 0x6d, 0x61, 0x74, 0x34, 0x20, 0x75, 0x5f, 0x6d, 0x6f,
    0x64, 0x65, 0x6c, 0x56, 0x69, 0x65, 0x77, 0x50, 0x72, 0x6f, 0x6a, 0x3b,
    0x0a, 0x75, 0x6e, 0x69, 0x66, 0x6f, 0x72, 0x6d, 0x20, 0x76, 0x65, 0x63,
    0x34, 0x20, 0x75, 0x5f, 0x61, 0x6c, 0x70, 0x68, 0x61, 0x52, 0x65, 0x66,
    0x34, 0x3b, 0x0a, 0x75, 0x6e, 0x69, 0x66, 0x6f, 0x72, 0x6d, 0x20, 0x6d,
    0x61, 0x74, 0x34, 0x20, 0x75, 0x5f, 0x6d, 0x6f, 0x64, 0x65, 0x6c, 0x5b,
    0x31, 0x5d, 0x3b, 0x0a, 0x75, 0x6e, 0x69, 0x66, 0x6f, 0x72, 0x6d, 0x20,
    0x73, 0x61, 0x6d, 0x70, 0x6c, 0x65, 0x72, 0x32, 0x44, 0x20, 0x73, 0x5f,
    0x74, 0x65, 0x78, 0x74, 0x75, 0x72, 0x65, 0x3b, 0x0a, 0x75, 0x6e, 0x69,
    0x66, 0x6f, 0x72, 0x6d, 0x20, 0x76, 0x65, 0x63, 0x34, 0x20, 0x50, 0x6f,
    0x73, 0x74, 0x46, 0x78, 0x50, 0x61, 0x72, 0x61, 0x6d, 0x73, 0x5b, 0x34,
    0x5d, 0x3b, 0x0a, 0x6f, 0x75, 0x74, 0x20, 0x76, 0x65, 0x63, 0x34, 0x20,
    0x62, 0x67, 0x66, 0x78, 0x5f, 0x46, 0x72, 0x61, 0x67, 0x43, 0x6f, 0x6c,
    0x6f, 0x72, 0x3b, 0x0a, 0x76, 0x6f, 0x69, 0x64, 0x20, 0x6d, 0x61, 0x69,
    0x6e, 0x28, 0x29, 0x20, 0x7b, 0x0a, 0x76, 0x65, 0x63, 0x32, 0x20, 0x75,
    0x76, 0x20, 0x3d, 0x20, 0x76, 0x5f, 0x74, 0x65, 0x78, 0x63, 0x6f, 0x6f,
    0x72, 0x64, 0x30, 0x3b, 0x0a, 0x76, 0x65, 0x63, 0x34, 0x20, 0x73, 0x72,
    0x63, 0x20, 0x3d, 0x20, 0x74, 0x65, 0x78, 0x74, 0x75, 0x72, 0x65, 0x28,
    0x73, 0x5f, 0x74, 0x65, 0x78, 0x74, 0x75, 0x72, 0x65, 0x2c, 0x20, 0x75,
    0x76, 0x29, 0x3b, 0x0a, 0x76, 0x65, 0x63, 0x33, 0x20, 0x6d, 0x75, 0x6c,
    0x74, 0x20, 0x3d, 0x20, 0x6d, 0x61, 0x78, 0x28, 0x50, 0x6f, 0x73, 0x74,
    0x46, 0x78, 0x50, 0x61, 0x72, 0x61, 0x6d, 0x73, 0x5b, 0x31, 0x5d, 0x2e,
    0x72, 0x67, 0x62, 0x2c, 0x20, 0x76, 0x65, 0x63, 0x33, 0x28, 0x30, 0x2e,
    0x30, 0x29, 0x29, 0x3b, 0x0a, 0x76, 0x65, 0x63, 0x33, 0x20, 0x67, 0x72,
    0x61, 0x64, 0x65, 0x64, 0x20, 0x3d, 0x20, 0x73, 0x72, 0x63, 0x2e, 0x72,
    0x67, 0x62, 0x20, 0x2a, 0x20, 0x6d, 0x75, 0x6c, 0x74, 0x3b, 0x0a, 0x66,
    0x6c, 0x6f, 0x61, 0x74, 0x20, 0x6c, 0x75, 0x6d, 0x61, 0x20, 0x3d, 0x20,
    0x64, 0x6f, 0x74, 0x28, 0x73, 0x72, 0x63, 0x2e, 0x72, 0x67, 0x62, 0x2c,
    0x20, 0x76, 0x65, 0x63, 0x33, 0x28, 0x30, 0x2e, 0x32, 0x31, 0x32, 0x36,
    0x2c, 0x20, 0x30, 0x2e, 0x37, 0x31, 0x35, 0x32, 0x2c, 0x20, 0x30, 0x2e,
    0x30, 0x37, 0x32, 0x32, 0x29, 0x29, 0x3b, 0x0a, 0x76, 0x65, 0x63, 0x33,
    0x20, 0x62, 0x6f, 0x6f, 0x73, 0x74, 0x20, 0x3d, 0x20, 0x6d, 0x69, 0x78,
    0x28, 0x76, 0x65, 0x63, 0x33, 0x28, 0x6c, 0x75, 0x6d, 0x61, 0x29, 0x2c,
    0x20, 0x73, 0x72, 0x63, 0x2e, 0x72, 0x67, 0x62, 0x20, 0x2a, 0x20, 0x6d,
    0x75, 0x6c, 0x74, 0x2c, 0x20, 0x30, 0x2e, 0x35, 0x29, 0x3b, 0x0a, 0x76,
    0x65, 0x63, 0x33, 0x20, 0x6d, 0x69, 0x78, 0x65, 0x64, 0x20, 0x3d, 0x20,
    0x6d, 0x69, 0x78, 0x28, 0x73, 0x72, 0x63, 0x2e, 0x72, 0x67, 0x62, 0x2c,
    0x20, 0x67, 0x72, 0x61, 0x64, 0x65, 0x64, 0x2c, 0x20, 0x50, 0x6f, 0x73,
    0x74, 0x46, 0x78, 0x50, 0x61, 0x72, 0x61, 0x6d, 0x73, 0x5b, 0x30, 0x5d,
    0x2e, 0x77, 0x29, 0x3b, 0x0a, 0x6d, 0x69, 0x78, 0x65, 0x64, 0x20, 0x3d,
    0x20, 0x6d, 0x69, 0x78, 0x28, 0x6d, 0x69, 0x78, 0x65, 0x64, 0x2c, 0x20,
    0x62, 0x6f, 0x6f, 0x73, 0x74, 0x2c, 0x20, 0x50, 0x6f, 0x73, 0x74, 0x46,
    0x78, 0x50, 0x61, 0x72, 0x61, 0x6d, 0x73, 0x5b, 0x30, 0x5d, 0x2e, 0x78,
    0x20, 0x2a, 0x20, 0x30, 0x2e, 0x35, 0x29, 0x3b, 0x0a, 0x62, 0x67, 0x66,
    0x78, 0x5f, 0x46, 0x72, 0x61, 0x67, 0x43, 0x6f, 0x6c, 0x6f, 0x72, 0x20,
    0x3d, 0x20, 0x76, 0x65, 0x63, 0x34, 0x28, 0x6d, 0x69, 0x78, 0x65, 0x64,
    0x2c, 0x20, 0x73, 0x72, 0x63, 0x2e, 0x61, 0x29, 0x3b, 0x0a, 0x7d, 0x0a,
    0x00,
};
const size_t kEmbeddedGL_fs_postfx_lut_size = sizeof(kEmbeddedGL_fs_postfx_lut);

const uint8_t kEmbeddedGL_fs_postfx_blur[] = {
    0x46, 0x53, 0x48, 0x0b, 0x6f, 0x1e, 0x3e, 0x3c, 0x00, 0x00, 0x00, 0x00,
    0x00, 0x00, 0xad, 0x15, 0x00, 0x00, 0x23, 0x76, 0x65, 0x72, 0x73, 0x69,
    0x6f, 0x6e, 0x20, 0x34, 0x33, 0x30, 0x0a, 0x23, 0x64, 0x65, 0x66, 0x69,
    0x6e, 0x65, 0x20, 0x74, 0x65, 0x78, 0x74, 0x75, 0x72, 0x65, 0x32, 0x44,
    0x20, 0x20, 0x20, 0x20, 0x20, 0x20, 0x20, 0x20, 0x20, 0x20, 0x74, 0x65,
    0x78, 0x74, 0x75, 0x72, 0x65, 0x0a, 0x23, 0x64, 0x65, 0x66, 0x69, 0x6e,
    0x65, 0x20, 0x74, 0x65, 0x78, 0x74, 0x75, 0x72, 0x65, 0x32, 0x44, 0x4c,
    0x6f, 0x64, 0x20, 0x20, 0x20, 0x20, 0x20, 0x20, 0x20, 0x74, 0x65, 0x78,
    0x74, 0x75, 0x72, 0x65, 0x4c, 0x6f, 0x64, 0x0a, 0x23, 0x64, 0x65, 0x66,
    0x69, 0x6e, 0x65, 0x20, 0x74, 0x65, 0x78, 0x74, 0x75, 0x72, 0x65, 0x32,
    0x44, 0x47, 0x72, 0x61, 0x64, 0x20, 0x20, 0x20, 0x20, 0x20, 0x20, 0x74,
    0x65, 0x78, 0x74, 0x75, 0x72, 0x65, 0x47, 0x72, 0x61, 0x64, 0x0a, 0x23,
    0x64, 0x65, 0x66, 0x69, 0x6e, 0x65, 0x20, 0x74, 0x65, 0x78, 0x74, 0x75,
    0x72, 0x65, 0x32, 0x44, 0x50, 0x72, 0x6f, 0x6a, 0x4c, 0x6f, 0x64, 0x20,
    0x20, 0x20, 0x74, 0x65, 0x78, 0x74, 0x75, 0x72, 0x65, 0x50, 0x72, 0x6f,
    0x6a, 0x4c, 0x6f, 0x64, 0x0a, 0x23, 0x64, 0x65, 0x66, 0x69, 0x6e, 0x65,
    0x20, 0x74, 0x65, 0x78, 0x74, 0x75, 0x72, 0x65, 0x32, 0x44, 0x50, 0x72,
    0x6f, 0x6a, 0x47, 0x72, 0x61, 0x64, 0x20, 0x20, 0x74, 0x65, 0x78, 0x74,
    0x75, 0x72, 0x65, 0x50, 0x72, 0x6f, 0x6a, 0x47, 0x72, 0x61, 0x64, 0x0a,
    0x23, 0x64, 0x65, 0x66, 0x69, 0x6e, 0x65, 0x20, 0x74, 0x65, 0x78, 0x74,
    0x75, 0x72, 0x65, 0x43, 0x75, 0x62, 0x65, 0x4c, 0x6f, 0x64, 0x20, 0x20,
    0x20, 0x20, 0x20, 0x74, 0x65, 0x78, 0x74, 0x75, 0x72, 0x65, 0x4c, 0x6f,
    0x64, 0x0a, 0x23, 0x64, 0x65, 0x66, 0x69, 0x6e, 0x65, 0x20, 0x74, 0x65,
    0x78, 0x74, 0x75, 0x72, 0x65, 0x43, 0x75, 0x62, 0x65, 0x47, 0x72, 0x61,
    0x64, 0x20, 0x20, 0x20, 0x20, 0x74, 0x65, 0x78, 0x74, 0x75, 0x72, 0x65,
    0x47, 0x72, 0x61, 0x64, 0x0a, 0x23, 0x64, 0x65, 0x66, 0x69, 0x6e, 0x65,
    0x20, 0x74, 0x65, 0x78, 0x74, 0x75, 0x72, 0x65, 0x33, 0x44, 0x20, 0x20,
    0x20, 0x20, 0x20, 0x20, 0x20, 0x20, 0x20, 0x20, 0x74, 0x65, 0x78, 0x74,
    0x75, 0x72, 0x65, 0x0a, 0x23, 0x64, 0x65, 0x66, 0x69, 0x6e, 0x65, 0x20,
    0x74, 0x65, 0x78, 0x74, 0x75, 0x72, 0x65, 0x32, 0x44, 0x4c, 0x6f, 0x64,
    0x4f, 0x66, 0x66, 0x73, 0x65, 0x74, 0x20, 0x74, 0x65, 0x78, 0x74, 0x75,
    0x72, 0x65, 0x4c, 0x6f, 0x64, 0x4f, 0x66, 0x66, 0x73, 0x65, 0x74, 0x0a,
    0x23, 0x64, 0x65, 0x66, 0x69, 0x6e, 0x65, 0x20, 0x61, 0x74, 0x74, 0x72,
    0x69, 0x62, 0x75, 0x74, 0x65, 0x20, 0x69, 0x6e, 0x0a, 0x23, 0x64, 0x65,
    0x66, 0x69, 0x6e, 0x65, 0x20, 0x76, 0x61, 0x72, 0x79, 0x69, 0x6e, 0x67,
    0x20, 0x69, 0x6e, 0x0a, 0x23, 0x64, 0x65, 0x66, 0x69, 0x6e, 0x65, 0x20,
    0x62, 0x67, 0x66, 0x78, 0x53, 0x68, 0x61, 0x64, 0x6f, 0x77, 0x32, 0x44,
    0x28, 0x5f, 0x73, 0x61, 0x6d, 0x70, 0x6c, 0x65, 0x72, 0x2c, 0x20, 0x5f,
    0x63, 0x6f, 0x6f, 0x72, 0x64, 0x29, 0x20, 0x20, 0x20, 0x20, 0x20, 0x76,
    0x65, 0x63, 0x34, 0x5f, 0x73, 0x70, 0x6c, 0x61, 0x74, 0x28, 0x74, 0x65,
    0x78, 0x74, 0x75, 0x72, 0x65, 0x28, 0x5f, 0x73, 0x61, 0x6d, 0x70, 0x6c,
    0x65, 0x72, 0x2c, 0x20, 0x5f, 0x63, 0x6f, 0x6f, 0x72, 0x64, 0x29, 0x20,
    0x29, 0x0a, 0x23, 0x64, 0x65, 0x66, 0x69, 0x6e, 0x65, 0x20, 0x62, 0x67,
    0x66, 0x78, 0x53, 0x68, 0x61, 0x64, 0x6f, 0x77, 0x32, 0x44, 0x50, 0x72,
    0x6f, 0x6a, 0x28, 0x5f, 0x73, 0x61, 0x6d, 0x70, 0x6c, 0x65, 0x72, 0x2c,
    0x20, 0x5f, 0x63, 0x6f, 0x6f, 0x72, 0x64, 0x29, 0x20, 0x76, 0x65, 0x63,
    0x34, 0x5f, 0x73, 0x70, 0x6c, 0x61, 0x74, 0x28, 0x74, 0x65, 0x78, 0x74,
    0x75, 0x72, 0x65, 0x50, 0x72, 0x6f, 0x6a, 0x28, 0x5f, 0x73, 0x61, 0x6d,
    0x70, 0x6c, 0x65, 0x72, 0x2c, 0x20, 0x5f, 0x63, 0x6f, 0x6f, 0x72, 0x64,
    0x29, 0x20, 0x29, 0x0a, 0x76, 0x61, 0x72, 0x79, 0x69, 0x6e, 0x67, 0x20,
    0x76, 0x65, 0x63, 0x32, 0x20, 0x76, 0x5f, 0x74, 0x65, 0x78, 0x63, 0x6f,
    0x6f, 0x72, 0x64, 0x30, 0x3b, 0x0a, 0x66, 0x6c, 0x6f, 0x61, 0x74, 0x20,
    0x72, 0x63, 0x70, 0x28, 0x66, 0x6c, 0x6f, 0x61, 0x74, 0x20, 0x5f, 0x61,
    0x29, 0x20, 0x7b, 0x20, 0x72, 0x65, 0x74, 0x75, 0x72, 0x6e, 0x20, 0x31,
    0x2e, 0x30, 0x2f, 0x5f, 0x61, 0x3b, 0x20, 0x7d, 0x0a, 0x76, 0x65, 0x63,
    0x32, 0x20, 0x72, 0x63, 0x70, 0x28, 0x76, 0x65, 0x63, 0x32, 0x20, 0x5f,
    0x61, 0x29, 0x20, 0x7b, 0x20, 0x72, 0x65, 0x74, 0x75, 0x72, 0x6e, 0x20,
    0x76, 0x65, 0x63, 0x32, 0x28, 0x31, 0x2e, 0x30, 0x29, 0x2f, 0x5f, 0x61,
    0x3b, 0x20, 0x7d, 0x0a, 0x76, 0x65, 0x63, 0x33, 0x20, 0x72, 0x63, 0x70,
    0x28, 0x76, 0x65, 0x63, 0x33, 0x20, 0x5f, 0x61, 0x29, 0x20, 0x7b, 0x20,
    0x72, 0x65, 0x74, 0x75, 0x72, 0x6e, 0x20, 0x76, 0x65, 0x63, 0x33, 0x28,
    0x31, 0x2e, 0x30, 0x29, 0x2f, 0x5f, 0x61, 0x3b, 0x20, 0x7d, 0x0a, 0x76,
    0x65, 0x63, 0x34, 0x20, 0x72, 0x63, 0x70, 0x28, 0x76, 0x65, 0x63, 0x34,
    0x20, 0x5f, 0x61, 0x29, 0x20, 0x7b, 0x20, 0x72, 0x65, 0x74, 0x75, 0x72,
    0x6e, 0x20, 0x76, 0x65, 0x63, 0x34, 0x28, 0x31, 0x2e, 0x30, 0x29, 0x2f,
    0x5f, 0x61, 0x3b, 0x20, 0x7d, 0x0a, 0x76, 0x65, 0x63, 0x32, 0x20, 0x76,
    0x65, 0x63, 0x32, 0x5f, 0x73, 0x70, 0x6c, 0x61, 0x74, 0x28, 0x66, 0x6c,
    0x6f, 0x61, 0x74, 0x20, 0x5f, 0x78, 0x29, 0x20, 0x7b, 0x20, 0x72, 0x65,
    0x74, 0x75, 0x72, 0x6e, 0x20, 0x76, 0x65, 0x63, 0x32, 0x28, 0x5f, 0x78,
    0x2c, 0x20, 0x5f, 0x78, 0x29, 0x3b, 0x20, 0x7d, 0x0a, 0x76, 0x65, 0x63,
    0x33, 0x20, 0x76, 0x65, 0x63, 0x33, 0x5f, 0x73, 0x70, 0x6c, 0x61, 0x74,
    0x28, 0x66, 0x6c, 0x6f, 0x61, 0x74, 0x20, 0x5f, 0x78, 0x29, 0x20, 0x7b,
    0x20, 0x72, 0x65, 0x74, 0x75, 0x72, 0x6e, 0x20, 0x76, 0x65, 0x63, 0x33,
    0x28, 0x5f, 0x78, 0x2c, 0x20, 0x5f, 0x78, 0x2c, 0x20, 0x5f, 0x78, 0x29,
    0x3b, 0x20, 0x7d, 0x0a, 0x76, 0x65, 0x63, 0x34, 0x20, 0x76, 0x65, 0x63,
    0x34, 0x5f, 0x73, 0x70, 0x6c, 0x61, 0x74, 0x28, 0x66, 0x6c, 0x6f, 0x61,
    0x74, 0x20, 0x5f, 0x78, 0x29, 0x20, 0x7b, 0x20, 0x72, 0x65, 0x74, 0x75,
    0x72, 0x6e, 0x20, 0x76, 0x65, 0x63, 0x34, 0x28, 0x5f, 0x78, 0x2c, 0x20,
    0x5f, 0x78, 0x2c, 0x20, 0x5f, 0x78, 0x2c, 0x20, 0x5f, 0x78, 0x29, 0x3b,
    0x20, 0x7d, 0x0a, 0x75, 0x76, 0x65, 0x63, 0x32, 0x20, 0x75, 0x76, 0x65,
    0x63, 0x32, 0x5f, 0x73, 0x70, 0x6c, 0x61, 0x74, 0x28, 0x75, 0x69, 0x6e,
    0x74, 0x20, 0x5f, 0x78, 0x29, 0x20, 0x7b, 0x20, 0x72, 0x65, 0x74, 0x75,
    0x72, 0x6e, 0x20, 0x75, 0x76, 0x65, 0x63, 0x32, 0x28, 0x5f, 0x78, 0x2c,
    0x20, 0x5f, 0x78, 0x29, 0x3b, 0x20, 0x7d, 0x0a, 0x75, 0x76, 0x65, 0x63,
    0x33, 0x20, 0x75, 0x76, 0x65, 0x63, 0x33, 0x5f, 0x73, 0x70, 0x6c, 0x61,
    0x74, 0x28, 0x75, 0x69, 0x6e, 0x74, 0x20, 0x5f, 0x78, 0x29, 0x20, 0x7b,
    0x20, 0x72, 0x65, 0x74, 0x75, 0x72, 0x6e, 0x20, 0x75, 0x76, 0x65, 0x63,
    0x33, 0x28, 0x5f, 0x78, 0x2c, 0x20, 0x5f, 0x78, 0x2c, 0x20, 0x5f, 0x78,
    0x29, 0x3b, 0x20, 0x7d, 0x0a, 0x75, 0x76, 0x65, 0x63, 0x34, 0x20, 0x75,
    0x76, 0x65, 0x63, 0x34, 0x5f, 0x73, 0x70, 0x6c, 0x61, 0x74, 0x28, 0x75,
    0x69, 0x6e, 0x74, 0x20, 0x5f, 0x78, 0x29, 0x20, 0x7b, 0x20, 0x72, 0x65,
    0x74, 0x75, 0x72, 0x6e, 0x20, 0x75, 0x76, 0x65, 0x63, 0x34, 0x28, 0x5f,
    0x78, 0x2c, 0x20, 0x5f, 0x78, 0x2c, 0x20, 0x5f, 0x78, 0x2c, 0x20, 0x5f,
    0x78, 0x29, 0x3b, 0x20, 0x7d, 0x0a, 0x6d, 0x61, 0x74, 0x34, 0x20, 0x6d,
    0x74, 0x78, 0x46, 0x72, 0x6f, 0x6d, 0x52, 0x6f, 0x77, 0x73, 0x28, 0x76,
    0x65, 0x63, 0x34, 0x20, 0x5f, 0x30, 0x2c, 0x20, 0x76, 0x65, 0x63, 0x34,
    0x20, 0x5f, 0x31, 0x2c, 0x20, 0x76, 0x65, 0x63, 0x34, 0x20, 0x5f, 0x32,
    0x2c, 0x20, 0x76, 0x65, 0x63, 0x34, 0x20, 0x5f, 0x33, 0x29, 0x0a, 0x7b,
    0x0a, 0x72, 0x65, 0x74, 0x75, 0x72, 0x6e, 0x20, 0x74, 0x72, 0x61, 0x6e,
    0x73, 0x70, 0x6f, 0x73, 0x65, 0x28, 0x6d, 0x61, 0x74, 0x34, 0x28, 0x5f,
    0x30, 0x2c, 0x20, 0x5f, 0x31, 0x2c, 0x20, 0x5f, 0x32, 0x2c, 0x20, 0x5f,
    0x33, 0x29, 0x20, 0x29, 0x3b, 0x0a, 0x7d, 0x0a, 0x6d, 0x61, 0x74, 0x34,
    0x20, 0x6d, 0x74, 0x78, 0x46, 0x72, 0x6f, 0x6d, 0x43, 0x6f, 0x6c, 0x73,
    0x28, 0x76, 0x65, 0x63, 0x34, 0x20, 0x5f, 0x30, 0x2c, 0x20, 0x76, 0x65,
    0x63, 0x34, 0x20, 0x5f, 0x31, 0x2c, 0x20, 0x76, 0x65, 0x63, 0x34, 0x20,
    0x5f, 0x32, 0x2c, 0x20, 0x76, 0x65, 0x63, 0x34, 0x20, 0x5f, 0x33, 0x29,
    0x0a, 0x7b, 0x0a, 0x72, 0x65, 0x74, 0x75, 0x72, 0x6e, 0x20, 0x6d, 0x61,
    0x74, 0x34, 0x28, 0x5f, 0x30, 0x2c, 0x20, 0x5f, 0x31, 0x2c, 0x20, 0x5f,
    0x32, 0x2c, 0x20, 0x5f, 0x33, 0x29, 0x3b, 0x0a, 0x7d, 0x0a, 0x6d, 0x61,
    0x74, 0x33, 0x20, 0x6d, 0x74, 0x78, 0x46, 0x72, 0x6f, 0x6d, 0x52, 0x6f,
    0x77, 0x73, 0x28, 0x76, 0x65, 0x63, 0x33, 0x20, 0x5f, 0x30, 0x2c, 0x20,
    0x76, 0x65, 0x63, 0x33, 0x20, 0x5f, 0x31, 0x2c, 0x20, 0x76, 0x65, 0x63,
    0x33, 0x20, 0x5f, 0x32, 0x29, 0x0a, 0x7b, 0x0a, 0x72, 0x65, 0x74, 0x75,
    0x72, 0x6e, 0x20, 0x74, 0x72, 0x61, 0x6e, 0x73, 0x70, 0x6f, 0x73, 0x65,
    0x28, 0x6d, 0x61, 0x74, 0x33, 0x28, 0x5f, 0x30, 0x2c, 0x20, 0x5f, 0x31,
    0x2c, 0x20, 0x5f, 0x32, 0x29, 0x20, 0x29, 0x3b, 0x0a, 0x7d, 0x0a, 0x6d,
    0x61, 0x74, 0x33, 0x20, 0x6d, 0x74, 0x78, 0x46, 0x72, 0x6f, 0x6d, 0x43,
    0x6f, 0x6c, 0x73, 0x28, 0x76, 0x65, 0x63, 0x33, 0x20, 0x5f, 0x30, 0x2c,
    0x20, 0x76, 0x65, 0x63, 0x33, 0x20, 0x5f, 0x31, 0x2c, 0x20, 0x76, 0x65,
    0x63, 0x33, 0x20, 0x5f, 0x32, 0x29, 0x0a, 0x7b, 0x0a, 0x72, 0x65, 0x74,
    0x75, 0x72, 0x6e, 0x20, 0x6d, 0x61, 0x74, 0x33, 0x28, 0x5f, 0x30, 0x2c,
    0x20, 0x5f, 0x31, 0x2c, 0x20, 0x5f, 0x32, 0x29, 0x3b, 0x0a, 0x7d, 0x0a,
    0x6d, 0x61, 0x74, 0x34, 0x78, 0x33, 0x20, 0x6d, 0x74, 0x78, 0x46, 0x72,
    0x6f, 0x6d, 0x52, 0x6f, 0x77, 0x73, 0x28, 0x76, 0x65, 0x63, 0x34, 0x20,
    0x5f, 0x30, 0x2c, 0x20, 0x76, 0x65, 0x63, 0x34, 0x20, 0x5f, 0x31, 0x2c,
    0x20, 0x76, 0x65, 0x63, 0x34, 0x20, 0x5f, 0x32, 0x29, 0x0a, 0x7b, 0x0a,
    0x72, 0x65, 0x74, 0x75, 0x72, 0x6e, 0x20, 0x74, 0x72, 0x61, 0x6e, 0x73,
    0x70, 0x6f, 0x73, 0x65, 0x28, 0x6d, 0x61, 0x74, 0x33, 0x78, 0x34, 0x28,
    0x5f, 0x30, 0x2c, 0x20, 0x5f, 0x31, 0x2c, 0x20, 0x5f, 0x32, 0x29, 0x20,
    0x29, 0x3b, 0x0a, 0x7d, 0x0a, 0x76, 0x65, 0x63, 0x33, 0x20, 0x6d, 0x74,
    0x78, 0x47, 0x65, 0x74, 0x52, 0x6f, 0x77, 0x28, 0x6d, 0x61, 0x74, 0x33,
    0x20, 0x5f, 0x6d, 0x74, 0x78, 0x2c, 0x20, 0x69, 0x6e, 0x74, 0x20, 0x5f,
    0x72, 0x6f, 0x77, 0x29, 0x0a, 0x7b, 0x0a, 0x72, 0x65, 0x74, 0x75, 0x72,
    0x6e, 0x20, 0x76, 0x65, 0x63, 0x33, 0x28, 0x5f, 0x6d, 0x74, 0x78, 0x5b,
    0x30, 0x5d, 0x5b, 0x5f, 0x72, 0x6f, 0x77, 0x5d, 0x2c, 0x20, 0x5f, 0x6d,
    0x74, 0x78, 0x5b, 0x31, 0x5d, 0x5b, 0x5f, 0x72, 0x6f, 0x77, 0x5d, 0x2c,
    0x20, 0x5f, 0x6d, 0x74, 0x78, 0x5b, 0x32, 0x5d, 0x5b, 0x5f, 0x72, 0x6f,
    0x77, 0x5d, 0x29, 0x3b, 0x0a, 0x7d, 0x0a, 0x76, 0x65, 0x63, 0x33, 0x20,
    0x6d, 0x74, 0x78, 0x47, 0x65, 0x74, 0x43, 0x6f, 0x6c, 0x75, 0x6d, 0x6e,
    0x28, 0x6d, 0x61, 0x74, 0x33, 0x20, 0x5f, 0x6d, 0x74, 0x78, 0x2c, 0x20,
    0x69, 0x6e, 0x74, 0x20, 0x5f, 0x63, 0x6f, 0x6c, 0x75, 0x6d, 0x6e, 0x29,
    0x0a, 0x7b, 0x0a, 0x72, 0x65, 0x74, 0x75, 0x72, 0x6e, 0x20, 0x76, 0x65,
    0x63, 0x33, 0x28, 0x5f, 0x6d, 0x74, 0x78, 0x5b, 0x5f, 0x63, 0x6f, 0x6c,
    0x75, 0x6d, 0x6e, 0x5d, 0x29, 0x3b, 0x0a, 0x7d, 0x0a, 0x76, 0x65, 0x63,
    0x34, 0x20, 0x6d, 0x74, 0x78, 0x47, 0x65, 0x74, 0x52, 0x6f, 0x77, 0x28,
    0x6d, 0x61, 0x74, 0x34, 0x78, 0x33, 0x20, 0x5f, 0x6d, 0x74, 0x78, 0x2c,
    0x20, 0x69, 0x6e, 0x74, 0x20, 0x5f, 0x72, 0x6f, 0x77, 0x29, 0x0a, 0x7b,
    0x0a, 0x72, 0x65, 0x74, 0x75, 0x72, 0x6e, 0x20, 0x76, 0x65, 0x63, 0x34,
    0x28, 0x5f, 0x6d, 0x74, 0x78, 0x5b, 0x30, 0x5d, 0x5b, 0x5f, 0x72, 0x6f,
    0x77, 0x5d, 0x2c, 0x20, 0x5f, 0x6d, 0x74, 0x78, 0x5b, 0x31, 0x5d, 0x5b,
    0x5f, 0x72, 0x6f, 0x77, 0x5d, 0x2c, 0x20, 0x5f, 0x6d, 0x74, 0x78, 0x5b,
    0x32, 0x5d, 0x5b, 0x5f, 0x72, 0x6f, 0x77, 0x5d, 0x2c, 0x20, 0x5f, 0x6d,
    0x74, 0x78, 0x5b, 0x33, 0x5d, 0x5b, 0x5f, 0x72, 0x6f, 0x77, 0x5d, 0x29,
    0x3b, 0x0a, 0x7d, 0x0a, 0x76, 0x65, 0x63, 0x33, 0x20, 0x6d, 0x74, 0x78,
    0x47, 0x65, 0x74, 0x43, 0x6f, 0x6c, 0x75, 0x6d, 0x6e, 0x28, 0x6d, 0x61,
    0x74, 0x34, 0x78, 0x33, 0x20, 0x5f, 0x6d, 0x74, 0x78, 0x2c, 0x20, 0x69,
    0x6e, 0x74, 0x20, 0x5f, 0x63, 0x6f, 0x6c, 0x75, 0x6d, 0x6e, 0x29, 0x0a,
    0x7b, 0x0a, 0x72, 0x65, 0x74, 0x75, 0x72, 0x6e, 0x20, 0x76, 0x65, 0x63,
    0x33, 0x28, 0x5f, 0x6d, 0x74, 0x78, 0x5b, 0x5f, 0x63, 0x6f, 0x6c, 0x75,
    0x6d, 0x6e, 0x5d, 0x29, 0x3b, 0x0a, 0x7d, 0x0a, 0x76, 0x65, 0x63, 0x34,
    0x20, 0x6d, 0x74, 0x78, 0x47, 0x65, 0x74, 0x52, 0x6f, 0x77, 0x28, 0x6d,
    0x61, 0x74, 0x34, 0x20, 0x5f, 0x6d, 0x74, 0x78, 0x2c, 0x20, 0x69, 0x6e,
    0x74, 0x20, 0x5f, 0x72, 0x6f, 0x77, 0x29, 0x0a, 0x7b, 0x0a, 0x72, 0x65,
    0x74, 0x75, 0x72, 0x6e, 0x20, 0x76, 0x65, 0x63, 0x34, 0x28, 0x5f, 0x6d,
    0x74, 0x78, 0x5b, 0x30, 0x5d, 0x5b, 0x5f, 0x72, 0x6f, 0x77, 0x5d, 0x2c,
    0x20, 0x5f, 0x6d, 0x74, 0x78, 0x5b, 0x31, 0x5d, 0x5b, 0x5f, 0x72, 0x6f,
    0x77, 0x5d, 0x2c, 0x20, 0x5f, 0x6d, 0x74, 0x78, 0x5b, 0x32, 0x5d, 0x5b,
    0x5f, 0x72, 0x6f, 0x77, 0x5d, 0x2c, 0x20, 0x5f, 0x6d, 0x74, 0x78, 0x5b,
    0x33, 0x5d, 0x5b, 0x5f, 0x72, 0x6f, 0x77, 0x5d, 0x29, 0x3b, 0x0a, 0x7d,
    0x0a, 0x76, 0x65, 0x63, 0x34, 0x20, 0x6d, 0x74, 0x78, 0x47, 0x65, 0x74,
    0x43, 0x6f, 0x6c, 0x75, 0x6d, 0x6e, 0x28, 0x6d, 0x61, 0x74, 0x34, 0x20,
    0x5f, 0x6d, 0x74, 0x78, 0x2c, 0x20, 0x69, 0x6e, 0x74, 0x20, 0x5f, 0x63,
    0x6f, 0x6c, 0x75, 0x6d, 0x6e, 0x29, 0x0a, 0x7b, 0x0a, 0x72, 0x65, 0x74,
    0x75, 0x72, 0x6e, 0x20, 0x76, 0x65, 0x63, 0x34, 0x28, 0x5f, 0x6d, 0x74,
    0x78, 0x5b, 0x5f, 0x63, 0x6f, 0x6c, 0x75, 0x6d, 0x6e, 0x5d, 0x29, 0x3b,
    0x0a, 0x7d, 0x0a, 0x66, 0x6c, 0x6f, 0x61, 0x74, 0x20, 0x6d, 0x74, 0x78,
    0x47, 0x65, 0x74, 0x45, 0x6c, 0x65, 0x6d, 0x65, 0x6e, 0x74, 0x28, 0x6d,
    0x61, 0x74, 0x33, 0x20, 0x5f, 0x6d, 0x74, 0x78, 0x2c, 0x20, 0x69, 0x6e,
    0x74, 0x20, 0x5f, 0x63, 0x6f, 0x6c, 0x75, 0x6d, 0x6e, 0x2c, 0x20, 0x69,
    0x6e, 0x74, 0x20, 0x5f, 0x72, 0x6f, 0x77, 0x29, 0x0a, 0x7b, 0x0a, 0x72,
    0x65, 0x74, 0x75, 0x72, 0x6e, 0x20, 0x5f, 0x6d, 0x74, 0x78, 0x5b, 0x5f,
    0x63, 0x6f, 0x6c, 0x75, 0x6d, 0x6e, 0x5d, 0x5b, 0x5f, 0x72, 0x6f, 0x77,
    0x5d, 0x3b, 0x0a, 0x7d, 0x0a, 0x66, 0x6c, 0x6f, 0x61, 0x74, 0x20, 0x6d,
    0x74, 0x78, 0x47, 0x65, 0x74, 0x45, 0x6c, 0x65, 0x6d, 0x65, 0x6e, 0x74,
    0x28, 0x6d, 0x61, 0x74, 0x34, 0x20, 0x5f, 0x6d, 0x74, 0x78, 0x2c, 0x20,
    0x69, 0x6e, 0x74, 0x20, 0x5f, 0x63, 0x6f, 0x6c, 0x75, 0x6d, 0x6e, 0x2c,
    0x20, 0x69, 0x6e, 0x74, 0x20, 0x5f, 0x72, 0x6f, 0x77, 0x29, 0x0a, 0x7b,
    0x0a, 0x72, 0x65, 0x74, 0x75, 0x72, 0x6e, 0x20, 0x5f, 0x6d, 0x74, 0x78,
    0x5b, 0x5f, 0x63, 0x6f, 0x6c, 0x75, 0x6d, 0x6e, 0x5d, 0x5b, 0x5f, 0x72,
    0x6f, 0x77, 0x5d, 0x3b, 0x0a, 0x7d, 0x0a, 0x66, 0x6c, 0x6f, 0x61, 0x74,
    0x20, 0x73, 0x65, 0x6c, 0x65, 0x63, 0x74, 0x28, 0x62, 0x6f, 0x6f, 0x6c,
    0x20, 0x5f, 0x63, 0x6f, 0x6e, 0x64, 0x2c, 0x20, 0x66, 0x6c, 0x6f, 0x61,
    0x74, 0x20, 0x5f, 0x74, 0x72, 0x75, 0x65, 0x2c, 0x20, 0x66, 0x6c, 0x6f,
    0x61, 0x74, 0x20, 0x5f, 0x66, 0x61, 0x6c, 0x73, 0x65, 0x29, 0x20, 0x7b,
    0x20, 0x72, 0x65, 0x74, 0x75, 0x72, 0x6e, 0x20, 0x5f, 0x63, 0x6f, 0x6e,
    0x64, 0x20, 0x3f, 0x20, 0x5f, 0x74, 0x72, 0x75, 0x65, 0x20, 0x3a, 0x20,
    0x5f, 0x66, 0x61, 0x6c, 0x73, 0x65, 0x3b, 0x20, 0x7d, 0x0a, 0x76, 0x65,
    0x63, 0x32, 0x20, 0x73, 0x65, 0x6c, 0x65, 0x63, 0x74, 0x28, 0x62, 0x6f,
    0x6f, 0x6c, 0x20, 0x5f, 0x63, 0x6f, 0x6e, 0x64, 0x2c, 0x20, 0x76, 0x65,
    0x63, 0x32, 0x20, 0x5f, 0x74, 0x72, 0x75, 0x65, 0x2c, 0x20, 0x76, 0x65,
    0x63, 0x32, 0x20, 0x5f, 0x66, 0x61, 0x6c, 0x73, 0x65, 0x29, 0x20, 0x7b,
    0x20, 0x72, 0x65, 0x74, 0x75, 0x72, 0x6e, 0x20, 0x5f, 0x63, 0x6f, 0x6e,
    0x64, 0x20, 0x3f, 0x20, 0x5f, 0x74, 0x72, 0x75, 0x65, 0x20, 0x3a, 0x20,
    0x5f, 0x66, 0x61, 0x6c, 0x73, 0x65, 0x3b, 0x20, 0x7d, 0x0a, 0x76, 0x65,
    0x63, 0x33, 0x20, 0x73, 0x65, 0x6c, 0x65, 0x63, 0x74, 0x28, 0x62, 0x6f,
    0x6f, 0x6c, 0x20, 0x5f, 0x63, 0x6f, 0x6e, 0x64, 0x2c, 0x20, 0x76, 0x65,
    0x63, 0x33, 0x20, 0x5f, 0x74, 0x72, 0x75, 0x65, 0x2c, 0x20, 0x76, 0x65,
    0x63, 0x33, 0x20, 0x5f, 0x66, 0x61, 0x6c, 0x73, 0x65, 0x29, 0x20, 0x7b,
    0x20, 0x72, 0x65, 0x74, 0x75, 0x72, 0x6e, 0x20, 0x5f, 0x63, 0x6f, 0x6e,
    0x64, 0x20, 0x3f, 0x20, 0x5f, 0x74, 0x72, 0x75, 0x65, 0x20, 0x3a, 0x20,
    0x5f, 0x66, 0x61, 0x6c, 0x73, 0x65, 0x3b, 0x20, 0x7d, 0x0a, 0x76, 0x65,
    0x63, 0x34, 0x20, 0x73, 0x65, 0x6c, 0x65, 0x63, 0x74, 0x28, 0x62, 0x6f,
    0x6f, 0x6c, 0x20, 0x5f, 0x63, 0x6f, 0x6e, 0x64, 0x2c, 0x20, 0x76, 0x65,
    0x63, 0x34, 0x20, 0x5f, 0x74, 0x72, 0x75, 0x65, 0x2c, 0x20, 0x76, 0x65,
    0x63, 0x34, 0x20, 0x5f, 0x66, 0x61, 0x6c, 0x73, 0x65, 0x29, 0x20, 0x7b,
    0x20, 0x72, 0x65, 0x74, 0x75, 0x72, 0x6e, 0x20, 0x5f, 0x63, 0x6f, 0x6e,
    0x64, 0x20, 0x3f, 0x20, 0x5f, 0x74, 0x72, 0x75, 0x65, 0x20, 0x3a, 0x20,
    0x5f, 0x66, 0x61, 0x6c, 0x73, 0x65, 0x3b, 0x20, 0x7d, 0x0a, 0x76, 0x65,
    0x63, 0x32, 0x20, 0x73, 0x65, 0x6c, 0x65, 0x63, 0x74, 0x28, 0x62, 0x76,
    0x65, 0x63, 0x32, 0x20, 0x5f, 0x63, 0x6f, 0x6e, 0x64, 0x2c, 0x20, 0x76,
    0x65, 0x63, 0x32, 0x20, 0x5f, 0x74, 0x72, 0x75, 0x65, 0x2c, 0x20, 0x76,
    0x65, 0x63, 0x32, 0x20, 0x5f, 0x66, 0x61, 0x6c, 0x73, 0x65, 0x29, 0x20,
    0x7b, 0x20, 0x72, 0x65, 0x74, 0x75, 0x72, 0x6e, 0x20, 0x28, 0x76, 0x65,
    0x63, 0x32, 0x28, 0x5f, 0x63, 0x6f, 0x6e, 0x64, 0x29, 0x20, 0x2a, 0x20,
    0x5f, 0x74, 0x72, 0x75, 0x65, 0x29, 0x20, 0x2b, 0x20, 0x28, 0x76, 0x65,
    0x63, 0x32, 0x28, 0x6e, 0x6f, 0x74, 0x28, 0x5f, 0x63, 0x6f, 0x6e, 0x64,
    0x29, 0x20, 0x29, 0x20, 0x2a, 0x20, 0x5f, 0x66, 0x61, 0x6c, 0x73, 0x65,
    0x29, 0x3b, 0x20, 0x7d, 0x0a, 0x76, 0x65, 0x63, 0x33, 0x20, 0x73, 0x65,
    0x6c, 0x65, 0x63, 0x74, 0x28, 0x62, 0x76, 0x65, 0x63, 0x33, 0x20, 0x5f,
    0x63, 0x6f, 0x6e, 0x64, 0x2c, 0x20, 0x76, 0x65, 0x63, 0x33, 0x20, 0x5f,
    0x74, 0x72, 0x75, 0x65, 0x2c, 0x20, 0x76, 0x65, 0x63, 0x33, 0x20, 0x5f,
    0x66, 0x61, 0x6c, 0x73, 0x65, 0x29, 0x20, 0x7b, 0x20, 0x72, 0x65, 0x74,
    0x75, 0x72, 0x6e, 0x20, 0x28, 0x76, 0x65, 0x63, 0x33, 0x28, 0x5f, 0x63,
    0x6f, 0x6e, 0x64, 0x29, 0x20, 0x2a, 0x20, 0x5f, 0x74, 0x72, 0x75, 0x65,
    0x29, 0x20, 0x2b, 0x20, 0x28, 0x76, 0x65, 0x63, 0x33, 0x28, 0x6e, 0x6f,
    0x74, 0x28, 0x5f, 0x63, 0x6f, 0x6e, 0x64, 0x29, 0x20, 0x29, 0x20, 0x2a,
    0x20, 0x5f, 0x66, 0x61, 0x6c, 0x73, 0x65, 0x29, 0x3b, 0x20, 0x7d, 0x0a,
    0x76, 0x65, 0x63, 0x34, 0x20, 0x73, 0x65, 0x6c, 0x65, 0x63, 0x74, 0x28,
    0x62, 0x76, 0x65, 0x63, 0x34, 0x20, 0x5f, 0x63, 0x6f, 0x6e, 0x64, 0x2c,
    0x20, 0x76, 0x65, 0x63, 0x34, 0x20, 0x5f, 0x74, 0x72, 0x75, 0x65, 0x2c,
    0x20, 0x76, 0x65, 0x63, 0x34, 0x20, 0x5f, 0x66, 0x61, 0x6c, 0x73, 0x65,
    0x29, 0x20, 0x7b, 0x20, 0x72, 0x65, 0x74, 0x75, 0x72, 0x6e, 0x20, 0x28,
    0x76, 0x65, 0x63, 0x34, 0x28, 0x5f, 0x63, 0x6f, 0x6e, 0x64, 0x29, 0x20,
    0x2a, 0x20, 0x5f, 0x74, 0x72, 0x75, 0x65, 0x29, 0x20, 0x2b, 0x20, 0x28,
    0x76, 0x65, 0x63, 0x34, 0x28, 0x6e, 0x6f, 0x74, 0x28, 0x5f, 0x63, 0x6f,
    0x6e, 0x64, 0x29, 0x20, 0x29, 0x20, 0x2a, 0x20, 0x5f, 0x66, 0x61, 0x6c,
    0x73, 0x65, 0x29, 0x3b, 0x20, 0x7d, 0x0a, 0x69, 0x6e, 0x74, 0x20, 0x73,
    0x65, 0x6c, 0x65, 0x63, 0x74, 0x28, 0x62, 0x6f, 0x6f, 0x6c, 0x20, 0x5f,
    0x63, 0x6f, 0x6e, 0x64, 0x2c, 0x20, 0x69, 0x6e, 0x74, 0x20, 0x5f, 0x74,
    0x72, 0x75, 0x65, 0x2c, 0x20, 0x69, 0x6e, 0x74, 0x20, 0x5f, 0x66, 0x61,
    0x6c, 0x73, 0x65, 0x29, 0x20, 0x7b, 0x20, 0x72, 0x65, 0x74, 0x75, 0x72,
    0x6e, 0x20, 0x5f, 0x63, 0x6f, 0x6e, 0x64, 0x20, 0x3f, 0x20, 0x5f, 0x74,
    0x72, 0x75, 0x65, 0x20, 0x3a, 0x20, 0x5f, 0x66, 0x61, 0x6c, 0x73, 0x65,
    0x3b, 0x20, 0x7d, 0x0a, 0x69, 0x76, 0x65, 0x63, 0x32, 0x20, 0x73, 0x65,
    0x6c, 0x65, 0x63, 0x74, 0x28, 0x62, 0x6f, 0x6f, 0x6c, 0x20, 0x5f, 0x63,
    0x6f, 0x6e, 0x64, 0x2c, 0x20, 0x69, 0x76, 0x65, 0x63, 0x32, 0x20, 0x5f,
    0x74, 0x72, 0x75, 0x65, 0x2c, 0x20, 0x69, 0x76, 0x65, 0x63, 0x32, 0x20,
    0x5f, 0x66, 0x61, 0x6c, 0x73, 0x65, 0x29, 0x20, 0x7b, 0x20, 0x72, 0x65,
    0x74, 0x75, 0x72, 0x6e, 0x20, 0x5f, 0x63, 0x6f, 0x6e, 0x64, 0x20, 0x3f,
    0x20, 0x5f, 0x74, 0x72, 0x75, 0x65, 0x20, 0x3a, 0x20, 0x5f, 0x66, 0x61,
    0x6c, 0x73, 0x65, 0x3b, 0x20, 0x7d, 0x0a, 0x69, 0x76, 0x65, 0x63, 0x33,
    0x20, 0x73, 0x65, 0x6c, 0x65, 0x63, 0x74, 0x28, 0x62, 0x6f, 0x6f, 0x6c,
    0x20, 0x5f, 0x63, 0x6f, 0x6e, 0x64, 0x2c, 0x20, 0x69, 0x76, 0x65, 0x63,
    0x33, 0x20, 0x5f, 0x74, 0x72, 0x75, 0x65, 0x2c, 0x20, 0x69, 0x76, 0x65,
    0x63, 0x33, 0x20, 0x5f, 0x66, 0x61, 0x6c, 0x73, 0x65, 0x29, 0x20, 0x7b,
    0x20, 0x72, 0x65, 0x74, 0x75, 0x72, 0x6e, 0x20, 0x5f, 0x63, 0x6f, 0x6e,
    0x64, 0x20, 0x3f, 0x20, 0x5f, 0x74, 0x72, 0x75, 0x65, 0x20, 0x3a, 0x20,
    0x5f, 0x66, 0x61, 0x6c, 0x73, 0x65, 0x3b, 0x20, 0x7d, 0x0a, 0x69, 0x76,
    0x65, 0x63, 0x34, 0x20, 0x73, 0x65, 0x6c, 0x65, 0x63, 0x74, 0x28, 0x62,
    0x6f, 0x6f, 0x6c, 0x20, 0x5f, 0x63, 0x6f, 0x6e, 0x64, 0x2c, 0x20, 0x69,
    0x76, 0x65, 0x63, 0x34, 0x20, 0x5f, 0x74, 0x72, 0x75, 0x65, 0x2c, 0x20,
    0x69, 0x76, 0x65, 0x63, 0x34, 0x20, 0x5f, 0x66, 0x61, 0x6c, 0x73, 0x65,
    0x29, 0x20, 0x7b, 0x20, 0x72, 0x65, 0x74, 0x75, 0x72, 0x6e, 0x20, 0x5f,
    0x63, 0x6f, 0x6e, 0x64, 0x20, 0x3f, 0x20, 0x5f, 0x74, 0x72, 0x75, 0x65,
    0x20, 0x3a, 0x20, 0x5f, 0x66, 0x61, 0x6c, 0x73, 0x65, 0x3b, 0x20, 0x7d,
    0x0a, 0x69, 0x76, 0x65, 0x63, 0x32, 0x20, 0x73, 0x65, 0x6c, 0x65, 0x63,
    0x74, 0x28, 0x62, 0x76, 0x65, 0x63, 0x32, 0x20, 0x5f, 0x63, 0x6f, 0x6e,
    0x64, 0x2c, 0x20, 0x69, 0x76, 0x65, 0x63, 0x32, 0x20, 0x5f, 0x74, 0x72,
    0x75, 0x65, 0x2c, 0x20, 0x69, 0x76, 0x65, 0x63, 0x32, 0x20, 0x5f, 0x66,
    0x61, 0x6c, 0x73, 0x65, 0x29, 0x20, 0x7b, 0x20, 0x72, 0x65, 0x74, 0x75,
    0x72, 0x6e, 0x20, 0x28, 0x69, 0x76, 0x65, 0x63, 0x32, 0x28, 0x5f, 0x63,
    0x6f, 0x6e, 0x64, 0x29, 0x20, 0x2a, 0x20, 0x5f, 0x74, 0x72, 0x75, 0x65,
    0x29, 0x20, 0x2b, 0x20, 0x28, 0x69, 0x76, 0x65, 0x63, 0x32, 0x28, 0x6e,
    0x6f, 0x74, 0x28, 0x5f, 0x63, 0x6f, 0x6e, 0x64, 0x29, 0x20, 0x29, 0x20,
    0x2a, 0x20, 0x5f, 0x66, 0x61, 0x6c, 0x73, 0x65, 0x29, 0x3b, 0x20, 0x7d,
    0x0a, 0x69, 0x76, 0x65, 0x63, 0x33, 0x20, 0x73, 0x65, 0x6c, 0x65, 0x63,
    0x74, 0x28, 0x62, 0x76, 0x65, 0x63, 0x33, 0x20, 0x5f, 0x63, 0x6f, 0x6e,
    0x64, 0x2c, 0x20, 0x69, 0x76, 0x65, 0x63, 0x33, 0x20, 0x5f, 0x74, 0x72,
    0x75, 0x65, 0x2c, 0x20, 0x69, 0x76, 0x65, 0x63, 0x33, 0x20, 0x5f, 0x66,
    0x61, 0x6c, 0x73, 0x65, 0x29, 0x20, 0x7b, 0x20, 0x72, 0x65, 0x74, 0x75,
    0x72, 0x6e, 0x20, 0x28, 0x69, 0x76, 0x65, 0x63, 0x33, 0x28, 0x5f, 0x63,
    0x6f, 0x6e, 0x64, 0x29, 0x20, 0x2a, 0x20, 0x5f, 0x74, 0x72, 0x75, 0x65,
    0x29, 0x20, 0x2b, 0x20, 0x28, 0x69, 0x76, 0x65, 0x63, 0x33, 0x28, 0x6e,
    0x6f, 0x74, 0x28, 0x5f, 0x63, 0x6f, 0x6e, 0x64, 0x29, 0x20, 0x29, 0x20,
    0x2a, 0x20, 0x5f, 0x66, 0x61, 0x6c, 0x73, 0x65, 0x29, 0x3b, 0x20, 0x7d,
    0x0a, 0x69, 0x76, 0x65, 0x63, 0x34, 0x20, 0x73, 0x65, 0x6c, 0x65, 0x63,
    0x74, 0x28, 0x62, 0x76, 0x65, 0x63, 0x34, 0x20, 0x5f, 0x63, 0x6f, 0x6e,
    0x64, 0x2c, 0x20, 0x69, 0x76, 0x65, 0x63, 0x34, 0x20, 0x5f, 0x74, 0x72,
    0x75, 0x65, 0x2c, 0x20, 0x69, 0x76, 0x65, 0x63, 0x34, 0x20, 0x5f, 0x66,
    0x61, 0x6c, 0x73, 0x65, 0x29, 0x20, 0x7b, 0x20, 0x72, 0x65, 0x74, 0x75,
    0x72, 0x6e, 0x20, 0x28, 0x69, 0x76, 0x65, 0x63, 0x34, 0x28, 0x5f, 0x63,
    0x6f, 0x6e, 0x64, 0x29, 0x20, 0x2a, 0x20, 0x5f, 0x74, 0x72, 0x75, 0x65,
    0x29, 0x20, 0x2b, 0x20, 0x28, 0x69, 0x76, 0x65, 0x63, 0x34, 0x28, 0x6e,
    0x6f, 0x74, 0x28, 0x5f, 0x63, 0x6f, 0x6e, 0x64, 0x29, 0x20, 0x29, 0x20,
    0x2a, 0x20, 0x5f, 0x66, 0x61, 0x6c, 0x73, 0x65, 0x29, 0x3b, 0x20, 0x7d,
    0x0a, 0x75, 0x69, 0x6e, 0x74, 0x20, 0x73, 0x65, 0x6c, 0x65, 0x63, 0x74,
    0x28, 0x62, 0x6f, 0x6f, 0x6c, 0x20, 0x5f, 0x63, 0x6f, 0x6e, 0x64, 0x2c,
    0x20, 0x75, 0x69, 0x6e, 0x74, 0x20, 0x5f, 0x74, 0x72, 0x75, 0x65, 0x2c,
    0x20, 0x75, 0x69, 0x6e, 0x74, 0x20, 0x5f, 0x66, 0x61, 0x6c, 0x73, 0x65,
    0x29, 0x20, 0x7b, 0x20, 0x72, 0x65, 0x74, 0x75, 0x72, 0x6e, 0x20, 0x5f,
    0x63, 0x6f, 0x6e, 0x64, 0x20, 0x3f, 0x20, 0x5f, 0x74, 0x72, 0x75, 0x65,
    0x20, 0x3a, 0x20, 0x5f, 0x66, 0x61, 0x6c, 0x73, 0x65, 0x3b, 0x20, 0x7d,
    0x0a, 0x75, 0x76, 0x65, 0x63, 0x32, 0x20, 0x73, 0x65, 0x6c, 0x65, 0x63,
    0x74, 0x28, 0x62, 0x6f, 0x6f, 0x6c, 0x20, 0x5f, 0x63, 0x6f, 0x6e, 0x64,
    0x2c, 0x20, 0x75, 0x76, 0x65, 0x63, 0x32, 0x20, 0x5f, 0x74, 0x72, 0x75,
    0x65, 0x2c, 0x20, 0x75, 0x76, 0x65, 0x63, 0x32, 0x20, 0x5f, 0x66, 0x61,
    0x6c, 0x73, 0x65, 0x29, 0x20, 0x7b, 0x20, 0x72, 0x65, 0x74, 0x75, 0x72,
    0x6e, 0x20, 0x5f, 0x63, 0x6f, 0x6e, 0x64, 0x20, 0x3f, 0x20, 0x5f, 0x74,
    0x72, 0x75, 0x65, 0x20, 0x3a, 0x20, 0x5f, 0x66, 0x61, 0x6c, 0x73, 0x65,
    0x3b, 0x20, 0x7d, 0x0a, 0x75, 0x76, 0x65, 0x63, 0x33, 0x20, 0x73, 0x65,
    0x6c, 0x65, 0x63, 0x74, 0x28, 0x62, 0x6f, 0x6f, 0x6c, 0x20, 0x5f, 0x63,
    0x6f, 0x6e, 0x64, 0x2c, 0x20, 0x75, 0x76, 0x65, 0x63, 0x33, 0x20, 0x5f,
    0x74, 0x72, 0x75, 0x65, 0x2c, 0x20, 0x75, 0x76, 0x65, 0x63, 0x33, 0x20,
    0x5f, 0x66, 0x61, 0x6c, 0x73, 0x65, 0x29, 0x20, 0x7b, 0x20, 0x72, 0x65,
    0x74, 0x75, 0x72, 0x6e, 0x20, 0x5f, 0x63, 0x6f, 0x6e, 0x64, 0x20, 0x3f,
    0x20, 0x5f, 0x74, 0x72, 0x75, 0x65, 0x20, 0x3a, 0x20, 0x5f, 0x66, 0x61,
    0x6c, 0x73, 0x65, 0x3b, 0x20, 0x7d, 0x0a, 0x75, 0x76, 0x65, 0x63, 0x34,
    0x20, 0x73, 0x65, 0x6c, 0x65, 0x63, 0x74, 0x28, 0x62, 0x6f, 0x6f, 0x6c,
    0x20, 0x5f, 0x63, 0x6f, 0x6e, 0x64, 0x2c, 0x20, 0x75, 0x76, 0x65, 0x63,
    0x34, 0x20, 0x5f, 0x74, 0x72, 0x75, 0x65, 0x2c, 0x20, 0x75, 0x76, 0x65,
    0x63, 0x34, 0x20, 0x5f, 0x66, 0x61, 0x6c, 0x73, 0x65, 0x29, 0x20, 0x7b,
    0x20, 0x72, 0x65, 0x74, 0x75, 0x72, 0x6e, 0x20, 0x5f, 0x63, 0x6f, 0x6e,
    0x64, 0x20, 0x3f, 0x20, 0x5f, 0x74, 0x72, 0x75, 0x65, 0x20, 0x3a, 0x20,
    0x5f, 0x66, 0x61, 0x6c, 0x73, 0x65, 0x3b, 0x20, 0x7d, 0x0a, 0x75, 0x76,
    0x65, 0x63, 0x32, 0x20, 0x73, 0x65, 0x6c, 0x65, 0x63, 0x74, 0x28, 0x62,
    0x76, 0x65, 0x63, 0x32, 0x20, 0x5f, 0x63, 0x6f, 0x6e, 0x64, 0x2c, 0x20,
    0x75, 0x76, 0x65, 0x63, 0x32, 0x20, 0x5f, 0x74, 0x72, 0x75, 0x65, 0x2c,
    0x20, 0x75, 0x76, 0x65, 0x63, 0x32, 0x20, 0x5f, 0x66, 0x61, 0x6c, 0x73,
    0x65, 0x29, 0x20, 0x7b, 0x20, 0x72, 0x65, 0x74, 0x75, 0x72, 0x6e, 0x20,
    0x28, 0x75, 0x76, 0x65, 0x63, 0x32, 0x28, 0x5f, 0x63, 0x6f, 0x6e, 0x64,
    0x29, 0x20, 0x2a, 0x20, 0x5f, 0x74, 0x72, 0x75, 0x65, 0x29, 0x20, 0x2b,
    0x20, 0x28, 0x75, 0x76, 0x65, 0x63, 0x32, 0x28, 0x6e, 0x6f, 0x74, 0x28,
    0x5f, 0x63, 0x6f, 0x6e, 0x64, 0x29, 0x20, 0x29, 0x20, 0x2a, 0x20, 0x5f,
    0x66, 0x61, 0x6c, 0x73, 0x65, 0x29, 0x3b, 0x20, 0x7d, 0x0a, 0x75, 0x76,
    0x65, 0x63, 0x33, 0x20, 0x73, 0x65, 0x6c, 0x65, 0x63, 0x74, 0x28, 0x62,
    0x76, 0x65, 0x63, 0x33, 0x20, 0x5f, 0x63, 0x6f, 0x6e, 0x64, 0x2c, 0x20,
    0x75, 0x76, 0x65, 0x63, 0x33, 0x20, 0x5f, 0x74, 0x72, 0x75, 0x65, 0x2c,
    0x20, 0x75, 0x76, 0x65, 0x63, 0x33, 0x20, 0x5f, 0x66, 0x61, 0x6c, 0x73,
    0x65, 0x29, 0x20, 0x7b, 0x20, 0x72, 0x65, 0x74, 0x75, 0x72, 0x6e, 0x20,
    0x28, 0x75, 0x76, 0x65, 0x63, 0x33, 0x28, 0x5f, 0x63, 0x6f, 0x6e, 0x64,
    0x29, 0x20, 0x2a, 0x20, 0x5f, 0x74, 0x72, 0x75, 0x65, 0x29, 0x20, 0x2b,
    0x20, 0x28, 0x75, 0x76, 0x65, 0x63, 0x33, 0x28, 0x6e, 0x6f, 0x74, 0x28,
    0x5f, 0x63, 0x6f, 0x6e, 0x64, 0x29, 0x20, 0x29, 0x20, 0x2a, 0x20, 0x5f,
    0x66, 0x61, 0x6c, 0x73, 0x65, 0x29, 0x3b, 0x20, 0x7d, 0x0a, 0x75, 0x76,
    0x65, 0x63, 0x34, 0x20, 0x73, 0x65, 0x6c, 0x65, 0x63, 0x74, 0x28, 0x62,
    0x76, 0x65, 0x63, 0x34, 0x20, 0x5f, 0x63, 0x6f, 0x6e, 0x64, 0x2c, 0x20,
    0x75, 0x76, 0x65, 0x63, 0x34, 0x20, 0x5f, 0x74, 0x72, 0x75, 0x65, 0x2c,
    0x20, 0x75, 0x76, 0x65, 0x63, 0x34, 0x20, 0x5f, 0x66, 0x61, 0x6c, 0x73,
    0x65, 0x29, 0x20, 0x7b, 0x20, 0x72, 0x65, 0x74, 0x75, 0x72, 0x6e, 0x20,
    0x28, 0x75, 0x76, 0x65, 0x63, 0x34, 0x28, 0x5f, 0x63, 0x6f, 0x6e, 0x64,
    0x29, 0x20, 0x2a, 0x20, 0x5f, 0x74, 0x72, 0x75, 0x65, 0x29, 0x20, 0x2b,
    0x20, 0x28, 0x75, 0x76, 0x65, 0x63, 0x34, 0x28, 0x6e, 0x6f, 0x74, 0x28,
    0x5f, 0x63, 0x6f, 0x6e, 0x64, 0x29, 0x20, 0x29, 0x20, 0x2a, 0x20, 0x5f,
    0x66, 0x61, 0x6c, 0x73, 0x65, 0x29, 0x3b, 0x20, 0x7d, 0x0a, 0x75, 0x6e,
    0x69, 0x66, 0x6f, 0x72, 0x6d, 0x20, 0x76, 0x65, 0x63, 0x34, 0x20, 0x75,
    0x5f, 0x76, 0x69, 0x65, 0x77, 0x52, 0x65, 0x63, 0x74, 0x3b, 0x0a, 0x75,
    0x6e, 0x69, 0x66, 0x6f, 0x72, 0x6d, 0x20, 0x76, 0x65, 0x63, 0x34, 0x20,
    0x75, 0x5f, 0x76, 0x69, 0x65, 0x77, 0x54, 0x65, 0x78, 0x65, 0x6c, 0x3b,
    0x0a, 0x75, 0x6e, 0x69, 0x66, 0x6f, 0x72, 0x6d, 0x20, 0x6d, 0x61, 0x74,
    0x34, 0x20, 0x75, 0x5f, 0x76, 0x69, 0x65, 0x77, 0x3b, 0x0a, 0x75, 0x6e,
    0x69, 0x66, 0x6f, 0x72, 0x6d, 0x20, 0x6d, 0x61, 0x74, 0x34, 0x20, 0x75,
    0x5f, 0x69, 0x6e, 0x76, 0x56, 0x69, 0x65, 0x77, 0x3b, 0x0a, 0x75, 0x6e,
    0x69, 0x66, 0x6f, 0x72, 0x6d, 0x20, 0x6d, 0x61, 0x74, 0x34, 0x20, 0x75,
    0x5f, 0x70, 0x72, 0x6f, 0x6a, 0x3b, 0x0a, 0x75, 0x6e, 0x69, 0x66, 0x6f,
    0x72, 0x6d, 0x20, 0x6d, 0x61, 0x74, 0x34, 0x20, 0x75, 0x5f, 0x69, 0x6e,
    0x76, 0x50, 0x72, 0x6f, 0x6a, 0x3b, 0x0a, 0x75, 0x6e, 0x69, 0x66, 0x6f,
    0x72, 0x6d, 0x20, 0x6d, 0x61, 0x74, 0x34, 0x20, 0x75, 0x5f, 0x76, 0x69,
    0x65, 0x77, 0x50, 0x72, 0x6f, 0x6a, 0x3b, 0x0a, 0x75, 0x6e, 0x69, 0x66,
    0x6f, 0x72, 0x6d, 0x20, 0x6d, 0x61, 0x74, 0x34, 0x20, 0x75, 0x5f, 0x69,
    0x6e, 0x76, 0x56, 0x69, 0x65, 0x77, 0x50, 0x72, 0x6f, 0x6a, 0x3b, 0x0a,
    0x75, 0x6e, 0x69, 0x66, 0x6f, 0x72, 0x6d, 0x20, 0x6d, 0x61, 0x74, 0x34,
    0x20, 0x75, 0x5f, 0x6d, 0x6f, 0x64, 0x65, 0x6c, 0x56, 0x69, 0x65, 0x77,
    0x3b, 0x0a, 0x75, 0x6e, 0x69, 0x66, 0x6f, 0x72, 0x6d, 0x20, 0x6d, 0x61,
    0x74, 0x34, 0x20, 0x75, 0x5f, 0x69, 0x6e, 0x76, 0x4d, 0x6f, 0x64, 0x65,
    0x6c, 0x56, 0x69, 0x65, 0x77, 0x3b, 0x0a, 0x75, 0x6e, 0x69, 0x66, 0x6f,
    0x72, 0x6d, 0x20, 0x6d, 0x61, 0x74, 0x34, 0x20, 0x75, 0x5f, 0x6d, 0x6f,
    0x64, 0x65, 0x6c, 0x56, 0x69, 0x65, 0x77, 0x50, 0x72, 0x6f, 0x6a, 0x3b,
    0x0a, 0x75, 0x6e, 0x69, 0x66, 0x6f, 0x72, 0x6d, 0x20, 0x76, 0x65, 0x63,
    0x34, 0x20, 0x75, 0x5f, 0x61, 0x6c, 0x70, 0x68, 0x61, 0x52, 0x65, 0x66,
    0x34, 0x3b, 0x0a, 0x75, 0x6e, 0x69, 0x66, 0x6f, 0x72, 0x6d, 0x20, 0x6d,
    0x61, 0x74, 0x34, 0x20, 0x75, 0x5f, 0x6d, 0x6f, 0x64, 0x65, 0x6c, 0x5b,
    0x31, 0x5d, 0x3b, 0x0a, 0x75, 0x6e, 0x69, 0x66, 0x6f, 0x72, 0x6d, 0x20,
    0x73, 0x61, 0x6d, 0x70, 0x6c, 0x65, 0x72, 0x32, 0x44, 0x20, 0x73, 0x5f,
    0x74, 0x65, 0x78, 0x74, 0x75, 0x72, 0x65, 0x3b, 0x0a, 0x75, 0x6e, 0x69,
    0x66, 0x6f, 0x72, 0x6d, 0x20, 0x76, 0x65, 0x63, 0x34, 0x20, 0x50, 0x6f,
    0x73, 0x74, 0x46, 0x78, 0x50, 0x61, 0x72, 0x61, 0x6d, 0x73, 0x5b, 0x34,
    0x5d, 0x3b, 0x0a, 0x6f, 0x75, 0x74, 0x20, 0x76, 0x65, 0x63, 0x34, 0x20,
    0x62, 0x67, 0x66, 0x78, 0x5f, 0x46, 0x72, 0x61, 0x67, 0x43, 0x6f, 0x6c,
    0x6f, 0x72, 0x3b, 0x0a, 0x76, 0x6f, 0x69, 0x64, 0x20, 0x6d, 0x61, 0x69,
    0x6e, 0x28, 0x29, 0x20, 0x7b, 0x0a, 0x76, 0x65, 0x63, 0x32, 0x20, 0x75,
    0x76, 0x20, 0x3d, 0x20, 0x76, 0x5f, 0x74, 0x65, 0x78, 0x63, 0x6f, 0x6f,
    0x72, 0x64, 0x30, 0x3b, 0x0a, 0x76, 0x65, 0x63, 0x32, 0x20, 0x74, 0x65,
    0x78, 0x65, 0x6c, 0x20, 0x3d, 0x20, 0x50, 0x6f, 0x73, 0x74, 0x46, 0x78,
    0x50, 0x61, 0x72, 0x61, 0x6d, 0x73, 0x5b, 0x32, 0x5d, 0x2e, 0x78, 0x79,
    0x3b, 0x0a, 0x66, 0x6c, 0x6f, 0x61, 0x74, 0x20, 0x72, 0x61, 0x64, 0x69,
    0x75, 0x73, 0x20, 0x3d, 0x20, 0x6d, 0x61, 0x78, 0x28, 0x50, 0x6f, 0x73,
    0x74, 0x46, 0x78, 0x50, 0x61, 0x72, 0x61, 0x6d, 0x73, 0x5b, 0x30, 0x5d,
    0x2e, 0x79, 0x2c, 0x20, 0x30, 0x2e, 0x30, 0x29, 0x3b, 0x0a, 0x76, 0x65,
    0x63, 0x32, 0x20, 0x6f, 0x66, 0x66, 0x20, 0x3d, 0x20, 0x74, 0x65, 0x78,
    0x65, 0x6c, 0x20, 0x2a, 0x20, 0x72, 0x61, 0x64, 0x69, 0x75, 0x73, 0x3b,
    0x0a, 0x66, 0x6c, 0x6f, 0x61, 0x74, 0x20, 0x77, 0x5b, 0x33, 0x5d, 0x3b,
    0x0a, 0x77, 0x5b, 0x30, 0x5d, 0x20, 0x3d, 0x20, 0x30, 0x2e, 0x32, 0x32,
    0x37, 0x30, 0x32, 0x37, 0x3b, 0x20, 0x77, 0x5b, 0x31, 0x5d, 0x20, 0x3d,
    0x20, 0x30, 0x2e, 0x31, 0x39, 0x34, 0x35, 0x39, 0x34, 0x36, 0x3b, 0x20,
    0x77, 0x5b, 0x32, 0x5d, 0x20, 0x3d, 0x20, 0x30, 0x2e, 0x31, 0x32, 0x31,
    0x36, 0x32, 0x31, 0x36, 0x3b, 0x0a, 0x76, 0x65, 0x63, 0x34, 0x20, 0x73,
    0x75, 0x6d, 0x20, 0x3d, 0x20, 0x74, 0x65, 0x78, 0x74, 0x75, 0x72, 0x65,
    0x28, 0x73, 0x5f, 0x74, 0x65, 0x78, 0x74, 0x75, 0x72, 0x65, 0x2c, 0x20,
    0x75, 0x76, 0x29, 0x20, 0x2a, 0x20, 0x77, 0x5b, 0x31, 0x5d, 0x3b, 0x0a,
    0x66, 0x6f, 0x72, 0x20, 0x28, 0x69, 0x6e, 0x74, 0x20, 0x78, 0x20, 0x3d,
    0x20, 0x31, 0x3b, 0x20, 0x78, 0x20, 0x3c, 0x3d, 0x20, 0x32, 0x3b, 0x20,
    0x2b, 0x2b, 0x78, 0x29, 0x20, 0x7b, 0x0a, 0x66, 0x6c, 0x6f, 0x61, 0x74,
    0x20, 0x66, 0x20, 0x3d, 0x20, 0x77, 0x5b, 0x78, 0x5d, 0x3b, 0x0a, 0x73,
    0x75, 0x6d, 0x20, 0x2b, 0x3d, 0x20, 0x74, 0x65, 0x78, 0x74, 0x75, 0x72,
    0x65, 0x28, 0x73, 0x5f, 0x74, 0x65, 0x78, 0x74, 0x75, 0x72, 0x65, 0x2c,
    0x20, 0x75, 0x76, 0x20, 0x2b, 0x20, 0x76, 0x65, 0x63, 0x32, 0x28, 0x6f,
    0x66, 0x66, 0x2e, 0x78, 0x20, 0x2a, 0x20, 0x66, 0x6c, 0x6f, 0x61, 0x74,
    0x28, 0x78, 0x29, 0x2c, 0x20, 0x30, 0x2e, 0x30, 0x29, 0x29, 0x20, 0x2a,
    0x20, 0x66, 0x3b, 0x0a, 0x73, 0x75, 0x6d, 0x20, 0x2b, 0x3d, 0x20, 0x74,
    0x65, 0x78, 0x74, 0x75, 0x72, 0x65, 0x28, 0x73, 0x5f, 0x74, 0x65, 0x78,
    0x74, 0x75, 0x72, 0x65, 0x2c, 0x20, 0x75, 0x76, 0x20, 0x2d, 0x20, 0x76,
    0x65, 0x63, 0x32, 0x28, 0x6f, 0x66, 0x66, 0x2e, 0x78, 0x20, 0x2a, 0x20,
    0x66, 0x6c, 0x6f, 0x61, 0x74, 0x28, 0x78, 0x29, 0x2c, 0x20, 0x30, 0x2e,
    0x30, 0x29, 0x29, 0x20, 0x2a, 0x20, 0x66, 0x3b, 0x0a, 0x73, 0x75, 0x6d,
    0x20, 0x2b, 0x3d, 0x20, 0x74, 0x65, 0x78, 0x74, 0x75, 0x72, 0x65, 0x28,
    0x73, 0x5f, 0x74, 0x65, 0x78, 0x74, 0x75, 0x72, 0x65, 0x2c, 0x20, 0x75,
    0x76, 0x20, 0x2b, 0x20, 0x76, 0x65, 0x63, 0x32, 0x28, 0x30, 0x2e, 0x30,
    0x2c, 0x20, 0x6f, 0x66, 0x66, 0x2e, 0x79, 0x20, 0x2a, 0x20, 0x66, 0x6c,
    0x6f, 0x61, 0x74, 0x28, 0x78, 0x29, 0x29, 0x29, 0x20, 0x2a, 0x20, 0x66,
    0x3b, 0x0a, 0x73, 0x75, 0x6d, 0x20, 0x2b, 0x3d, 0x20, 0x74, 0x65, 0x78,
    0x74, 0x75, 0x72, 0x65, 0x28, 0x73, 0x5f, 0x74, 0x65, 0x78, 0x74, 0x75,
    0x72, 0x65, 0x2c, 0x20, 0x75, 0x76, 0x20, 0x2d, 0x20, 0x76, 0x65, 0x63,
    0x32, 0x28, 0x30, 0x2e, 0x30, 0x2c, 0x20, 0x6f, 0x66, 0x66, 0x2e, 0x79,
    0x20, 0x2a, 0x20, 0x66, 0x6c, 0x6f, 0x61, 0x74, 0x28, 0x78, 0x29, 0x29,
    0x29, 0x20, 0x2a, 0x20, 0x66, 0x3b, 0x0a, 0x7d, 0x0a, 0x76, 0x65, 0x63,
    0x34, 0x20, 0x6f, 0x72, 0x69, 0x67, 0x69, 0x6e, 0x61, 0x6c, 0x20, 0x3d,
    0x20, 0x74, 0x65, 0x78, 0x74, 0x75, 0x72, 0x65, 0x28, 0x73, 0x5f, 0x74,
    0x65, 0x78, 0x74, 0x75, 0x72, 0x65, 0x2c, 0x20, 0x75, 0x76, 0x29, 0x3b,
    0x0a, 0x66, 0x6c, 0x6f, 0x61, 0x74, 0x20, 0x61, 0x6d, 0x6f, 0x75, 0x6e,
    0x74, 0x20, 0x3d, 0x20, 0x63, 0x6c, 0x61, 0x6d, 0x70, 0x28, 0x50, 0x6f,
    0x73, 0x74, 0x46, 0x78, 0x50, 0x61, 0x72, 0x61, 0x6d, 0x73, 0x5b, 0x30,
    0x5d, 0x2e, 0x7a, 0x2c, 0x20, 0x30, 0x2e, 0x30, 0x2c, 0x20, 0x31, 0x2e,
    0x30, 0x29, 0x3b, 0x0a, 0x76, 0x65, 0x63, 0x34, 0x20, 0x6d, 0x69, 0x78,
    0x65, 0x64, 0x20, 0x3d, 0x20, 0x6d, 0x69, 0x78, 0x28, 0x6f, 0x72, 0x69,
    0x67, 0x69, 0x6e, 0x61, 0x6c, 0x2c, 0x20, 0x73, 0x75, 0x6d, 0x2c, 0x20,
    0x61, 0x6d, 0x6f, 0x75, 0x6e, 0x74, 0x29, 0x3b, 0x0a, 0x6d, 0x69, 0x78,
    0x65, 0x64, 0x2e, 0x72, 0x67, 0x62, 0x20, 0x2a, 0x3d, 0x20, 0x6d, 0x61,
    0x78, 0x28, 0x50, 0x6f, 0x73, 0x74, 0x46, 0x78, 0x50, 0x61, 0x72, 0x61,
    0x6d, 0x73, 0x5b, 0x31, 0x5d, 0x2e, 0x72, 0x67, 0x62, 0x2c, 0x20, 0x76,
    0x65, 0x63, 0x33, 0x28, 0x30, 0x2e, 0x30, 0x29, 0x29, 0x3b, 0x0a, 0x62,
    0x67, 0x66, 0x78, 0x5f, 0x46, 0x72, 0x61, 0x67, 0x43, 0x6f, 0x6c, 0x6f,
    0x72, 0x20, 0x3d, 0x20, 0x76, 0x65, 0x63, 0x34, 0x28, 0x6d, 0x69, 0x78,
    0x65, 0x64, 0x2e, 0x72, 0x67, 0x62, 0x2c, 0x20, 0x6f, 0x72, 0x69, 0x67,
    0x69, 0x6e, 0x61, 0x6c, 0x2e, 0x61, 0x29, 0x3b, 0x0a, 0x7d, 0x0a, 0x00,
};
const size_t kEmbeddedGL_fs_postfx_blur_size = sizeof(kEmbeddedGL_fs_postfx_blur);

const uint8_t kEmbeddedGL_fs_postfx_bloom[] = {
    0x46, 0x53, 0x48, 0x0b, 0x6f, 0x1e, 0x3e, 0x3c, 0x00, 0x00, 0x00, 0x00,
    0x00, 0x00, 0x5f, 0x14, 0x00, 0x00, 0x23, 0x76, 0x65, 0x72, 0x73, 0x69,
    0x6f, 0x6e, 0x20, 0x34, 0x33, 0x30, 0x0a, 0x23, 0x64, 0x65, 0x66, 0x69,
    0x6e, 0x65, 0x20, 0x74, 0x65, 0x78, 0x74, 0x75, 0x72, 0x65, 0x32, 0x44,
    0x20, 0x20, 0x20, 0x20, 0x20, 0x20, 0x20, 0x20, 0x20, 0x20, 0x74, 0x65,
    0x78, 0x74, 0x75, 0x72, 0x65, 0x0a, 0x23, 0x64, 0x65, 0x66, 0x69, 0x6e,
    0x65, 0x20, 0x74, 0x65, 0x78, 0x74, 0x75, 0x72, 0x65, 0x32, 0x44, 0x4c,
    0x6f, 0x64, 0x20, 0x20, 0x20, 0x20, 0x20, 0x20, 0x20, 0x74, 0x65, 0x78,
    0x74, 0x75, 0x72, 0x65, 0x4c, 0x6f, 0x64, 0x0a, 0x23, 0x64, 0x65, 0x66,
    0x69, 0x6e, 0x65, 0x20, 0x74, 0x65, 0x78, 0x74, 0x75, 0x72, 0x65, 0x32,
    0x44, 0x47, 0x72, 0x61, 0x64, 0x20, 0x20, 0x20, 0x20, 0x20, 0x20, 0x74,
    0x65, 0x78, 0x74, 0x75, 0x72, 0x65, 0x47, 0x72, 0x61, 0x64, 0x0a, 0x23,
    0x64, 0x65, 0x66, 0x69, 0x6e, 0x65, 0x20, 0x74, 0x65, 0x78, 0x74, 0x75,
    0x72, 0x65, 0x32, 0x44, 0x50, 0x72, 0x6f, 0x6a, 0x4c, 0x6f, 0x64, 0x20,
    0x20, 0x20, 0x74, 0x65, 0x78, 0x74, 0x75, 0x72, 0x65, 0x50, 0x72, 0x6f,
    0x6a, 0x4c, 0x6f, 0x64, 0x0a, 0x23, 0x64, 0x65, 0x66, 0x69, 0x6e, 0x65,
    0x20, 0x74, 0x65, 0x78, 0x74, 0x75, 0x72, 0x65, 0x32, 0x44, 0x50, 0x72,
    0x6f, 0x6a, 0x47, 0x72, 0x61, 0x64, 0x20, 0x20, 0x74, 0x65, 0x78, 0x74,
    0x75, 0x72, 0x65, 0x50, 0x72, 0x6f, 0x6a, 0x47, 0x72, 0x61, 0x64, 0x0a,
    0x23, 0x64, 0x65, 0x66, 0x69, 0x6e, 0x65, 0x20, 0x74, 0x65, 0x78, 0x74,
    0x75, 0x72, 0x65, 0x43, 0x75, 0x62, 0x65, 0x4c, 0x6f, 0x64, 0x20, 0x20,
    0x20, 0x20, 0x20, 0x74, 0x65, 0x78, 0x74, 0x75, 0x72, 0x65, 0x4c, 0x6f,
    0x64, 0x0a, 0x23, 0x64, 0x65, 0x66, 0x69, 0x6e, 0x65, 0x20, 0x74, 0x65,
    0x78, 0x74, 0x75, 0x72, 0x65, 0x43, 0x75, 0x62, 0x65, 0x47, 0x72, 0x61,
    0x64, 0x20, 0x20, 0x20, 0x20, 0x74, 0x65, 0x78, 0x74, 0x75, 0x72, 0x65,
    0x47, 0x72, 0x61, 0x64, 0x0a, 0x23, 0x64, 0x65, 0x66, 0x69, 0x6e, 0x65,
    0x20, 0x74, 0x65, 0x78, 0x74, 0x75, 0x72, 0x65, 0x33, 0x44, 0x20, 0x20,
    0x20, 0x20, 0x20, 0x20, 0x20, 0x20, 0x20, 0x20, 0x74, 0x65, 0x78, 0x74,
    0x75, 0x72, 0x65, 0x0a, 0x23, 0x64, 0x65, 0x66, 0x69, 0x6e, 0x65, 0x20,
    0x74, 0x65, 0x78, 0x74, 0x75, 0x72, 0x65, 0x32, 0x44, 0x4c, 0x6f, 0x64,
    0x4f, 0x66, 0x66, 0x73, 0x65, 0x74, 0x20, 0x74, 0x65, 0x78, 0x74, 0x75,
    0x72, 0x65, 0x4c, 0x6f, 0x64, 0x4f, 0x66, 0x66, 0x73, 0x65, 0x74, 0x0a,
    0x23, 0x64, 0x65, 0x66, 0x69, 0x6e, 0x65, 0x20, 0x61, 0x74, 0x74, 0x72,
    0x69, 0x62, 0x75, 0x74, 0x65, 0x20, 0x69, 0x6e, 0x0a, 0x23, 0x64, 0x65,
    0x66, 0x69, 0x6e, 0x65, 0x20, 0x76, 0x61, 0x72, 0x79, 0x69, 0x6e, 0x67,
    0x20, 0x69, 0x6e, 0x0a, 0x23, 0x64, 0x65, 0x66, 0x69, 0x6e, 0x65, 0x20,
    0x62, 0x67, 0x66, 0x78, 0x53, 0x68, 0x61, 0x64, 0x6f, 0x77, 0x32, 0x44,
    0x28, 0x5f, 0x73, 0x61, 0x6d, 0x70, 0x6c, 0x65, 0x72, 0x2c, 0x20, 0x5f,
    0x63, 0x6f, 0x6f, 0x72, 0x64, 0x29, 0x20, 0x20, 0x20, 0x20, 0x20, 0x76,
    0x65, 0x63, 0x34, 0x5f, 0x73, 0x70, 0x6c, 0x61, 0x74, 0x28, 0x74, 0x65,
    0x78, 0x74, 0x75, 0x72, 0x65, 0x28, 0x5f, 0x73, 0x61, 0x6d, 0x70, 0x6c,
    0x65, 0x72, 0x2c, 0x20, 0x5f, 0x63, 0x6f, 0x6f, 0x72, 0x64, 0x29, 0x20,
    0x29, 0x0a, 0x23, 0x64, 0x65, 0x66, 0x69, 0x6e, 0x65, 0x20, 0x62, 0x67,
    0x66, 0x78, 0x53, 0x68, 0x61, 0x64, 0x6f, 0x77, 0x32, 0x44, 0x50, 0x72,
    0x6f, 0x6a, 0x28, 0x5f, 0x73, 0x61, 0x6d, 0x70, 0x6c, 0x65, 0x72, 0x2c,
    0x20, 0x5f, 0x63, 0x6f, 0x6f, 0x72, 0x64, 0x29, 0x20, 0x76, 0x65, 0x63,
    0x34, 0x5f, 0x73, 0x70, 0x6c, 0x61, 0x74, 0x28, 0x74, 0x65, 0x78, 0x74,
    0x75, 0x72, 0x65, 0x50, 0x72, 0x6f, 0x6a, 0x28, 0x5f, 0x73, 0x61, 0x6d,
    0x70, 0x6c, 0x65, 0x72, 0x2c, 0x20, 0x5f, 0x63, 0x6f, 0x6f, 0x72, 0x64,
    0x29, 0x20, 0x29, 0x0a, 0x76, 0x61, 0x72, 0x79, 0x69, 0x6e, 0x67, 0x20,
    0x76, 0x65, 0x63, 0x32, 0x20, 0x76, 0x5f, 0x74, 0x65, 0x78, 0x63, 0x6f,
    0x6f, 0x72, 0x64, 0x30, 0x3b, 0x0a, 0x66, 0x6c, 0x6f, 0x61, 0x74, 0x20,
    0x72, 0x63, 0x70, 0x28, 0x66, 0x6c, 0x6f, 0x61, 0x74, 0x20, 0x5f, 0x61,
    0x29, 0x20, 0x7b, 0x20, 0x72, 0x65, 0x74, 0x75, 0x72, 0x6e, 0x20, 0x31,
    0x2e, 0x30, 0x2f, 0x5f, 0x61, 0x3b, 0x20, 0x7d, 0x0a, 0x76, 0x65, 0x63,
    0x32, 0x20, 0x72, 0x63, 0x70, 0x28, 0x76, 0x65, 0x63, 0x32, 0x20, 0x5f,
    0x61, 0x29, 0x20, 0x7b, 0x20, 0x72, 0x65, 0x74, 0x75, 0x72, 0x6e, 0x20,
    0x76, 0x65, 0x63, 0x32, 0x28, 0x31, 0x2e, 0x30, 0x29, 0x2f, 0x5f, 0x61,
    0x3b, 0x20, 0x7d, 0x0a, 0x76, 0x65, 0x63, 0x33, 0x20, 0x72, 0x63, 0x70,
    0x28, 0x76, 0x65, 0x63, 0x33, 0x20, 0x5f, 0x61, 0x29, 0x20, 0x7b, 0x20,
    0x72, 0x65, 0x74, 0x75, 0x72, 0x6e, 0x20, 0x76, 0x65, 0x63, 0x33, 0x28,
    0x31, 0x2e, 0x30, 0x29, 0x2f, 0x5f, 0x61, 0x3b, 0x20, 0x7d, 0x0a, 0x76,
    0x65, 0x63, 0x34, 0x20, 0x72, 0x63, 0x70, 0x28, 0x76, 0x65, 0x63, 0x34,
    0x20, 0x5f, 0x61, 0x29, 0x20, 0x7b, 0x20, 0x72, 0x65, 0x74, 0x75, 0x72,
    0x6e, 0x20, 0x76, 0x65, 0x63, 0x34, 0x28, 0x31, 0x2e, 0x30, 0x29, 0x2f,
    0x5f, 0x61, 0x3b, 0x20, 0x7d, 0x0a, 0x76, 0x65, 0x63, 0x32, 0x20, 0x76,
    0x65, 0x63, 0x32, 0x5f, 0x73, 0x70, 0x6c, 0x61, 0x74, 0x28, 0x66, 0x6c,
    0x6f, 0x61, 0x74, 0x20, 0x5f, 0x78, 0x29, 0x20, 0x7b, 0x20, 0x72, 0x65,
    0x74, 0x75, 0x72, 0x6e, 0x20, 0x76, 0x65, 0x63, 0x32, 0x28, 0x5f, 0x78,
    0x2c, 0x20, 0x5f, 0x78, 0x29, 0x3b, 0x20, 0x7d, 0x0a, 0x76, 0x65, 0x63,
    0x33, 0x20, 0x76, 0x65, 0x63, 0x33, 0x5f, 0x73, 0x70, 0x6c, 0x61, 0x74,
    0x28, 0x66, 0x6c, 0x6f, 0x61, 0x74, 0x20, 0x5f, 0x78, 0x29, 0x20, 0x7b,
    0x20, 0x72, 0x65, 0x74, 0x75, 0x72, 0x6e, 0x20, 0x76, 0x65, 0x63, 0x33,
    0x28, 0x5f, 0x78, 0x2c, 0x20, 0x5f, 0x78, 0x2c, 0x20, 0x5f, 0x78, 0x29,
    0x3b, 0x20, 0x7d, 0x0a, 0x76, 0x65, 0x63, 0x34, 0x20, 0x76, 0x65, 0x63,
    0x34, 0x5f, 0x73, 0x70, 0x6c, 0x61, 0x74, 0x28, 0x66, 0x6c, 0x6f, 0x61,
    0x74, 0x20, 0x5f, 0x78, 0x29, 0x20, 0x7b, 0x20, 0x72, 0x65, 0x74, 0x75,
    0x72, 0x6e, 0x20, 0x76, 0x65, 0x63, 0x34, 0x28, 0x5f, 0x78, 0x2c, 0x20,
    0x5f, 0x78, 0x2c, 0x20, 0x5f, 0x78, 0x2c, 0x20, 0x5f, 0x78, 0x29, 0x3b,
    0x20, 0x7d, 0x0a, 0x75, 0x76, 0x65, 0x63, 0x32, 0x20, 0x75, 0x76, 0x65,
    0x63, 0x32, 0x5f, 0x73, 0x70, 0x6c, 0x61, 0x74, 0x28, 0x75, 0x69, 0x6e,
    0x74, 0x20, 0x5f, 0x78, 0x29, 0x20, 0x7b, 0x20, 0x72, 0x65, 0x74, 0x75,
    0x72, 0x6e, 0x20, 0x75, 0x76, 0x65, 0x63, 0x32, 0x28, 0x5f, 0x78, 0x2c,
    0x20, 0x5f, 0x78, 0x29, 0x3b, 0x20, 0x7d, 0x0a, 0x75, 0x76, 0x65, 0x63,
    0x33, 0x20, 0x75, 0x76, 0x65, 0x63, 0x33, 0x5f, 0x73, 0x70, 0x6c, 0x61,
    0x74, 0x28, 0x75, 0x69, 0x6e, 0x74, 0x20, 0x5f, 0x78, 0x29, 0x20, 0x7b,
    0x20, 0x72, 0x65, 0x74, 0x75, 0x72, 0x6e, 0x20, 0x75, 0x76, 0x65, 0x63,
    0x33, 0x28, 0x5f, 0x78, 0x2c, 0x20, 0x5f, 0x78, 0x2c, 0x20, 0x5f, 0x78,
    0x29, 0x3b, 0x20, 0x7d, 0x0a, 0x75, 0x76, 0x65, 0x63, 0x34, 0x20, 0x75,
    0x76, 0x65, 0x63, 0x34, 0x5f, 0x73, 0x70, 0x6c, 0x61, 0x74, 0x28, 0x75,
    0x69, 0x6e, 0x74, 0x20, 0x5f, 0x78, 0x29, 0x20, 0x7b, 0x20, 0x72, 0x65,
    0x74, 0x75, 0x72, 0x6e, 0x20, 0x75, 0x76, 0x65, 0x63, 0x34, 0x28, 0x5f,
    0x78, 0x2c, 0x20, 0x5f, 0x78, 0x2c, 0x20, 0x5f, 0x78, 0x2c, 0x20, 0x5f,
    0x78, 0x29, 0x3b, 0x20, 0x7d, 0x0a, 0x6d, 0x61, 0x74, 0x34, 0x20, 0x6d,
    0x74, 0x78, 0x46, 0x72, 0x6f, 0x6d, 0x52, 0x6f, 0x77, 0x73, 0x28, 0x76,
    0x65, 0x63, 0x34, 0x20, 0x5f, 0x30, 0x2c, 0x20, 0x76, 0x65, 0x63, 0x34,
    0x20, 0x5f, 0x31, 0x2c, 0x20, 0x76, 0x65, 0x63, 0x34, 0x20, 0x5f, 0x32,
    0x2c, 0x20, 0x76, 0x65, 0x63, 0x34, 0x20, 0x5f, 0x33, 0x29, 0x0a, 0x7b,
    0x0a, 0x72, 0x65, 0x74, 0x75, 0x72, 0x6e, 0x20, 0x74, 0x72, 0x61, 0x6e,
    0x73, 0x70, 0x6f, 0x73, 0x65, 0x28, 0x6d, 0x61, 0x74, 0x34, 0x28, 0x5f,
    0x30, 0x2c, 0x20, 0x5f, 0x31, 0x2c, 0x20, 0x5f, 0x32, 0x2c, 0x20, 0x5f,
    0x33, 0x29, 0x20, 0x29, 0x3b, 0x0a, 0x7d, 0x0a, 0x6d, 0x61, 0x74, 0x34,
    0x20, 0x6d, 0x74, 0x78, 0x46, 0x72, 0x6f, 0x6d, 0x43, 0x6f, 0x6c, 0x73,
    0x28, 0x76, 0x65, 0x63, 0x34, 0x20, 0x5f, 0x30, 0x2c, 0x20, 0x76, 0x65,
    0x63, 0x34, 0x20, 0x5f, 0x31, 0x2c, 0x20, 0x76, 0x65, 0x63, 0x34, 0x20,
    0x5f, 0x32, 0x2c, 0x20, 0x76, 0x65, 0x63, 0x34, 0x20, 0x5f, 0x33, 0x29,
    0x0a, 0x7b, 0x0a, 0x72, 0x65, 0x74, 0x75, 0x72, 0x6e, 0x20, 0x6d, 0x61,
    0x74, 0x34, 0x28, 0x5f, 0x30, 0x2c, 0x20, 0x5f, 0x31, 0x2c, 0x20, 0x5f,
    0x32, 0x2c, 0x20, 0x5f, 0x33, 0x29, 0x3b, 0x0a, 0x7d, 0x0a, 0x6d, 0x61,
    0x74, 0x33, 0x20, 0x6d, 0x74, 0x78, 0x46, 0x72, 0x6f, 0x6d, 0x52, 0x6f,
    0x77, 0x73, 0x28, 0x76, 0x65, 0x63, 0x33, 0x20, 0x5f, 0x30, 0x2c, 0x20,
    0x76, 0x65, 0x63, 0x33, 0x20, 0x5f, 0x31, 0x2c, 0x20, 0x76, 0x65, 0x63,
    0x33, 0x20, 0x5f, 0x32, 0x29, 0x0a, 0x7b, 0x0a, 0x72, 0x65, 0x74, 0x75,
    0x72, 0x6e, 0x20, 0x74, 0x72, 0x61, 0x6e, 0x73, 0x70, 0x6f, 0x73, 0x65,
    0x28, 0x6d, 0x61, 0x74, 0x33, 0x28, 0x5f, 0x30, 0x2c, 0x20, 0x5f, 0x31,
    0x2c, 0x20, 0x5f, 0x32, 0x29, 0x20, 0x29, 0x3b, 0x0a, 0x7d, 0x0a, 0x6d,
    0x61, 0x74, 0x33, 0x20, 0x6d, 0x74, 0x78, 0x46, 0x72, 0x6f, 0x6d, 0x43,
    0x6f, 0x6c, 0x73, 0x28, 0x76, 0x65, 0x63, 0x33, 0x20, 0x5f, 0x30, 0x2c,
    0x20, 0x76, 0x65, 0x63, 0x33, 0x20, 0x5f, 0x31, 0x2c, 0x20, 0x76, 0x65,
    0x63, 0x33, 0x20, 0x5f, 0x32, 0x29, 0x0a, 0x7b, 0x0a, 0x72, 0x65, 0x74,
    0x75, 0x72, 0x6e, 0x20, 0x6d, 0x61, 0x74, 0x33, 0x28, 0x5f, 0x30, 0x2c,
    0x20, 0x5f, 0x31, 0x2c, 0x20, 0x5f, 0x32, 0x29, 0x3b, 0x0a, 0x7d, 0x0a,
    0x6d, 0x61, 0x74, 0x34, 0x78, 0x33, 0x20, 0x6d, 0x74, 0x78, 0x46, 0x72,
    0x6f, 0x6d, 0x52, 0x6f, 0x77, 0x73, 0x28, 0x76, 0x65, 0x63, 0x34, 0x20,
    0x5f, 0x30, 0x2c, 0x20, 0x76, 0x65, 0x63, 0x34, 0x20, 0x5f, 0x31, 0x2c,
    0x20, 0x76, 0x65, 0x63, 0x34, 0x20, 0x5f, 0x32, 0x29, 0x0a, 0x7b, 0x0a,
    0x72, 0x65, 0x74, 0x75, 0x72, 0x6e, 0x20, 0x74, 0x72, 0x61, 0x6e, 0x73,
    0x70, 0x6f, 0x73, 0x65, 0x28, 0x6d, 0x61, 0x74, 0x33, 0x78, 0x34, 0x28,
    0x5f, 0x30, 0x2c, 0x20, 0x5f, 0x31, 0x2c, 0x20, 0x5f, 0x32, 0x29, 0x20,
    0x29, 0x3b, 0x0a, 0x7d, 0x0a, 0x76, 0x65, 0x63, 0x33, 0x20, 0x6d, 0x74,
    0x78, 0x47, 0x65, 0x74, 0x52, 0x6f, 0x77, 0x28, 0x6d, 0x61, 0x74, 0x33,
    0x20, 0x5f, 0x6d, 0x74, 0x78, 0x2c, 0x20, 0x69, 0x6e, 0x74, 0x20, 0x5f,
    0x72, 0x6f, 0x77, 0x29, 0x0a, 0x7b, 0x0a, 0x72, 0x65, 0x74, 0x75, 0x72,
    0x6e, 0x20, 0x76, 0x65, 0x63, 0x33, 0x28, 0x5f, 0x6d, 0x74, 0x78, 0x5b,
    0x30, 0x5d, 0x5b, 0x5f, 0x72, 0x6f, 0x77, 0x5d, 0x2c, 0x20, 0x5f, 0x6d,
    0x74, 0x78, 0x5b, 0x31, 0x5d, 0x5b, 0x5f, 0x72, 0x6f, 0x77, 0x5d, 0x2c,
    0x20, 0x5f, 0x6d, 0x74, 0x78, 0x5b, 0x32, 0x5d, 0x5b, 0x5f, 0x72, 0x6f,
    0x77, 0x5d, 0x29, 0x3b, 0x0a, 0x7d, 0x0a, 0x76, 0x65, 0x63, 0x33, 0x20,
    0x6d, 0x74, 0x78, 0x47, 0x65, 0x74, 0x43, 0x6f, 0x6c, 0x75, 0x6d, 0x6e,
    0x28, 0x6d, 0x61, 0x74, 0x33, 0x20, 0x5f, 0x6d, 0x74, 0x78, 0x2c, 0x20,
    0x69, 0x6e, 0x74, 0x20, 0x5f, 0x63, 0x6f, 0x6c, 0x75, 0x6d, 0x6e, 0x29,
    0x0a, 0x7b, 0x0a, 0x72, 0x65, 0x74, 0x75, 0x72, 0x6e, 0x20, 0x76, 0x65,
    0x63, 0x33, 0x28, 0x5f, 0x6d, 0x74, 0x78, 0x5b, 0x5f, 0x63, 0x6f, 0x6c,
    0x75, 0x6d, 0x6e, 0x5d, 0x29, 0x3b, 0x0a, 0x7d, 0x0a, 0x76, 0x65, 0x63,
    0x34, 0x20, 0x6d, 0x74, 0x78, 0x47, 0x65, 0x74, 0x52, 0x6f, 0x77, 0x28,
    0x6d, 0x61, 0x74, 0x34, 0x78, 0x33, 0x20, 0x5f, 0x6d, 0x74, 0x78, 0x2c,
    0x20, 0x69, 0x6e, 0x74, 0x20, 0x5f, 0x72, 0x6f, 0x77, 0x29, 0x0a, 0x7b,
    0x0a, 0x72, 0x65, 0x74, 0x75, 0x72, 0x6e, 0x20, 0x76, 0x65, 0x63, 0x34,
    0x28, 0x5f, 0x6d, 0x74, 0x78, 0x5b, 0x30, 0x5d, 0x5b, 0x5f, 0x72, 0x6f,
    0x77, 0x5d, 0x2c, 0x20, 0x5f, 0x6d, 0x74, 0x78, 0x5b, 0x31, 0x5d, 0x5b,
    0x5f, 0x72, 0x6f, 0x77, 0x5d, 0x2c, 0x20, 0x5f, 0x6d, 0x74, 0x78, 0x5b,
    0x32, 0x5d, 0x5b, 0x5f, 0x72, 0x6f, 0x77, 0x5d, 0x2c, 0x20, 0x5f, 0x6d,
    0x74, 0x78, 0x5b, 0x33, 0x5d, 0x5b, 0x5f, 0x72, 0x6f, 0x77, 0x5d, 0x29,
    0x3b, 0x0a, 0x7d, 0x0a, 0x76, 0x65, 0x63, 0x33, 0x20, 0x6d, 0x74, 0x78,
    0x47, 0x65, 0x74, 0x43, 0x6f, 0x6c, 0x75, 0x6d, 0x6e, 0x28, 0x6d, 0x61,
    0x74, 0x34, 0x78, 0x33, 0x20, 0x5f, 0x6d, 0x74, 0x78, 0x2c, 0x20, 0x69,
    0x6e, 0x74, 0x20, 0x5f, 0x63, 0x6f, 0x6c, 0x75, 0x6d, 0x6e, 0x29, 0x0a,
    0x7b, 0x0a, 0x72, 0x65, 0x74, 0x75, 0x72, 0x6e, 0x20, 0x76, 0x65, 0x63,
    0x33, 0x28, 0x5f, 0x6d, 0x74, 0x78, 0x5b, 0x5f, 0x63, 0x6f, 0x6c, 0x75,
    0x6d, 0x6e, 0x5d, 0x29, 0x3b, 0x0a, 0x7d, 0x0a, 0x76, 0x65, 0x63, 0x34,
    0x20, 0x6d, 0x74, 0x78, 0x47, 0x65, 0x74, 0x52, 0x6f, 0x77, 0x28, 0x6d,
    0x61, 0x74, 0x34, 0x20, 0x5f, 0x6d, 0x74, 0x78, 0x2c, 0x20, 0x69, 0x6e,
    0x74, 0x20, 0x5f, 0x72, 0x6f, 0x77, 0x29, 0x0a, 0x7b, 0x0a, 0x72, 0x65,
    0x74, 0x75, 0x72, 0x6e, 0x20, 0x76, 0x65, 0x63, 0x34, 0x28, 0x5f, 0x6d,
    0x74, 0x78, 0x5b, 0x30, 0x5d, 0x5b, 0x5f, 0x72, 0x6f, 0x77, 0x5d, 0x2c,
    0x20, 0x5f, 0x6d, 0x74, 0x78, 0x5b, 0x31, 0x5d, 0x5b, 0x5f, 0x72, 0x6f,
    0x77, 0x5d, 0x2c, 0x20, 0x5f, 0x6d, 0x74, 0x78, 0x5b, 0x32, 0x5d, 0x5b,
    0x5f, 0x72, 0x6f, 0x77, 0x5d, 0x2c, 0x20, 0x5f, 0x6d, 0x74, 0x78, 0x5b,
    0x33, 0x5d, 0x5b, 0x5f, 0x72, 0x6f, 0x77, 0x5d, 0x29, 0x3b, 0x0a, 0x7d,
    0x0a, 0x76, 0x65, 0x63, 0x34, 0x20, 0x6d, 0x74, 0x78, 0x47, 0x65, 0x74,
    0x43, 0x6f, 0x6c, 0x75, 0x6d, 0x6e, 0x28, 0x6d, 0x61, 0x74, 0x34, 0x20,
    0x5f, 0x6d, 0x74, 0x78, 0x2c, 0x20, 0x69, 0x6e, 0x74, 0x20, 0x5f, 0x63,
    0x6f, 0x6c, 0x75, 0x6d, 0x6e, 0x29, 0x0a, 0x7b, 0x0a, 0x72, 0x65, 0x74,
    0x75, 0x72, 0x6e, 0x20, 0x76, 0x65, 0x63, 0x34, 0x28, 0x5f, 0x6d, 0x74,
    0x78, 0x5b, 0x5f, 0x63, 0x6f, 0x6c, 0x75, 0x6d, 0x6e, 0x5d, 0x29, 0x3b,
    0x0a, 0x7d, 0x0a, 0x66, 0x6c, 0x6f, 0x61, 0x74, 0x20, 0x6d, 0x74, 0x78,
    0x47, 0x65, 0x74, 0x45, 0x6c, 0x65, 0x6d, 0x65, 0x6e, 0x74, 0x28, 0x6d,
    0x61, 0x74, 0x33, 0x20, 0x5f, 0x6d, 0x74, 0x78, 0x2c, 0x20, 0x69, 0x6e,
    0x74, 0x20, 0x5f, 0x63, 0x6f, 0x6c, 0x75, 0x6d, 0x6e, 0x2c, 0x20, 0x69,
    0x6e, 0x74, 0x20, 0x5f, 0x72, 0x6f, 0x77, 0x29, 0x0a, 0x7b, 0x0a, 0x72,
    0x65, 0x74, 0x75, 0x72, 0x6e, 0x20, 0x5f, 0x6d, 0x74, 0x78, 0x5b, 0x5f,
    0x63, 0x6f, 0x6c, 0x75, 0x6d, 0x6e, 0x5d, 0x5b, 0x5f, 0x72, 0x6f, 0x77,
    0x5d, 0x3b, 0x0a, 0x7d, 0x0a, 0x66, 0x6c, 0x6f, 0x61, 0x74, 0x20, 0x6d,
    0x74, 0x78, 0x47, 0x65, 0x74, 0x45, 0x6c, 0x65, 0x6d, 0x65, 0x6e, 0x74,
    0x28, 0x6d, 0x61, 0x74, 0x34, 0x20, 0x5f, 0x6d, 0x74, 0x78, 0x2c, 0x20,
    0x69, 0x6e, 0x74, 0x20, 0x5f, 0x63, 0x6f, 0x6c, 0x75, 0x6d, 0x6e, 0x2c,
    0x20, 0x69, 0x6e, 0x74, 0x20, 0x5f, 0x72, 0x6f, 0x77, 0x29, 0x0a, 0x7b,
    0x0a, 0x72, 0x65, 0x74, 0x75, 0x72, 0x6e, 0x20, 0x5f, 0x6d, 0x74, 0x78,
    0x5b, 0x5f, 0x63, 0x6f, 0x6c, 0x75, 0x6d, 0x6e, 0x5d, 0x5b, 0x5f, 0x72,
    0x6f, 0x77, 0x5d, 0x3b, 0x0a, 0x7d, 0x0a, 0x66, 0x6c, 0x6f, 0x61, 0x74,
    0x20, 0x73, 0x65, 0x6c, 0x65, 0x63, 0x74, 0x28, 0x62, 0x6f, 0x6f, 0x6c,
    0x20, 0x5f, 0x63, 0x6f, 0x6e, 0x64, 0x2c, 0x20, 0x66, 0x6c, 0x6f, 0x61,
    0x74, 0x20, 0x5f, 0x74, 0x72, 0x75, 0x65, 0x2c, 0x20, 0x66, 0x6c, 0x6f,
    0x61, 0x74, 0x20, 0x5f, 0x66, 0x61, 0x6c, 0x73, 0x65, 0x29, 0x20, 0x7b,
    0x20, 0x72, 0x65, 0x74, 0x75, 0x72, 0x6e, 0x20, 0x5f, 0x63, 0x6f, 0x6e,
    0x64, 0x20, 0x3f, 0x20, 0x5f, 0x74, 0x72, 0x75, 0x65, 0x20, 0x3a, 0x20,
    0x5f, 0x66, 0x61, 0x6c, 0x73, 0x65, 0x3b, 0x20, 0x7d, 0x0a, 0x76, 0x65,
    0x63, 0x32, 0x20, 0x73, 0x65, 0x6c, 0x65, 0x63, 0x74, 0x28, 0x62, 0x6f,
    0x6f, 0x6c, 0x20, 0x5f, 0x63, 0x6f, 0x6e, 0x64, 0x2c, 0x20, 0x76, 0x65,
    0x63, 0x32, 0x20, 0x5f, 0x74, 0x72, 0x75, 0x65, 0x2c, 0x20, 0x76, 0x65,
    0x63, 0x32, 0x20, 0x5f, 0x66, 0x61, 0x6c, 0x73, 0x65, 0x29, 0x20, 0x7b,
    0x20, 0x72, 0x65, 0x74, 0x75, 0x72, 0x6e, 0x20, 0x5f, 0x63, 0x6f, 0x6e,
    0x64, 0x20, 0x3f, 0x20, 0x5f, 0x74, 0x72, 0x75, 0x65, 0x20, 0x3a, 0x20,
    0x5f, 0x66, 0x61, 0x6c, 0x73, 0x65, 0x3b, 0x20, 0x7d, 0x0a, 0x76, 0x65,
    0x63, 0x33, 0x20, 0x73, 0x65, 0x6c, 0x65, 0x63, 0x74, 0x28, 0x62, 0x6f,
    0x6f, 0x6c, 0x20, 0x5f, 0x63, 0x6f, 0x6e, 0x64, 0x2c, 0x20, 0x76, 0x65,
    0x63, 0x33, 0x20, 0x5f, 0x74, 0x72, 0x75, 0x65, 0x2c, 0x20, 0x76, 0x65,
    0x63, 0x33, 0x20, 0x5f, 0x66, 0x61, 0x6c, 0x73, 0x65, 0x29, 0x20, 0x7b,
    0x20, 0x72, 0x65, 0x74, 0x75, 0x72, 0x6e, 0x20, 0x5f, 0x63, 0x6f, 0x6e,
    0x64, 0x20, 0x3f, 0x20, 0x5f, 0x74, 0x72, 0x75, 0x65, 0x20, 0x3a, 0x20,
    0x5f, 0x66, 0x61, 0x6c, 0x73, 0x65, 0x3b, 0x20, 0x7d, 0x0a, 0x76, 0x65,
    0x63, 0x34, 0x20, 0x73, 0x65, 0x6c, 0x65, 0x63, 0x74, 0x28, 0x62, 0x6f,
    0x6f, 0x6c, 0x20, 0x5f, 0x63, 0x6f, 0x6e, 0x64, 0x2c, 0x20, 0x76, 0x65,
    0x63, 0x34, 0x20, 0x5f, 0x74, 0x72, 0x75, 0x65, 0x2c, 0x20, 0x76, 0x65,
    0x63, 0x34, 0x20, 0x5f, 0x66, 0x61, 0x6c, 0x73, 0x65, 0x29, 0x20, 0x7b,
    0x20, 0x72, 0x65, 0x74, 0x75, 0x72, 0x6e, 0x20, 0x5f, 0x63, 0x6f, 0x6e,
    0x64, 0x20, 0x3f, 0x20, 0x5f, 0x74, 0x72, 0x75, 0x65, 0x20, 0x3a, 0x20,
    0x5f, 0x66, 0x61, 0x6c, 0x73, 0x65, 0x3b, 0x20, 0x7d, 0x0a, 0x76, 0x65,
    0x63, 0x32, 0x20, 0x73, 0x65, 0x6c, 0x65, 0x63, 0x74, 0x28, 0x62, 0x76,
    0x65, 0x63, 0x32, 0x20, 0x5f, 0x63, 0x6f, 0x6e, 0x64, 0x2c, 0x20, 0x76,
    0x65, 0x63, 0x32, 0x20, 0x5f, 0x74, 0x72, 0x75, 0x65, 0x2c, 0x20, 0x76,
    0x65, 0x63, 0x32, 0x20, 0x5f, 0x66, 0x61, 0x6c, 0x73, 0x65, 0x29, 0x20,
    0x7b, 0x20, 0x72, 0x65, 0x74, 0x75, 0x72, 0x6e, 0x20, 0x28, 0x76, 0x65,
    0x63, 0x32, 0x28, 0x5f, 0x63, 0x6f, 0x6e, 0x64, 0x29, 0x20, 0x2a, 0x20,
    0x5f, 0x74, 0x72, 0x75, 0x65, 0x29, 0x20, 0x2b, 0x20, 0x28, 0x76, 0x65,
    0x63, 0x32, 0x28, 0x6e, 0x6f, 0x74, 0x28, 0x5f, 0x63, 0x6f, 0x6e, 0x64,
    0x29, 0x20, 0x29, 0x20, 0x2a, 0x20, 0x5f, 0x66, 0x61, 0x6c, 0x73, 0x65,
    0x29, 0x3b, 0x20, 0x7d, 0x0a, 0x76, 0x65, 0x63, 0x33, 0x20, 0x73, 0x65,
    0x6c, 0x65, 0x63, 0x74, 0x28, 0x62, 0x76, 0x65, 0x63, 0x33, 0x20, 0x5f,
    0x63, 0x6f, 0x6e, 0x64, 0x2c, 0x20, 0x76, 0x65, 0x63, 0x33, 0x20, 0x5f,
    0x74, 0x72, 0x75, 0x65, 0x2c, 0x20, 0x76, 0x65, 0x63, 0x33, 0x20, 0x5f,
    0x66, 0x61, 0x6c, 0x73, 0x65, 0x29, 0x20, 0x7b, 0x20, 0x72, 0x65, 0x74,
    0x75, 0x72, 0x6e, 0x20, 0x28, 0x76, 0x65, 0x63, 0x33, 0x28, 0x5f, 0x63,
    0x6f, 0x6e, 0x64, 0x29, 0x20, 0x2a, 0x20, 0x5f, 0x74, 0x72, 0x75, 0x65,
    0x29, 0x20, 0x2b, 0x20, 0x28, 0x76, 0x65, 0x63, 0x33, 0x28, 0x6e, 0x6f,
    0x74, 0x28, 0x5f, 0x63, 0x6f, 0x6e, 0x64, 0x29, 0x20, 0x29, 0x20, 0x2a,
    0x20, 0x5f, 0x66, 0x61, 0x6c, 0x73, 0x65, 0x29, 0x3b, 0x20, 0x7d, 0x0a,
    0x76, 0x65, 0x63, 0x34, 0x20, 0x73, 0x65, 0x6c, 0x65, 0x63, 0x74, 0x28,
    0x62, 0x76, 0x65, 0x63, 0x34, 0x20, 0x5f, 0x63, 0x6f, 0x6e, 0x64, 0x2c,
    0x20, 0x76, 0x65, 0x63, 0x34, 0x20, 0x5f, 0x74, 0x72, 0x75, 0x65, 0x2c,
    0x20, 0x76, 0x65, 0x63, 0x34, 0x20, 0x5f, 0x66, 0x61, 0x6c, 0x73, 0x65,
    0x29, 0x20, 0x7b, 0x20, 0x72, 0x65, 0x74, 0x75, 0x72, 0x6e, 0x20, 0x28,
    0x76, 0x65, 0x63, 0x34, 0x28, 0x5f, 0x63, 0x6f, 0x6e, 0x64, 0x29, 0x20,
    0x2a, 0x20, 0x5f, 0x74, 0x72, 0x75, 0x65, 0x29, 0x20, 0x2b, 0x20, 0x28,
    0x76, 0x65, 0x63, 0x34, 0x28, 0x6e, 0x6f, 0x74, 0x28, 0x5f, 0x63, 0x6f,
    0x6e, 0x64, 0x29, 0x20, 0x29, 0x20, 0x2a, 0x20, 0x5f, 0x66, 0x61, 0x6c,
    0x73, 0x65, 0x29, 0x3b, 0x20, 0x7d, 0x0a, 0x69, 0x6e, 0x74, 0x20, 0x73,
    0x65, 0x6c, 0x65, 0x63, 0x74, 0x28, 0x62, 0x6f, 0x6f, 0x6c, 0x20, 0x5f,
    0x63, 0x6f, 0x6e, 0x64, 0x2c, 0x20, 0x69, 0x6e, 0x74, 0x20, 0x5f, 0x74,
    0x72, 0x75, 0x65, 0x2c, 0x20, 0x69, 0x6e, 0x74, 0x20, 0x5f, 0x66, 0x61,
    0x6c, 0x73, 0x65, 0x29, 0x20, 0x7b, 0x20, 0x72, 0x65, 0x74, 0x75, 0x72,
    0x6e, 0x20, 0x5f, 0x63, 0x6f, 0x6e, 0x64, 0x20, 0x3f, 0x20, 0x5f, 0x74,
    0x72, 0x75, 0x65, 0x20, 0x3a, 0x20, 0x5f, 0x66, 0x61, 0x6c, 0x73, 0x65,
    0x3b, 0x20, 0x7d, 0x0a, 0x69, 0x76, 0x65, 0x63, 0x32, 0x20, 0x73, 0x65,
    0x6c, 0x65, 0x63, 0x74, 0x28, 0x62, 0x6f, 0x6f, 0x6c, 0x20, 0x5f, 0x63,
    0x6f, 0x6e, 0x64, 0x2c, 0x20, 0x69, 0x76, 0x65, 0x63, 0x32, 0x20, 0x5f,
    0x74, 0x72, 0x75, 0x65, 0x2c, 0x20, 0x69, 0x76, 0x65, 0x63, 0x32, 0x20,
    0x5f, 0x66, 0x61, 0x6c, 0x73, 0x65, 0x29, 0x20, 0x7b, 0x20, 0x72, 0x65,
    0x74, 0x75, 0x72, 0x6e, 0x20, 0x5f, 0x63, 0x6f, 0x6e, 0x64, 0x20, 0x3f,
    0x20, 0x5f, 0x74, 0x72, 0x75, 0x65, 0x20, 0x3a, 0x20, 0x5f, 0x66, 0x61,
    0x6c, 0x73, 0x65, 0x3b, 0x20, 0x7d, 0x0a, 0x69, 0x76, 0x65, 0x63, 0x33,
    0x20, 0x73, 0x65, 0x6c, 0x65, 0x63, 0x74, 0x28, 0x62, 0x6f, 0x6f, 0x6c,
    0x20, 0x5f, 0x63, 0x6f, 0x6e, 0x64, 0x2c, 0x20, 0x69, 0x76, 0x65, 0x63,
    0x33, 0x20, 0x5f, 0x74, 0x72, 0x75, 0x65, 0x2c, 0x20, 0x69, 0x76, 0x65,
    0x63, 0x33, 0x20, 0x5f, 0x66, 0x61, 0x6c, 0x73, 0x65, 0x29, 0x20, 0x7b,
    0x20, 0x72, 0x65, 0x74, 0x75, 0x72, 0x6e, 0x20, 0x5f, 0x63, 0x6f, 0x6e,
    0x64, 0x20, 0x3f, 0x20, 0x5f, 0x74, 0x72, 0x75, 0x65, 0x20, 0x3a, 0x20,
    0x5f, 0x66, 0x61, 0x6c, 0x73, 0x65, 0x3b, 0x20, 0x7d, 0x0a, 0x69, 0x76,
    0x65, 0x63, 0x34, 0x20, 0x73, 0x65, 0x6c, 0x65, 0x63, 0x74, 0x28, 0x62,
    0x6f, 0x6f, 0x6c, 0x20, 0x5f, 0x63, 0x6f, 0x6e, 0x64, 0x2c, 0x20, 0x69,
    0x76, 0x65, 0x63, 0x34, 0x20, 0x5f, 0x74, 0x72, 0x75, 0x65, 0x2c, 0x20,
    0x69, 0x76, 0x65, 0x63, 0x34, 0x20, 0x5f, 0x66, 0x61, 0x6c, 0x73, 0x65,
    0x29, 0x20, 0x7b, 0x20, 0x72, 0x65, 0x74, 0x75, 0x72, 0x6e, 0x20, 0x5f,
    0x63, 0x6f, 0x6e, 0x64, 0x20, 0x3f, 0x20, 0x5f, 0x74, 0x72, 0x75, 0x65,
    0x20, 0x3a, 0x20, 0x5f, 0x66, 0x61, 0x6c, 0x73, 0x65, 0x3b, 0x20, 0x7d,
    0x0a, 0x69, 0x76, 0x65, 0x63, 0x32, 0x20, 0x73, 0x65, 0x6c, 0x65, 0x63,
    0x74, 0x28, 0x62, 0x76, 0x65, 0x63, 0x32, 0x20, 0x5f, 0x63, 0x6f, 0x6e,
    0x64, 0x2c, 0x20, 0x69, 0x76, 0x65, 0x63, 0x32, 0x20, 0x5f, 0x74, 0x72,
    0x75, 0x65, 0x2c, 0x20, 0x69, 0x76, 0x65, 0x63, 0x32, 0x20, 0x5f, 0x66,
    0x61, 0x6c, 0x73, 0x65, 0x29, 0x20, 0x7b, 0x20, 0x72, 0x65, 0x74, 0x75,
    0x72, 0x6e, 0x20, 0x28, 0x69, 0x76, 0x65, 0x63, 0x32, 0x28, 0x5f, 0x63,
    0x6f, 0x6e, 0x64, 0x29, 0x20, 0x2a, 0x20, 0x5f, 0x74, 0x72, 0x75, 0x65,
    0x29, 0x20, 0x2b, 0x20, 0x28, 0x69, 0x76, 0x65, 0x63, 0x32, 0x28, 0x6e,
    0x6f, 0x74, 0x28, 0x5f, 0x63, 0x6f, 0x6e, 0x64, 0x29, 0x20, 0x29, 0x20,
    0x2a, 0x20, 0x5f, 0x66, 0x61, 0x6c, 0x73, 0x65, 0x29, 0x3b, 0x20, 0x7d,
    0x0a, 0x69, 0x76, 0x65, 0x63, 0x33, 0x20, 0x73, 0x65, 0x6c, 0x65, 0x63,
    0x74, 0x28, 0x62, 0x76, 0x65, 0x63, 0x33, 0x20, 0x5f, 0x63, 0x6f, 0x6e,
    0x64, 0x2c, 0x20, 0x69, 0x76, 0x65, 0x63, 0x33, 0x20, 0x5f, 0x74, 0x72,
    0x75, 0x65, 0x2c, 0x20, 0x69, 0x76, 0x65, 0x63, 0x33, 0x20, 0x5f, 0x66,
    0x61, 0x6c, 0x73, 0x65, 0x29, 0x20, 0x7b, 0x20, 0x72, 0x65, 0x74, 0x75,
    0x72, 0x6e, 0x20, 0x28, 0x69, 0x76, 0x65, 0x63, 0x33, 0x28, 0x5f, 0x63,
    0x6f, 0x6e, 0x64, 0x29, 0x20, 0x2a, 0x20, 0x5f, 0x74, 0x72, 0x75, 0x65,
    0x29, 0x20, 0x2b, 0x20, 0x28, 0x69, 0x76, 0x65, 0x63, 0x33, 0x28, 0x6e,
    0x6f, 0x74, 0x28, 0x5f, 0x63, 0x6f, 0x6e, 0x64, 0x29, 0x20, 0x29, 0x20,
    0x2a, 0x20, 0x5f, 0x66, 0x61, 0x6c, 0x73, 0x65, 0x29, 0x3b, 0x20, 0x7d,
    0x0a, 0x69, 0x76, 0x65, 0x63, 0x34, 0x20, 0x73, 0x65, 0x6c, 0x65, 0x63,
    0x74, 0x28, 0x62, 0x76, 0x65, 0x63, 0x34, 0x20, 0x5f, 0x63, 0x6f, 0x6e,
    0x64, 0x2c, 0x20, 0x69, 0x76, 0x65, 0x63, 0x34, 0x20, 0x5f, 0x74, 0x72,
    0x75, 0x65, 0x2c, 0x20, 0x69, 0x76, 0x65, 0x63, 0x34, 0x20, 0x5f, 0x66,
    0x61, 0x6c, 0x73, 0x65, 0x29, 0x20, 0x7b, 0x20, 0x72, 0x65, 0x74, 0x75,
    0x72, 0x6e, 0x20, 0x28, 0x69, 0x76, 0x65, 0x63, 0x34, 0x28, 0x5f, 0x63,
    0x6f, 0x6e, 0x64, 0x29, 0x20, 0x2a, 0x20, 0x5f, 0x74, 0x72, 0x75, 0x65,
    0x29, 0x20, 0x2b, 0x20, 0x28, 0x69, 0x76, 0x65, 0x63, 0x34, 0x28, 0x6e,
    0x6f, 0x74, 0x28, 0x5f, 0x63, 0x6f, 0x6e, 0x64, 0x29, 0x20, 0x29, 0x20,
    0x2a, 0x20, 0x5f, 0x66, 0x61, 0x6c, 0x73, 0x65, 0x29, 0x3b, 0x20, 0x7d,
    0x0a, 0x75, 0x69, 0x6e, 0x74, 0x20, 0x73, 0x65, 0x6c, 0x65, 0x63, 0x74,
    0x28, 0x62, 0x6f, 0x6f, 0x6c, 0x20, 0x5f, 0x63, 0x6f, 0x6e, 0x64, 0x2c,
    0x20, 0x75, 0x69, 0x6e, 0x74, 0x20, 0x5f, 0x74, 0x72, 0x75, 0x65, 0x2c,
    0x20, 0x75, 0x69, 0x6e, 0x74, 0x20, 0x5f, 0x66, 0x61, 0x6c, 0x73, 0x65,
    0x29, 0x20, 0x7b, 0x20, 0x72, 0x65, 0x74, 0x75, 0x72, 0x6e, 0x20, 0x5f,
    0x63, 0x6f, 0x6e, 0x64, 0x20, 0x3f, 0x20, 0x5f, 0x74, 0x72, 0x75, 0x65,
    0x20, 0x3a, 0x20, 0x5f, 0x66, 0x61, 0x6c, 0x73, 0x65, 0x3b, 0x20, 0x7d,
    0x0a, 0x75, 0x76, 0x65, 0x63, 0x32, 0x20, 0x73, 0x65, 0x6c, 0x65, 0x63,
    0x74, 0x28, 0x62, 0x6f, 0x6f, 0x6c, 0x20, 0x5f, 0x63, 0x6f, 0x6e, 0x64,
    0x2c, 0x20, 0x75, 0x76, 0x65, 0x63, 0x32, 0x20, 0x5f, 0x74, 0x72, 0x75,
    0x65, 0x2c, 0x20, 0x75, 0x76, 0x65, 0x63, 0x32, 0x20, 0x5f, 0x66, 0x61,
    0x6c, 0x73, 0x65, 0x29, 0x20, 0x7b, 0x20, 0x72, 0x65, 0x74, 0x75, 0x72,
    0x6e, 0x20, 0x5f, 0x63, 0x6f, 0x6e, 0x64, 0x20, 0x3f, 0x20, 0x5f, 0x74,
    0x72, 0x75, 0x65, 0x20, 0x3a, 0x20, 0x5f, 0x66, 0x61, 0x6c, 0x73, 0x65,
    0x3b, 0x20, 0x7d, 0x0a, 0x75, 0x76, 0x65, 0x63, 0x33, 0x20, 0x73, 0x65,
    0x6c, 0x65, 0x63, 0x74, 0x28, 0x62, 0x6f, 0x6f, 0x6c, 0x20, 0x5f, 0x63,
    0x6f, 0x6e, 0x64, 0x2c, 0x20, 0x75, 0x76, 0x65, 0x63, 0x33, 0x20, 0x5f,
    0x74, 0x72, 0x75, 0x65, 0x2c, 0x20, 0x75, 0x76, 0x65, 0x63, 0x33, 0x20,
    0x5f, 0x66, 0x61, 0x6c, 0x73, 0x65, 0x29, 0x20, 0x7b, 0x20, 0x72, 0x65,
    0x74, 0x75, 0x72, 0x6e, 0x20, 0x5f, 0x63, 0x6f, 0x6e, 0x64, 0x20, 0x3f,
    0x20, 0x5f, 0x74, 0x72, 0x75, 0x65, 0x20, 0x3a, 0x20, 0x5f, 0x66, 0x61,
    0x6c, 0x73, 0x65, 0x3b, 0x20, 0x7d, 0x0a, 0x75, 0x76, 0x65, 0x63, 0x34,
    0x20, 0x73, 0x65, 0x6c, 0x65, 0x63, 0x74, 0x28, 0x62, 0x6f, 0x6f, 0x6c,
    0x20, 0x5f, 0x63, 0x6f, 0x6e, 0x64, 0x2c, 0x20, 0x75, 0x76, 0x65, 0x63,
    0x34, 0x20, 0x5f, 0x74, 0x72, 0x75, 0x65, 0x2c, 0x20, 0x75, 0x76, 0x65,
    0x63, 0x34, 0x20, 0x5f, 0x66, 0x61, 0x6c, 0x73, 0x65, 0x29, 0x20, 0x7b,
    0x20, 0x72, 0x65, 0x74, 0x75, 0x72, 0x6e, 0x20, 0x5f, 0x63, 0x6f, 0x6e,
    0x64, 0x20, 0x3f, 0x20, 0x5f, 0x74, 0x72, 0x75, 0x65, 0x20, 0x3a, 0x20,
    0x5f, 0x66, 0x61, 0x6c, 0x73, 0x65, 0x3b, 0x20, 0x7d, 0x0a, 0x75, 0x76,
    0x65, 0x63, 0x32, 0x20, 0x73, 0x65, 0x6c, 0x65, 0x63, 0x74, 0x28, 0x62,
    0x76, 0x65, 0x63, 0x32, 0x20, 0x5f, 0x63, 0x6f, 0x6e, 0x64, 0x2c, 0x20,
    0x75, 0x76, 0x65, 0x63, 0x32, 0x20, 0x5f, 0x74, 0x72, 0x75, 0x65, 0x2c,
    0x20, 0x75, 0x76, 0x65, 0x63, 0x32, 0x20, 0x5f, 0x66, 0x61, 0x6c, 0x73,
    0x65, 0x29, 0x20, 0x7b, 0x20, 0x72, 0x65, 0x74, 0x75, 0x72, 0x6e, 0x20,
    0x28, 0x75, 0x76, 0x65, 0x63, 0x32, 0x28, 0x5f, 0x63, 0x6f, 0x6e, 0x64,
    0x29, 0x20, 0x2a, 0x20, 0x5f, 0x74, 0x72, 0x75, 0x65, 0x29, 0x20, 0x2b,
    0x20, 0x28, 0x75, 0x76, 0x65, 0x63, 0x32, 0x28, 0x6e, 0x6f, 0x74, 0x28,
    0x5f, 0x63, 0x6f, 0x6e, 0x64, 0x29, 0x20, 0x29, 0x20, 0x2a, 0x20, 0x5f,
    0x66, 0x61, 0x6c, 0x73, 0x65, 0x29, 0x3b, 0x20, 0x7d, 0x0a, 0x75, 0x76,
    0x65, 0x63, 0x33, 0x20, 0x73, 0x65, 0x6c, 0x65, 0x63, 0x74, 0x28, 0x62,
    0x76, 0x65, 0x63, 0x33, 0x20, 0x5f, 0x63, 0x6f, 0x6e, 0x64, 0x2c, 0x20,
    0x75, 0x76, 0x65, 0x63, 0x33, 0x20, 0x5f, 0x74, 0x72, 0x75, 0x65, 0x2c,
    0x20, 0x75, 0x76, 0x65, 0x63, 0x33, 0x20, 0x5f, 0x66, 0x61, 0x6c, 0x73,
    0x65, 0x29, 0x20, 0x7b, 0x20, 0x72, 0x65, 0x74, 0x75, 0x72, 0x6e, 0x20,
    0x28, 0x75, 0x76, 0x65, 0x63, 0x33, 0x28, 0x5f, 0x63, 0x6f, 0x6e, 0x64,
    0x29, 0x20, 0x2a, 0x20, 0x5f, 0x74, 0x72, 0x75, 0x65, 0x29, 0x20, 0x2b,
    0x20, 0x28, 0x75, 0x76, 0x65, 0x63, 0x33, 0x28, 0x6e, 0x6f, 0x74, 0x28,
    0x5f, 0x63, 0x6f, 0x6e, 0x64, 0x29, 0x20, 0x29, 0x20, 0x2a, 0x20, 0x5f,
    0x66, 0x61, 0x6c, 0x73, 0x65, 0x29, 0x3b, 0x20, 0x7d, 0x0a, 0x75, 0x76,
    0x65, 0x63, 0x34, 0x20, 0x73, 0x65, 0x6c, 0x65, 0x63, 0x74, 0x28, 0x62,
    0x76, 0x65, 0x63, 0x34, 0x20, 0x5f, 0x63, 0x6f, 0x6e, 0x64, 0x2c, 0x20,
    0x75, 0x76, 0x65, 0x63, 0x34, 0x20, 0x5f, 0x74, 0x72, 0x75, 0x65, 0x2c,
    0x20, 0x75, 0x76, 0x65, 0x63, 0x34, 0x20, 0x5f, 0x66, 0x61, 0x6c, 0x73,
    0x65, 0x29, 0x20, 0x7b, 0x20, 0x72, 0x65, 0x74, 0x75, 0x72, 0x6e, 0x20,
    0x28, 0x75, 0x76, 0x65, 0x63, 0x34, 0x28, 0x5f, 0x63, 0x6f, 0x6e, 0x64,
    0x29, 0x20, 0x2a, 0x20, 0x5f, 0x74, 0x72, 0x75, 0x65, 0x29, 0x20, 0x2b,
    0x20, 0x28, 0x75, 0x76, 0x65, 0x63, 0x34, 0x28, 0x6e, 0x6f, 0x74, 0x28,
    0x5f, 0x63, 0x6f, 0x6e, 0x64, 0x29, 0x20, 0x29, 0x20, 0x2a, 0x20, 0x5f,
    0x66, 0x61, 0x6c, 0x73, 0x65, 0x29, 0x3b, 0x20, 0x7d, 0x0a, 0x75, 0x6e,
    0x69, 0x66, 0x6f, 0x72, 0x6d, 0x20, 0x76, 0x65, 0x63, 0x34, 0x20, 0x75,
    0x5f, 0x76, 0x69, 0x65, 0x77, 0x52, 0x65, 0x63, 0x74, 0x3b, 0x0a, 0x75,
    0x6e, 0x69, 0x66, 0x6f, 0x72, 0x6d, 0x20, 0x76, 0x65, 0x63, 0x34, 0x20,
    0x75, 0x5f, 0x76, 0x69, 0x65, 0x77, 0x54, 0x65, 0x78, 0x65, 0x6c, 0x3b,
    0x0a, 0x75, 0x6e, 0x69, 0x66, 0x6f, 0x72, 0x6d, 0x20, 0x6d, 0x61, 0x74,
    0x34, 0x20, 0x75, 0x5f, 0x76, 0x69, 0x65, 0x77, 0x3b, 0x0a, 0x75, 0x6e,
    0x69, 0x66, 0x6f, 0x72, 0x6d, 0x20, 0x6d, 0x61, 0x74, 0x34, 0x20, 0x75,
    0x5f, 0x69, 0x6e, 0x76, 0x56, 0x69, 0x65, 0x77, 0x3b, 0x0a, 0x75, 0x6e,
    0x69, 0x66, 0x6f, 0x72, 0x6d, 0x20, 0x6d, 0x61, 0x74, 0x34, 0x20, 0x75,
    0x5f, 0x70, 0x72, 0x6f, 0x6a, 0x3b, 0x0a, 0x75, 0x6e, 0x69, 0x66, 0x6f,
    0x72, 0x6d, 0x20, 0x6d, 0x61, 0x74, 0x34, 0x20, 0x75, 0x5f, 0x69, 0x6e,
    0x76, 0x50, 0x72, 0x6f, 0x6a, 0x3b, 0x0a, 0x75, 0x6e, 0x69, 0x66, 0x6f,
    0x72, 0x6d, 0x20, 0x6d, 0x61, 0x74, 0x34, 0x20, 0x75, 0x5f, 0x76, 0x69,
    0x65, 0x77, 0x50, 0x72, 0x6f, 0x6a, 0x3b, 0x0a, 0x75, 0x6e, 0x69, 0x66,
    0x6f, 0x72, 0x6d, 0x20, 0x6d, 0x61, 0x74, 0x34, 0x20, 0x75, 0x5f, 0x69,
    0x6e, 0x76, 0x56, 0x69, 0x65, 0x77, 0x50, 0x72, 0x6f, 0x6a, 0x3b, 0x0a,
    0x75, 0x6e, 0x69, 0x66, 0x6f, 0x72, 0x6d, 0x20, 0x6d, 0x61, 0x74, 0x34,
    0x20, 0x75, 0x5f, 0x6d, 0x6f, 0x64, 0x65, 0x6c, 0x56, 0x69, 0x65, 0x77,
    0x3b, 0x0a, 0x75, 0x6e, 0x69, 0x66, 0x6f, 0x72, 0x6d, 0x20, 0x6d, 0x61,
    0x74, 0x34, 0x20, 0x75, 0x5f, 0x69, 0x6e, 0x76, 0x4d, 0x6f, 0x64, 0x65,
    0x6c, 0x56, 0x69, 0x65, 0x77, 0x3b, 0x0a, 0x75, 0x6e, 0x69, 0x66, 0x6f,
    0x72, 0x6d, 0x20, 0x6d, 0x61, 0x74, 0x34, 0x20, 0x75, 0x5f, 0x6d, 0x6f,
    0x64, 0x65, 0x6c, 0x56, 0x69, 0x65, 0x77, 0x50, 0x72, 0x6f, 0x6a, 0x3b,
    0x0a, 0x75, 0x6e, 0x69, 0x66, 0x6f, 0x72, 0x6d, 0x20, 0x76, 0x65, 0x63,
    0x34, 0x20, 0x75, 0x5f, 0x61, 0x6c, 0x70, 0x68, 0x61, 0x52, 0x65, 0x66,
    0x34, 0x3b, 0x0a, 0x75, 0x6e, 0x69, 0x66, 0x6f, 0x72, 0x6d, 0x20, 0x6d,
    0x61, 0x74, 0x34, 0x20, 0x75, 0x5f, 0x6d, 0x6f, 0x64, 0x65, 0x6c, 0x5b,
    0x31, 0x5d, 0x3b, 0x0a, 0x75, 0x6e, 0x69, 0x66, 0x6f, 0x72, 0x6d, 0x20,
    0x73, 0x61, 0x6d, 0x70, 0x6c, 0x65, 0x72, 0x32, 0x44, 0x20, 0x73, 0x5f,
    0x74, 0x65, 0x78, 0x74, 0x75, 0x72, 0x65, 0x3b, 0x0a, 0x75, 0x6e, 0x69,
    0x66, 0x6f, 0x72, 0x6d, 0x20, 0x73, 0x61, 0x6d, 0x70, 0x6c, 0x65, 0x72,
    0x32, 0x44, 0x20, 0x73, 0x5f, 0x74, 0x65, 0x78, 0x74, 0x75, 0x72, 0x65,
    0x31, 0x3b, 0x0a, 0x75, 0x6e, 0x69, 0x66, 0x6f, 0x72, 0x6d, 0x20, 0x76,
    0x65, 0x63, 0x34, 0x20, 0x50, 0x6f, 0x73, 0x74, 0x46, 0x78, 0x50, 0x61,
    0x72, 0x61, 0x6d, 0x73, 0x5b, 0x34, 0x5d, 0x3b, 0x0a, 0x6f, 0x75, 0x74,
    0x20, 0x76, 0x65, 0x63, 0x34, 0x20, 0x62, 0x67, 0x66, 0x78, 0x5f, 0x46,
    0x72, 0x61, 0x67, 0x43, 0x6f, 0x6c, 0x6f, 0x72, 0x3b, 0x0a, 0x76, 0x6f,
    0x69, 0x64, 0x20, 0x6d, 0x61, 0x69, 0x6e, 0x28, 0x29, 0x20, 0x7b, 0x0a,
    0x76, 0x65, 0x63, 0x32, 0x20, 0x75, 0x76, 0x20, 0x3d, 0x20, 0x76, 0x5f,
    0x74, 0x65, 0x78, 0x63, 0x6f, 0x6f, 0x72, 0x64, 0x30, 0x3b, 0x0a, 0x76,
    0x65, 0x63, 0x34, 0x20, 0x73, 0x72, 0x63, 0x20, 0x3d, 0x20, 0x74, 0x65,
    0x78, 0x74, 0x75, 0x72, 0x65, 0x28, 0x73, 0x5f, 0x74, 0x65, 0x78, 0x74,
    0x75, 0x72, 0x65, 0x2c, 0x20, 0x75, 0x76, 0x29, 0x3b, 0x0a, 0x66, 0x6c,
    0x6f, 0x61, 0x74, 0x20, 0x74, 0x68, 0x72, 0x20, 0x3d, 0x20, 0x6d, 0x61,
    0x78, 0x28, 0x50, 0x6f, 0x73, 0x74, 0x46, 0x78, 0x50, 0x61, 0x72, 0x61,
    0x6d, 0x73, 0x5b, 0x30, 0x5d, 0x2e, 0x7a, 0x2c, 0x20, 0x30, 0x2e, 0x30,
    0x29, 0x3b, 0x0a, 0x66, 0x6c, 0x6f, 0x61, 0x74, 0x20, 0x6c, 0x75, 0x6d,
    0x20, 0x3d, 0x20, 0x64, 0x6f, 0x74, 0x28, 0x73, 0x72, 0x63, 0x2e, 0x72,
    0x67, 0x62, 0x2c, 0x20, 0x76, 0x65, 0x63, 0x33, 0x28, 0x30, 0x2e, 0x32,
    0x31, 0x32, 0x36, 0x2c, 0x20, 0x30, 0x2e, 0x37, 0x31, 0x35, 0x32, 0x2c,
    0x20, 0x30, 0x2e, 0x30, 0x37, 0x32, 0x32, 0x29, 0x29, 0x3b, 0x0a, 0x76,
    0x65, 0x63, 0x33, 0x20, 0x62, 0x72, 0x69, 0x67, 0x68, 0x74, 0x20, 0x3d,
    0x20, 0x6d, 0x61, 0x78, 0x28, 0x6c, 0x75, 0x6d, 0x20, 0x2d, 0x20, 0x74,
    0x68, 0x72, 0x2c, 0x20, 0x30, 0x2e, 0x30, 0x29, 0x20, 0x2a, 0x20, 0x73,
    0x72, 0x63, 0x2e, 0x72, 0x67, 0x62, 0x3b, 0x0a, 0x76, 0x65, 0x63, 0x33,
    0x20, 0x62, 0x6c, 0x6f, 0x6f, 0x6d, 0x20, 0x3d, 0x20, 0x74, 0x65, 0x78,
    0x74, 0x75, 0x72, 0x65, 0x28, 0x73, 0x5f, 0x74, 0x65, 0x78, 0x74, 0x75,
    0x72, 0x65, 0x31, 0x2c, 0x20, 0x75, 0x76, 0x29, 0x2e, 0x72, 0x67, 0x62,
    0x3b, 0x0a, 0x76, 0x65, 0x63, 0x33, 0x20, 0x61, 0x64, 0x64, 0x20, 0x3d,
    0x20, 0x28, 0x62, 0x6c, 0x6f, 0x6f, 0x6d, 0x20, 0x2b, 0x20, 0x62, 0x72,
    0x69, 0x67, 0x68, 0x74, 0x29, 0x20, 0x2a, 0x20, 0x6d, 0x61, 0x78, 0x28,
    0x50, 0x6f, 0x73, 0x74, 0x46, 0x78, 0x50, 0x61, 0x72, 0x61, 0x6d, 0x73,
    0x5b, 0x30, 0x5d, 0x2e, 0x78, 0x2c, 0x20, 0x30, 0x2e, 0x30, 0x29, 0x3b,
    0x0a, 0x61, 0x64, 0x64, 0x20, 0x2a, 0x3d, 0x20, 0x6d, 0x61, 0x78, 0x28,
    0x50, 0x6f, 0x73, 0x74, 0x46, 0x78, 0x50, 0x61, 0x72, 0x61, 0x6d, 0x73,
    0x5b, 0x31, 0x5d, 0x2e, 0x72, 0x67, 0x62, 0x2c, 0x20, 0x76, 0x65, 0x63,
    0x33, 0x28, 0x30, 0x2e, 0x30, 0x29, 0x29, 0x3b, 0x0a, 0x62, 0x67, 0x66,
    0x78, 0x5f, 0x46, 0x72, 0x61, 0x67, 0x43, 0x6f, 0x6c, 0x6f, 0x72, 0x20,
    0x3d, 0x20, 0x76, 0x65, 0x63, 0x34, 0x28, 0x63, 0x6c, 0x61, 0x6d, 0x70,
    0x28, 0x73, 0x72, 0x63, 0x2e, 0x72, 0x67, 0x62, 0x20, 0x2b, 0x20, 0x61,
    0x64, 0x64, 0x2c, 0x20, 0x30, 0x2e, 0x30, 0x2c, 0x20, 0x31, 0x2e, 0x30,
    0x29, 0x2c, 0x20, 0x73, 0x72, 0x63, 0x2e, 0x61, 0x29, 0x3b, 0x0a, 0x7d,
    0x0a, 0x00,
};
const size_t kEmbeddedGL_fs_postfx_bloom_size = sizeof(kEmbeddedGL_fs_postfx_bloom);

const uint8_t kEmbeddedGL_fs_postfx_lut3d[] = {
    0x46, 0x53, 0x48, 0x0b, 0x6f, 0x1e, 0x3e, 0x3c, 0x00, 0x00, 0x00, 0x00,
    0x00, 0x00, 0x35, 0x16, 0x00, 0x00, 0x23, 0x76, 0x65, 0x72, 0x73, 0x69,
    0x6f, 0x6e, 0x20, 0x34, 0x33, 0x30, 0x0a, 0x23, 0x64, 0x65, 0x66, 0x69,
    0x6e, 0x65, 0x20, 0x74, 0x65, 0x78, 0x74, 0x75, 0x72, 0x65, 0x32, 0x44,
    0x20, 0x20, 0x20, 0x20, 0x20, 0x20, 0x20, 0x20, 0x20, 0x20, 0x74, 0x65,
    0x78, 0x74, 0x75, 0x72, 0x65, 0x0a, 0x23, 0x64, 0x65, 0x66, 0x69, 0x6e,
    0x65, 0x20, 0x74, 0x65, 0x78, 0x74, 0x75, 0x72, 0x65, 0x32, 0x44, 0x4c,
    0x6f, 0x64, 0x20, 0x20, 0x20, 0x20, 0x20, 0x20, 0x20, 0x74, 0x65, 0x78,
    0x74, 0x75, 0x72, 0x65, 0x4c, 0x6f, 0x64, 0x0a, 0x23, 0x64, 0x65, 0x66,
    0x69, 0x6e, 0x65, 0x20, 0x74, 0x65, 0x78, 0x74, 0x75, 0x72, 0x65, 0x32,
    0x44, 0x47, 0x72, 0x61, 0x64, 0x20, 0x20, 0x20, 0x20, 0x20, 0x20, 0x74,
    0x65, 0x78, 0x74, 0x75, 0x72, 0x65, 0x47, 0x72, 0x61, 0x64, 0x0a, 0x23,
    0x64, 0x65, 0x66, 0x69, 0x6e, 0x65, 0x20, 0x74, 0x65, 0x78, 0x74, 0x75,
    0x72, 0x65, 0x32, 0x44, 0x50, 0x72, 0x6f, 0x6a, 0x4c, 0x6f, 0x64, 0x20,
    0x20, 0x20, 0x74, 0x65, 0x78, 0x74, 0x75, 0x72, 0x65, 0x50, 0x72, 0x6f,
    0x6a, 0x4c, 0x6f, 0x64, 0x0a, 0x23, 0x64, 0x65, 0x66, 0x69, 0x6e, 0x65,
    0x20, 0x74, 0x65, 0x78, 0x74, 0x75, 0x72, 0x65, 0x32, 0x44, 0x50, 0x72,
    0x6f, 0x6a, 0x47, 0x72, 0x61, 0x64, 0x20, 0x20, 0x74, 0x65, 0x78, 0x74,
    0x75, 0x72, 0x65, 0x50, 0x72, 0x6f, 0x6a, 0x47, 0x72, 0x61, 0x64, 0x0a,
    0x23, 0x64, 0x65, 0x66, 0x69, 0x6e, 0x65, 0x20, 0x74, 0x65, 0x78, 0x74,
    0x75, 0x72, 0x65, 0x43, 0x75, 0x62, 0x65, 0x4c, 0x6f, 0x64, 0x20, 0x20,
    0x20, 0x20, 0x20, 0x74, 0x65, 0x78, 0x74, 0x75, 0x72, 0x65, 0x4c, 0x6f,
    0x64, 0x0a, 0x23, 0x64, 0x65, 0x66, 0x69, 0x6e, 0x65, 0x20, 0x74, 0x65,
    0x78, 0x74, 0x75, 0x72, 0x65, 0x43, 0x75, 0x62, 0x65, 0x47, 0x72, 0x61,
    0x64, 0x20, 0x20, 0x20, 0x20, 0x74, 0x65, 0x78, 0x74, 0x75, 0x72, 0x65,
    0x47, 0x72, 0x61, 0x64, 0x0a, 0x23, 0x64, 0x65, 0x66, 0x69, 0x6e, 0x65,
    0x20, 0x74, 0x65, 0x78, 0x74, 0x75, 0x72, 0x65, 0x33, 0x44, 0x20, 0x20,
    0x20, 0x20, 0x20, 0x20, 0x20, 0x20, 0x20, 0x20, 0x74, 0x65, 0x78, 0x74,
    0x75, 0x72, 0x65, 0x0a, 0x23, 0x64, 0x65, 0x66, 0x69, 0x6e, 0x65, 0x20,
    0x74, 0x65, 0x78, 0x74, 0x75, 0x72, 0x65, 0x32, 0x44, 0x4c, 0x6f, 0x64,
    0x4f, 0x66, 0x66, 0x73, 0x65, 0x74, 0x20, 0x74, 0x65, 0x78, 0x74, 0x75,
    0x72, 0x65, 0x4c, 0x6f, 0x64, 0x4f, 0x66, 0x66, 0x73, 0x65, 0x74, 0x0a,
    0x23, 0x64, 0x65, 0x66, 0x69, 0x6e, 0x65, 0x20, 0x61, 0x74, 0x74, 0x72,
    0x69, 0x62, 0x75, 0x74, 0x65, 0x20, 0x69, 0x6e, 0x0a, 0x23, 0x64, 0x65,
    0x66, 0x69, 0x6e, 0x65, 0x20, 0x76, 0x61, 0x72, 0x79, 0x69, 0x6e, 0x67,
    0x20, 0x69, 0x6e, 0x0a, 0x23, 0x64, 0x65, 0x66, 0x69, 0x6e, 0x65, 0x20,
    0x62, 0x67, 0x66, 0x78, 0x53, 0x68, 0x61, 0x64, 0x6f, 0x77, 0x32, 0x44,
    0x28, 0x5f, 0x73, 0x61, 0x6d, 0x70, 0x6c, 0x65, 0x72, 0x2c, 0x20, 0x5f,
    0x63, 0x6f, 0x6f, 0x72, 0x64, 0x29, 0x20, 0x20, 0x20, 0x20, 0x20, 0x76,
    0x65, 0x63, 0x34, 0x5f, 0x73, 0x70, 0x6c, 0x61, 0x74, 0x28, 0x74, 0x65,
    0x78, 0x74, 0x75, 0x72, 0x65, 0x28, 0x5f, 0x73, 0x61, 0x6d, 0x70, 0x6c,
    0x65, 0x72, 0x2c, 0x20, 0x5f, 0x63, 0x6f, 0x6f, 0x72, 0x64, 0x29, 0x20,
    0x29, 0x0a, 0x23, 0x64, 0x65, 0x66, 0x69, 0x6e, 0x65, 0x20, 0x62, 0x67,
    0x66, 0x78, 0x53, 0x68, 0x61, 0x64, 0x6f, 0x77, 0x32, 0x44, 0x50, 0x72,
    0x6f, 0x6a, 0x28, 0x5f, 0x73, 0x61, 0x6d, 0x70, 0x6c, 0x65, 0x72, 0x2c,
    0x20, 0x5f, 0x63, 0x6f, 0x6f, 0x72, 0x64, 0x29, 0x20, 0x76, 0x65, 0x63,
    0x34, 0x5f, 0x73, 0x70, 0x6c, 0x61, 0x74, 0x28, 0x74, 0x65, 0x78, 0x74,
    0x75, 0x72, 0x65, 0x50, 0x72, 0x6f, 0x6a, 0x28, 0x5f, 0x73, 0x61, 0x6d,
    0x70, 0x6c, 0x65, 0x72, 0x2c, 0x20, 0x5f, 0x63, 0x6f, 0x6f, 0x72, 0x64,
    0x29, 0x20, 0x29, 0x0a, 0x76, 0x61, 0x72, 0x79, 0x69, 0x6e, 0x67, 0x20,
    0x76, 0x65, 0x63, 0x32, 0x20, 0x76, 0x5f, 0x74, 0x65, 0x78, 0x63, 0x6f,
    0x6f, 0x72, 0x64, 0x30, 0x3b, 0x0a, 0x66, 0x6c, 0x6f, 0x61, 0x74, 0x20,
    0x72, 0x63, 0x70, 0x28, 0x66, 0x6c, 0x6f, 0x61, 0x74, 0x20, 0x5f, 0x61,
    0x29, 0x20, 0x7b, 0x20, 0x72, 0x65, 0x74, 0x75, 0x72, 0x6e, 0x20, 0x31,
    0x2e, 0x30, 0x2f, 0x5f, 0x61, 0x3b, 0x20, 0x7d, 0x0a, 0x76, 0x65, 0x63,
    0x32, 0x20, 0x72, 0x63, 0x70, 0x28, 0x76, 0x65, 0x63, 0x32, 0x20, 0x5f,
    0x61, 0x29, 0x20, 0x7b, 0x20, 0x72, 0x65, 0x74, 0x75, 0x72, 0x6e, 0x20,
    0x76, 0x65, 0x63, 0x32, 0x28, 0x31, 0x2e, 0x30, 0x29, 0x2f, 0x5f, 0x61,
    0x3b, 0x20, 0x7d, 0x0a, 0x76, 0x65, 0x63, 0x33, 0x20, 0x72, 0x63, 0x70,
    0x28, 0x76, 0x65, 0x63, 0x33, 0x20, 0x5f, 0x61, 0x29, 0x20, 0x7b, 0x20,
    0x72, 0x65, 0x74, 0x75, 0x72, 0x6e, 0x20, 0x76, 0x65, 0x63, 0x33, 0x28,
    0x31, 0x2e, 0x30, 0x29, 0x2f, 0x5f, 0x61, 0x3b, 0x20, 0x7d, 0x0a, 0x76,
    0x65, 0x63, 0x34, 0x20, 0x72, 0x63, 0x70, 0x28, 0x76, 0x65, 0x63, 0x34,
    0x20, 0x5f, 0x61, 0x29, 0x20, 0x7b, 0x20, 0x72, 0x65, 0x74, 0x75, 0x72,
    0x6e, 0x20, 0x76, 0x65, 0x63, 0x34, 0x28, 0x31, 0x2e, 0x30, 0x29, 0x2f,
    0x5f, 0x61, 0x3b, 0x20, 0x7d, 0x0a, 0x76, 0x65, 0x63, 0x32, 0x20, 0x76,
    0x65, 0x63, 0x32, 0x5f, 0x73, 0x70, 0x6c, 0x61, 0x74, 0x28, 0x66, 0x6c,
    0x6f, 0x61, 0x74, 0x20, 0x5f, 0x78, 0x29, 0x20, 0x7b, 0x20, 0x72, 0x65,
    0x74, 0x75, 0x72, 0x6e, 0x20, 0x76, 0x65, 0x63, 0x32, 0x28, 0x5f, 0x78,
    0x2c, 0x20, 0x5f, 0x78, 0x29, 0x3b, 0x20, 0x7d, 0x0a, 0x76, 0x65, 0x63,
    0x33, 0x20, 0x76, 0x65, 0x63, 0x33, 0x5f, 0x73, 0x70, 0x6c, 0x61, 0x74,
    0x28, 0x66, 0x6c, 0x6f, 0x61, 0x74, 0x20, 0x5f, 0x78, 0x29, 0x20, 0x7b,
    0x20, 0x72, 0x65, 0x74, 0x75, 0x72, 0x6e, 0x20, 0x76, 0x65, 0x63, 0x33,
    0x28, 0x5f, 0x78, 0x2c, 0x20, 0x5f, 0x78, 0x2c, 0x20, 0x5f, 0x78, 0x29,
    0x3b, 0x20, 0x7d, 0x0a, 0x76, 0x65, 0x63, 0x34, 0x20, 0x76, 0x65, 0x63,
    0x34, 0x5f, 0x73, 0x70, 0x6c, 0x61, 0x74, 0x28, 0x66, 0x6c, 0x6f, 0x61,
    0x74, 0x20, 0x5f, 0x78, 0x29, 0x20, 0x7b, 0x20, 0x72, 0x65, 0x74, 0x75,
    0x72, 0x6e, 0x20, 0x76, 0x65, 0x63, 0x34, 0x28, 0x5f, 0x78, 0x2c, 0x20,
    0x5f, 0x78, 0x2c, 0x20, 0x5f, 0x78, 0x2c, 0x20, 0x5f, 0x78, 0x29, 0x3b,
    0x20, 0x7d, 0x0a, 0x75, 0x76, 0x65, 0x63, 0x32, 0x20, 0x75, 0x76, 0x65,
    0x63, 0x32, 0x5f, 0x73, 0x70, 0x6c, 0x61, 0x74, 0x28, 0x75, 0x69, 0x6e,
    0x74, 0x20, 0x5f, 0x78, 0x29, 0x20, 0x7b, 0x20, 0x72, 0x65, 0x74, 0x75,
    0x72, 0x6e, 0x20, 0x75, 0x76, 0x65, 0x63, 0x32, 0x28, 0x5f, 0x78, 0x2c,
    0x20, 0x5f, 0x78, 0x29, 0x3b, 0x20, 0x7d, 0x0a, 0x75, 0x76, 0x65, 0x63,
    0x33, 0x20, 0x75, 0x76, 0x65, 0x63, 0x33, 0x5f, 0x73, 0x70, 0x6c, 0x61,
    0x74, 0x28, 0x75, 0x69, 0x6e, 0x74, 0x20, 0x5f, 0x78, 0x29, 0x20, 0x7b,
    0x20, 0x72, 0x65, 0x74, 0x75, 0x72, 0x6e, 0x20, 0x75, 0x76, 0x65, 0x63,
    0x33, 0x28, 0x5f, 0x78, 0x2c, 0x20, 0x5f, 0x78, 0x2c, 0x20, 0x5f, 0x78,
    0x29, 0x3b, 0x20, 0x7d, 0x0a, 0x75, 0x76, 0x65, 0x63, 0x34, 0x20, 0x75,
    0x76, 0x65, 0x63, 0x34, 0x5f, 0x73, 0x70, 0x6c, 0x61, 0x74, 0x28, 0x75,
    0x69, 0x6e, 0x74, 0x20, 0x5f, 0x78, 0x29, 0x20, 0x7b, 0x20, 0x72, 0x65,
    0x74, 0x75, 0x72, 0x6e, 0x20, 0x75, 0x76, 0x65, 0x63, 0x34, 0x28, 0x5f,
    0x78, 0x2c, 0x20, 0x5f, 0x78, 0x2c, 0x20, 0x5f, 0x78, 0x2c, 0x20, 0x5f,
    0x78, 0x29, 0x3b, 0x20, 0x7d, 0x0a, 0x6d, 0x61, 0x74, 0x34, 0x20, 0x6d,
    0x74, 0x78, 0x46, 0x72, 0x6f, 0x6d, 0x52, 0x6f, 0x77, 0x73, 0x28, 0x76,
    0x65, 0x63, 0x34, 0x20, 0x5f, 0x30, 0x2c, 0x20, 0x76, 0x65, 0x63, 0x34,
    0x20, 0x5f, 0x31, 0x2c, 0x20, 0x76, 0x65, 0x63, 0x34, 0x20, 0x5f, 0x32,
    0x2c, 0x20, 0x76, 0x65, 0x63, 0x34, 0x20, 0x5f, 0x33, 0x29, 0x0a, 0x7b,
    0x0a, 0x72, 0x65, 0x74, 0x75, 0x72, 0x6e, 0x20, 0x74, 0x72, 0x61, 0x6e,
    0x73, 0x70, 0x6f, 0x73, 0x65, 0x28, 0x6d, 0x61, 0x74, 0x34, 0x28, 0x5f,
    0x30, 0x2c, 0x20, 0x5f, 0x31, 0x2c, 0x20, 0x5f, 0x32, 0x2c, 0x20, 0x5f,
    0x33, 0x29, 0x20, 0x29, 0x3b, 0x0a, 0x7d, 0x0a, 0x6d, 0x61, 0x74, 0x34,
    0x20, 0x6d, 0x74, 0x78, 0x46, 0x72, 0x6f, 0x6d, 0x43, 0x6f, 0x6c, 0x73,
    0x28, 0x76, 0x65, 0x63, 0x34, 0x20, 0x5f, 0x30, 0x2c, 0x20, 0x76, 0x65,
    0x63, 0x34, 0x20, 0x5f, 0x31, 0x2c, 0x20, 0x76, 0x65, 0x63, 0x34, 0x20,
    0x5f, 0x32, 0x2c, 0x20, 0x76, 0x65, 0x63, 0x34, 0x20, 0x5f, 0x33, 0x29,
    0x0a, 0x7b, 0x0a, 0x72, 0x65, 0x74, 0x75, 0x72, 0x6e, 0x20, 0x6d, 0x61,
    0x74, 0x34, 0x28, 0x5f, 0x30, 0x2c, 0x20, 0x5f, 0x31, 0x2c, 0x20, 0x5f,
    0x32, 0x2c, 0x20, 0x5f, 0x33, 0x29, 0x3b, 0x0a, 0x7d, 0x0a, 0x6d, 0x61,
    0x74, 0x33, 0x20, 0x6d, 0x74, 0x78, 0x46, 0x72, 0x6f, 0x6d, 0x52, 0x6f,
    0x77, 0x73, 0x28, 0x76, 0x65, 0x63, 0x33, 0x20, 0x5f, 0x30, 0x2c, 0x20,
    0x76, 0x65, 0x63, 0x33, 0x20, 0x5f, 0x31, 0x2c, 0x20, 0x76, 0x65, 0x63,
    0x33, 0x20, 0x5f, 0x32, 0x29, 0x0a, 0x7b, 0x0a, 0x72, 0x65, 0x74, 0x75,
    0x72, 0x6e, 0x20, 0x74, 0x72, 0x61, 0x6e, 0x73, 0x70, 0x6f, 0x73, 0x65,
    0x28, 0x6d, 0x61, 0x74, 0x33, 0x28, 0x5f, 0x30, 0x2c, 0x20, 0x5f, 0x31,
    0x2c, 0x20, 0x5f, 0x32, 0x29, 0x20, 0x29, 0x3b, 0x0a, 0x7d, 0x0a, 0x6d,
    0x61, 0x74, 0x33, 0x20, 0x6d, 0x74, 0x78, 0x46, 0x72, 0x6f, 0x6d, 0x43,
    0x6f, 0x6c, 0x73, 0x28, 0x76, 0x65, 0x63, 0x33, 0x20, 0x5f, 0x30, 0x2c,
    0x20, 0x76, 0x65, 0x63, 0x33, 0x20, 0x5f, 0x31, 0x2c, 0x20, 0x76, 0x65,
    0x63, 0x33, 0x20, 0x5f, 0x32, 0x29, 0x0a, 0x7b, 0x0a, 0x72, 0x65, 0x74,
    0x75, 0x72, 0x6e, 0x20, 0x6d, 0x61, 0x74, 0x33, 0x28, 0x5f, 0x30, 0x2c,
    0x20, 0x5f, 0x31, 0x2c, 0x20, 0x5f, 0x32, 0x29, 0x3b, 0x0a, 0x7d, 0x0a,
    0x6d, 0x61, 0x74, 0x34, 0x78, 0x33, 0x20, 0x6d, 0x74, 0x78, 0x46, 0x72,
    0x6f, 0x6d, 0x52, 0x6f, 0x77, 0x73, 0x28, 0x76, 0x65, 0x63, 0x34, 0x20,
    0x5f, 0x30, 0x2c, 0x20, 0x76, 0x65, 0x63, 0x34, 0x20, 0x5f, 0x31, 0x2c,
    0x20, 0x76, 0x65, 0x63, 0x34, 0x20, 0x5f, 0x32, 0x29, 0x0a, 0x7b, 0x0a,
    0x72, 0x65, 0x74, 0x75, 0x72, 0x6e, 0x20, 0x74, 0x72, 0x61, 0x6e, 0x73,
    0x70, 0x6f, 0x73, 0x65, 0x28, 0x6d, 0x61, 0x74, 0x33, 0x78, 0x34, 0x28,
    0x5f, 0x30, 0x2c, 0x20, 0x5f, 0x31, 0x2c, 0x20, 0x5f, 0x32, 0x29, 0x20,
    0x29, 0x3b, 0x0a, 0x7d, 0x0a, 0x76, 0x65, 0x63, 0x33, 0x20, 0x6d, 0x74,
    0x78, 0x47, 0x65, 0x74, 0x52, 0x6f, 0x77, 0x28, 0x6d, 0x61, 0x74, 0x33,
    0x20, 0x5f, 0x6d, 0x74, 0x78, 0x2c, 0x20, 0x69, 0x6e, 0x74, 0x20, 0x5f,
    0x72, 0x6f, 0x77, 0x29, 0x0a, 0x7b, 0x0a, 0x72, 0x65, 0x74, 0x75, 0x72,
    0x6e, 0x20, 0x76, 0x65, 0x63, 0x33, 0x28, 0x5f, 0x6d, 0x74, 0x78, 0x5b,
    0x30, 0x5d, 0x5b, 0x5f, 0x72, 0x6f, 0x77, 0x5d, 0x2c, 0x20, 0x5f, 0x6d,
    0x74, 0x78, 0x5b, 0x31, 0x5d, 0x5b, 0x5f, 0x72, 0x6f, 0x77, 0x5d, 0x2c,
    0x20, 0x5f, 0x6d, 0x74, 0x78, 0x5b, 0x32, 0x5d, 0x5b, 0x5f, 0x72, 0x6f,
    0x77, 0x5d, 0x29, 0x3b, 0x0a, 0x7d, 0x0a, 0x76, 0x65, 0x63, 0x33, 0x20,
    0x6d, 0x74, 0x78, 0x47, 0x65, 0x74, 0x43, 0x6f, 0x6c, 0x75, 0x6d, 0x6e,
    0x28, 0x6d, 0x61, 0x74, 0x33, 0x20, 0x5f, 0x6d, 0x74, 0x78, 0x2c, 0x20,
    0x69, 0x6e, 0x74, 0x20, 0x5f, 0x63, 0x6f, 0x6c, 0x75, 0x6d, 0x6e, 0x29,
    0x0a, 0x7b, 0x0a, 0x72, 0x65, 0x74, 0x75, 0x72, 0x6e, 0x20, 0x76, 0x65,
    0x63, 0x33, 0x28, 0x5f, 0x6d, 0x74, 0x78, 0x5b, 0x5f, 0x63, 0x6f, 0x6c,
    0x75, 0x6d, 0x6e, 0x5d, 0x29, 0x3b, 0x0a, 0x7d, 0x0a, 0x76, 0x65, 0x63,
    0x34, 0x20, 0x6d, 0x74, 0x78, 0x47, 0x65, 0x74, 0x52, 0x6f, 0x77, 0x28,
    0x6d, 0x61, 0x74, 0x34, 0x78, 0x33, 0x20, 0x5f, 0x6d, 0x74, 0x78, 0x2c,
    0x20, 0x69, 0x6e, 0x74, 0x20, 0x5f, 0x72, 0x6f, 0x77, 0x29, 0x0a, 0x7b,
    0x0a, 0x72, 0x65, 0x74, 0x75, 0x72, 0x6e, 0x20, 0x76, 0x65, 0x63, 0x34,
    0x28, 0x5f, 0x6d, 0x74, 0x78, 0x5b, 0x30, 0x5d, 0x5b, 0x5f, 0x72, 0x6f,
    0x77, 0x5d, 0x2c, 0x20, 0x5f, 0x6d, 0x74, 0x78, 0x5b, 0x31, 0x5d, 0x5b,
    0x5f, 0x72, 0x6f, 0x77, 0x5d, 0x2c, 0x20, 0x5f, 0x6d, 0x74, 0x78, 0x5b,
    0x32, 0x5d, 0x5b, 0x5f, 0x72, 0x6f, 0x77, 0x5d, 0x2c, 0x20, 0x5f, 0x6d,
    0x74, 0x78, 0x5b, 0x33, 0x5d, 0x5b, 0x5f, 0x72, 0x6f, 0x77, 0x5d, 0x29,
    0x3b, 0x0a, 0x7d, 0x0a, 0x76, 0x65, 0x63, 0x33, 0x20, 0x6d, 0x74, 0x78,
    0x47, 0x65, 0x74, 0x43, 0x6f, 0x6c, 0x75, 0x6d, 0x6e, 0x28, 0x6d, 0x61,
    0x74, 0x34, 0x78, 0x33, 0x20, 0x5f, 0x6d, 0x74, 0x78, 0x2c, 0x20, 0x69,
    0x6e, 0x74, 0x20, 0x5f, 0x63, 0x6f, 0x6c, 0x75, 0x6d, 0x6e, 0x29, 0x0a,
    0x7b, 0x0a, 0x72, 0x65, 0x74, 0x75, 0x72, 0x6e, 0x20, 0x76, 0x65, 0x63,
    0x33, 0x28, 0x5f, 0x6d, 0x74, 0x78, 0x5b, 0x5f, 0x63, 0x6f, 0x6c, 0x75,
    0x6d, 0x6e, 0x5d, 0x29, 0x3b, 0x0a, 0x7d, 0x0a, 0x76, 0x65, 0x63, 0x34,
    0x20, 0x6d, 0x74, 0x78, 0x47, 0x65, 0x74, 0x52, 0x6f, 0x77, 0x28, 0x6d,
    0x61, 0x74, 0x34, 0x20, 0x5f, 0x6d, 0x74, 0x78, 0x2c, 0x20, 0x69, 0x6e,
    0x74, 0x20, 0x5f, 0x72, 0x6f, 0x77, 0x29, 0x0a, 0x7b, 0x0a, 0x72, 0x65,
    0x74, 0x75, 0x72, 0x6e, 0x20, 0x76, 0x65, 0x63, 0x34, 0x28, 0x5f, 0x6d,
    0x74, 0x78, 0x5b, 0x30, 0x5d, 0x5b, 0x5f, 0x72, 0x6f, 0x77, 0x5d, 0x2c,
    0x20, 0x5f, 0x6d, 0x74, 0x78, 0x5b, 0x31, 0x5d, 0x5b, 0x5f, 0x72, 0x6f,
    0x77, 0x5d, 0x2c, 0x20, 0x5f, 0x6d, 0x74, 0x78, 0x5b, 0x32, 0x5d, 0x5b,
    0x5f, 0x72, 0x6f, 0x77, 0x5d, 0x2c, 0x20, 0x5f, 0x6d, 0x74, 0x78, 0x5b,
    0x33, 0x5d, 0x5b, 0x5f, 0x72, 0x6f, 0x77, 0x5d, 0x29, 0x3b, 0x0a, 0x7d,
    0x0a, 0x76, 0x65, 0x63, 0x34, 0x20, 0x6d, 0x74, 0x78, 0x47, 0x65, 0x74,
    0x43, 0x6f, 0x6c, 0x75, 0x6d, 0x6e, 0x28, 0x6d, 0x61, 0x74, 0x34, 0x20,
    0x5f, 0x6d, 0x74, 0x78, 0x2c, 0x20, 0x69, 0x6e, 0x74, 0x20, 0x5f, 0x63,
    0x6f, 0x6c, 0x75, 0x6d, 0x6e, 0x29, 0x0a, 0x7b, 0x0a, 0x72, 0x65, 0x74,
    0x75, 0x72, 0x6e, 0x20, 0x76, 0x65, 0x63, 0x34, 0x28, 0x5f, 0x6d, 0x74,
    0x78, 0x5b, 0x5f, 0x63, 0x6f, 0x6c, 0x75, 0x6d, 0x6e, 0x5d, 0x29, 0x3b,
    0x0a, 0x7d, 0x0a, 0x66, 0x6c, 0x6f, 0x61, 0x74, 0x20, 0x6d, 0x74, 0x78,
    0x47, 0x65, 0x74, 0x45, 0x6c, 0x65, 0x6d, 0x65, 0x6e, 0x74, 0x28, 0x6d,
    0x61, 0x74, 0x33, 0x20, 0x5f, 0x6d, 0x74, 0x78, 0x2c, 0x20, 0x69, 0x6e,
    0x74, 0x20, 0x5f, 0x63, 0x6f, 0x6c, 0x75, 0x6d, 0x6e, 0x2c, 0x20, 0x69,
    0x6e, 0x74, 0x20, 0x5f, 0x72, 0x6f, 0x77, 0x29, 0x0a, 0x7b, 0x0a, 0x72,
    0x65, 0x74, 0x75, 0x72, 0x6e, 0x20, 0x5f, 0x6d, 0x74, 0x78, 0x5b, 0x5f,
    0x63, 0x6f, 0x6c, 0x75, 0x6d, 0x6e, 0x5d, 0x5b, 0x5f, 0x72, 0x6f, 0x77,
    0x5d, 0x3b, 0x0a, 0x7d, 0x0a, 0x66, 0x6c, 0x6f, 0x61, 0x74, 0x20, 0x6d,
    0x74, 0x78, 0x47, 0x65, 0x74, 0x45, 0x6c, 0x65, 0x6d, 0x65, 0x6e, 0x74,
    0x28, 0x6d, 0x61, 0x74, 0x34, 0x20, 0x5f, 0x6d, 0x74, 0x78, 0x2c, 0x20,
    0x69, 0x6e, 0x74, 0x20, 0x5f, 0x63, 0x6f, 0x6c, 0x75, 0x6d, 0x6e, 0x2c,
    0x20, 0x69, 0x6e, 0x74, 0x20, 0x5f, 0x72, 0x6f, 0x77, 0x29, 0x0a, 0x7b,
    0x0a, 0x72, 0x65, 0x74, 0x75, 0x72, 0x6e, 0x20, 0x5f, 0x6d, 0x74, 0x78,
    0x5b, 0x5f, 0x63, 0x6f, 0x6c, 0x75, 0x6d, 0x6e, 0x5d, 0x5b, 0x5f, 0x72,
    0x6f, 0x77, 0x5d, 0x3b, 0x0a, 0x7d, 0x0a, 0x66, 0x6c, 0x6f, 0x61, 0x74,
    0x20, 0x73, 0x65, 0x6c, 0x65, 0x63, 0x74, 0x28, 0x62, 0x6f, 0x6f, 0x6c,
    0x20, 0x5f, 0x63, 0x6f, 0x6e, 0x64, 0x2c, 0x20, 0x66, 0x6c, 0x6f, 0x61,
    0x74, 0x20, 0x5f, 0x74, 0x72, 0x75, 0x65, 0x2c, 0x20, 0x66, 0x6c, 0x6f,
    0x61, 0x74, 0x20, 0x5f, 0x66, 0x61, 0x6c, 0x73, 0x65, 0x29, 0x20, 0x7b,
    0x20, 0x72, 0x65, 0x74, 0x75, 0x72, 0x6e, 0x20, 0x5f, 0x63, 0x6f, 0x6e,
    0x64, 0x20, 0x3f, 0x20, 0x5f, 0x74, 0x72, 0x75, 0x65, 0x20, 0x3a, 0x20,
    0x5f, 0x66, 0x61, 0x6c, 0x73, 0x65, 0x3b, 0x20, 0x7d, 0x0a, 0x76, 0x65,
    0x63, 0x32, 0x20, 0x73, 0x65, 0x6c, 0x65, 0x63, 0x74, 0x28, 0x62, 0x6f,
    0x6f, 0x6c, 0x20, 0x5f, 0x63, 0x6f, 0x6e, 0x64, 0x2c, 0x20, 0x76, 0x65,
    0x63, 0x32, 0x20, 0x5f, 0x74, 0x72, 0x75, 0x65, 0x2c, 0x20, 0x76, 0x65,
    0x63, 0x32, 0x20, 0x5f, 0x66, 0x61, 0x6c, 0x73, 0x65, 0x29, 0x20, 0x7b,
    0x20, 0x72, 0x65, 0x74, 0x75, 0x72, 0x6e, 0x20, 0x5f, 0x63, 0x6f, 0x6e,
    0x64, 0x20, 0x3f, 0x20, 0x5f, 0x74, 0x72, 0x75, 0x65, 0x20, 0x3a, 0x20,
    0x5f, 0x66, 0x61, 0x6c, 0x73, 0x65, 0x3b, 0x20, 0x7d, 0x0a, 0x76, 0x65,
    0x63, 0x33, 0x20, 0x73, 0x65, 0x6c, 0x65, 0x63, 0x74, 0x28, 0x62, 0x6f,
    0x6f, 0x6c, 0x20, 0x5f, 0x63, 0x6f, 0x6e, 0x64, 0x2c, 0x20, 0x76, 0x65,
    0x63, 0x33, 0x20, 0x5f, 0x74, 0x72, 0x75, 0x65, 0x2c, 0x20, 0x76, 0x65,
    0x63, 0x33, 0x20, 0x5f, 0x66, 0x61, 0x6c, 0x73, 0x65, 0x29, 0x20, 0x7b,
    0x20, 0x72, 0x65, 0x74, 0x75, 0x72, 0x6e, 0x20, 0x5f, 0x63, 0x6f, 0x6e,
    0x64, 0x20, 0x3f, 0x20, 0x5f, 0x74, 0x72, 0x75, 0x65, 0x20, 0x3a, 0x20,
    0x5f, 0x66, 0x61, 0x6c, 0x73, 0x65, 0x3b, 0x20, 0x7d, 0x0a, 0x76, 0x65,
    0x63, 0x34, 0x20, 0x73, 0x65, 0x6c, 0x65, 0x63, 0x74, 0x28, 0x62, 0x6f,
    0x6f, 0x6c, 0x20, 0x5f, 0x63, 0x6f, 0x6e, 0x64, 0x2c, 0x20, 0x76, 0x65,
    0x63, 0x34, 0x20, 0x5f, 0x74, 0x72, 0x75, 0x65, 0x2c, 0x20, 0x76, 0x65,
    0x63, 0x34, 0x20, 0x5f, 0x66, 0x61, 0x6c, 0x73, 0x65, 0x29, 0x20, 0x7b,
    0x20, 0x72, 0x65, 0x74, 0x75, 0x72, 0x6e, 0x20, 0x5f, 0x63, 0x6f, 0x6e,
    0x64, 0x20, 0x3f, 0x20, 0x5f, 0x74, 0x72, 0x75, 0x65, 0x20, 0x3a, 0x20,
    0x5f, 0x66, 0x61, 0x6c, 0x73, 0x65, 0x3b, 0x20, 0x7d, 0x0a, 0x76, 0x65,
    0x63, 0x32, 0x20, 0x73, 0x65, 0x6c, 0x65, 0x63, 0x74, 0x28, 0x62, 0x76,
    0x65, 0x63, 0x32, 0x20, 0x5f, 0x63, 0x6f, 0x6e, 0x64, 0x2c, 0x20, 0x76,
    0x65, 0x63, 0x32, 0x20, 0x5f, 0x74, 0x72, 0x75, 0x65, 0x2c, 0x20, 0x76,
    0x65, 0x63, 0x32, 0x20, 0x5f, 0x66, 0x61, 0x6c, 0x73, 0x65, 0x29, 0x20,
    0x7b, 0x20, 0x72, 0x65, 0x74, 0x75, 0x72, 0x6e, 0x20, 0x28, 0x76, 0x65,
    0x63, 0x32, 0x28, 0x5f, 0x63, 0x6f, 0x6e, 0x64, 0x29, 0x20, 0x2a, 0x20,
    0x5f, 0x74, 0x72, 0x75, 0x65, 0x29, 0x20, 0x2b, 0x20, 0x28, 0x76, 0x65,
    0x63, 0x32, 0x28, 0x6e, 0x6f, 0x74, 0x28, 0x5f, 0x63, 0x6f, 0x6e, 0x64,
    0x29, 0x20, 0x29, 0x20, 0x2a, 0x20, 0x5f, 0x66, 0x61, 0x6c, 0x73, 0x65,
    0x29, 0x3b, 0x20, 0x7d, 0x0a, 0x76, 0x65, 0x63, 0x33, 0x20, 0x73, 0x65,
    0x6c, 0x65, 0x63, 0x74, 0x28, 0x62, 0x76, 0x65, 0x63, 0x33, 0x20, 0x5f,
    0x63, 0x6f, 0x6e, 0x64, 0x2c, 0x20, 0x76, 0x65, 0x63, 0x33, 0x20, 0x5f,
    0x74, 0x72, 0x75, 0x65, 0x2c, 0x20, 0x76, 0x65, 0x63, 0x33, 0x20, 0x5f,
    0x66, 0x61, 0x6c, 0x73, 0x65, 0x29, 0x20, 0x7b, 0x20, 0x72, 0x65, 0x74,
    0x75, 0x72, 0x6e, 0x20, 0x28, 0x76, 0x65, 0x63, 0x33, 0x28, 0x5f, 0x63,
    0x6f, 0x6e, 0x64, 0x29, 0x20, 0x2a, 0x20, 0x5f, 0x74, 0x72, 0x75, 0x65,
    0x29, 0x20, 0x2b, 0x20, 0x28, 0x76, 0x65, 0x63, 0x33, 0x28, 0x6e, 0x6f,
    0x74, 0x28, 0x5f, 0x63, 0x6f, 0x6e, 0x64, 0x29, 0x20, 0x29, 0x20, 0x2a,
    0x20, 0x5f, 0x66, 0x61, 0x6c, 0x73, 0x65, 0x29, 0x3b, 0x20, 0x7d, 0x0a,
    0x76, 0x65, 0x63, 0x34, 0x20, 0x73, 0x65, 0x6c, 0x65, 0x63, 0x74, 0x28,
    0x62, 0x76, 0x65, 0x63, 0x34, 0x20, 0x5f, 0x63, 0x6f, 0x6e, 0x64, 0x2c,
    0x20, 0x76, 0x65, 0x63, 0x34, 0x20, 0x5f, 0x74, 0x72, 0x75, 0x65, 0x2c,
    0x20, 0x76, 0x65, 0x63, 0x34, 0x20, 0x5f, 0x66, 0x61, 0x6c, 0x73, 0x65,
    0x29, 0x20, 0x7b, 0x20, 0x72, 0x65, 0x74, 0x75, 0x72, 0x6e, 0x20, 0x28,
    0x76, 0x65, 0x63, 0x34, 0x28, 0x5f, 0x63, 0x6f, 0x6e, 0x64, 0x29, 0x20,
    0x2a, 0x20, 0x5f, 0x74, 0x72, 0x75, 0x65, 0x29, 0x20, 0x2b, 0x20, 0x28,
    0x76, 0x65, 0x63, 0x34, 0x28, 0x6e, 0x6f, 0x74, 0x28, 0x5f, 0x63, 0x6f,
    0x6e, 0x64, 0x29, 0x20, 0x29, 0x20, 0x2a, 0x20, 0x5f, 0x66, 0x61, 0x6c,
    0x73, 0x65, 0x29, 0x3b, 0x20, 0x7d, 0x0a, 0x69, 0x6e, 0x74, 0x20, 0x73,
    0x65, 0x6c, 0x65, 0x63, 0x74, 0x28, 0x62, 0x6f, 0x6f, 0x6c, 0x20, 0x5f,
    0x63, 0x6f, 0x6e, 0x64, 0x2c, 0x20, 0x69, 0x6e, 0x74, 0x20, 0x5f, 0x74,
    0x72, 0x75, 0x65, 0x2c, 0x20, 0x69, 0x6e, 0x74, 0x20, 0x5f, 0x66, 0x61,
    0x6c, 0x73, 0x65, 0x29, 0x20, 0x7b, 0x20, 0x72, 0x65, 0x74, 0x75, 0x72,
    0x6e, 0x20, 0x5f, 0x63, 0x6f, 0x6e, 0x64, 0x20, 0x3f, 0x20, 0x5f, 0x74,
    0x72, 0x75, 0x65, 0x20, 0x3a, 0x20, 0x5f, 0x66, 0x61, 0x6c, 0x73, 0x65,
    0x3b, 0x20, 0x7d, 0x0a, 0x69, 0x76, 0x65, 0x63, 0x32, 0x20, 0x73, 0x65,
    0x6c, 0x65, 0x63, 0x74, 0x28, 0x62, 0x6f, 0x6f, 0x6c, 0x20, 0x5f, 0x63,
    0x6f, 0x6e, 0x64, 0x2c, 0x20, 0x69, 0x76, 0x65, 0x63, 0x32, 0x20, 0x5f,
    0x74, 0x72, 0x75, 0x65, 0x2c, 0x20, 0x69, 0x76, 0x65, 0x63, 0x32, 0x20,
    0x5f, 0x66, 0x61, 0x6c, 0x73, 0x65, 0x29, 0x20, 0x7b, 0x20, 0x72, 0x65,
    0x74, 0x75, 0x72, 0x6e, 0x20, 0x5f, 0x63, 0x6f, 0x6e, 0x64, 0x20, 0x3f,
    0x20, 0x5f, 0x74, 0x72, 0x75, 0x65, 0x20, 0x3a, 0x20, 0x5f, 0x66, 0x61,
    0x6c, 0x73, 0x65, 0x3b, 0x20, 0x7d, 0x0a, 0x69, 0x76, 0x65, 0x63, 0x33,
    0x20, 0x73, 0x65, 0x6c, 0x65, 0x63, 0x74, 0x28, 0x62, 0x6f, 0x6f, 0x6c,
    0x20, 0x5f, 0x63, 0x6f, 0x6e, 0x64, 0x2c, 0x20, 0x69, 0x76, 0x65, 0x63,
    0x33, 0x20, 0x5f, 0x74, 0x72, 0x75, 0x65, 0x2c, 0x20, 0x69, 0x76, 0x65,
    0x63, 0x33, 0x20, 0x5f, 0x66, 0x61, 0x6c, 0x73, 0x65, 0x29, 0x20, 0x7b,
    0x20, 0x72, 0x65, 0x74, 0x75, 0x72, 0x6e, 0x20, 0x5f, 0x63, 0x6f, 0x6e,
    0x64, 0x20, 0x3f, 0x20, 0x5f, 0x74, 0x72, 0x75, 0x65, 0x20, 0x3a, 0x20,
    0x5f, 0x66, 0x61, 0x6c, 0x73, 0x65, 0x3b, 0x20, 0x7d, 0x0a, 0x69, 0x76,
    0x65, 0x63, 0x34, 0x20, 0x73, 0x65, 0x6c, 0x65, 0x63, 0x74, 0x28, 0x62,
    0x6f, 0x6f, 0x6c, 0x20, 0x5f, 0x63, 0x6f, 0x6e, 0x64, 0x2c, 0x20, 0x69,
    0x76, 0x65, 0x63, 0x34, 0x20, 0x5f, 0x74, 0x72, 0x75, 0x65, 0x2c, 0x20,
    0x69, 0x76, 0x65, 0x63, 0x34, 0x20, 0x5f, 0x66, 0x61, 0x6c, 0x73, 0x65,
    0x29, 0x20, 0x7b, 0x20, 0x72, 0x65, 0x74, 0x75, 0x72, 0x6e, 0x20, 0x5f,
    0x63, 0x6f, 0x6e, 0x64, 0x20, 0x3f, 0x20, 0x5f, 0x74, 0x72, 0x75, 0x65,
    0x20, 0x3a, 0x20, 0x5f, 0x66, 0x61, 0x6c, 0x73, 0x65, 0x3b, 0x20, 0x7d,
    0x0a, 0x69, 0x76, 0x65, 0x63, 0x32, 0x20, 0x73, 0x65, 0x6c, 0x65, 0x63,
    0x74, 0x28, 0x62, 0x76, 0x65, 0x63, 0x32, 0x20, 0x5f, 0x63, 0x6f, 0x6e,
    0x64, 0x2c, 0x20, 0x69, 0x76, 0x65, 0x63, 0x32, 0x20, 0x5f, 0x74, 0x72,
    0x75, 0x65, 0x2c, 0x20, 0x69, 0x76, 0x65, 0x63, 0x32, 0x20, 0x5f, 0x66,
    0x61, 0x6c, 0x73, 0x65, 0x29, 0x20, 0x7b, 0x20, 0x72, 0x65, 0x74, 0x75,
    0x72, 0x6e, 0x20, 0x28, 0x69, 0x76, 0x65, 0x63, 0x32, 0x28, 0x5f, 0x63,
    0x6f, 0x6e, 0x64, 0x29, 0x20, 0x2a, 0x20, 0x5f, 0x74, 0x72, 0x75, 0x65,
    0x29, 0x20, 0x2b, 0x20, 0x28, 0x69, 0x76, 0x65, 0x63, 0x32, 0x28, 0x6e,
    0x6f, 0x74, 0x28, 0x5f, 0x63, 0x6f, 0x6e, 0x64, 0x29, 0x20, 0x29, 0x20,
    0x2a, 0x20, 0x5f, 0x66, 0x61, 0x6c, 0x73, 0x65, 0x29, 0x3b, 0x20, 0x7d,
    0x0a, 0x69, 0x76, 0x65, 0x63, 0x33, 0x20, 0x73, 0x65, 0x6c, 0x65, 0x63,
    0x74, 0x28, 0x62, 0x76, 0x65, 0x63, 0x33, 0x20, 0x5f, 0x63, 0x6f, 0x6e,
    0x64, 0x2c, 0x20, 0x69, 0x76, 0x65, 0x63, 0x33, 0x20, 0x5f, 0x74, 0x72,
    0x75, 0x65, 0x2c, 0x20, 0x69, 0x76, 0x65, 0x63, 0x33, 0x20, 0x5f, 0x66,
    0x61, 0x6c, 0x73, 0x65, 0x29, 0x20, 0x7b, 0x20, 0x72, 0x65, 0x74, 0x75,
    0x72, 0x6e, 0x20, 0x28, 0x69, 0x76, 0x65, 0x63, 0x33, 0x28, 0x5f, 0x63,
    0x6f, 0x6e, 0x64, 0x29, 0x20, 0x2a, 0x20, 0x5f, 0x74, 0x72, 0x75, 0x65,
    0x29, 0x20, 0x2b, 0x20, 0x28, 0x69, 0x76, 0x65, 0x63, 0x33, 0x28, 0x6e,
    0x6f, 0x74, 0x28, 0x5f, 0x63, 0x6f, 0x6e, 0x64, 0x29, 0x20, 0x29, 0x20,
    0x2a, 0x20, 0x5f, 0x66, 0x61, 0x6c, 0x73, 0x65, 0x29, 0x3b, 0x20, 0x7d,
    0x0a, 0x69, 0x76, 0x65, 0x63, 0x34, 0x20, 0x73, 0x65, 0x6c, 0x65, 0x63,
    0x74, 0x28, 0x62, 0x76, 0x65, 0x63, 0x34, 0x20, 0x5f, 0x63, 0x6f, 0x6e,
    0x64, 0x2c, 0x20, 0x69, 0x76, 0x65, 0x63, 0x34, 0x20, 0x5f, 0x74, 0x72,
    0x75, 0x65, 0x2c, 0x20, 0x69, 0x76, 0x65, 0x63, 0x34, 0x20, 0x5f, 0x66,
    0x61, 0x6c, 0x73, 0x65, 0x29, 0x20, 0x7b, 0x20, 0x72, 0x65, 0x74, 0x75,
    0x72, 0x6e, 0x20, 0x28, 0x69, 0x76, 0x65, 0x63, 0x34, 0x28, 0x5f, 0x63,
    0x6f, 0x6e, 0x64, 0x29, 0x20, 0x2a, 0x20, 0x5f, 0x74, 0x72, 0x75, 0x65,
    0x29, 0x20, 0x2b, 0x20, 0x28, 0x69, 0x76, 0x65, 0x63, 0x34, 0x28, 0x6e,
    0x6f, 0x74, 0x28, 0x5f, 0x63, 0x6f, 0x6e, 0x64, 0x29, 0x20, 0x29, 0x20,
    0x2a, 0x20, 0x5f, 0x66, 0x61, 0x6c, 0x73, 0x65, 0x29, 0x3b, 0x20, 0x7d,
    0x0a, 0x75, 0x69, 0x6e, 0x74, 0x20, 0x73, 0x65, 0x6c, 0x65, 0x63, 0x74,
    0x28, 0x62, 0x6f, 0x6f, 0x6c, 0x20, 0x5f, 0x63, 0x6f, 0x6e, 0x64, 0x2c,
    0x20, 0x75, 0x69, 0x6e, 0x74, 0x20, 0x5f, 0x74, 0x72, 0x75, 0x65, 0x2c,
    0x20, 0x75, 0x69, 0x6e, 0x74, 0x20, 0x5f, 0x66, 0x61, 0x6c, 0x73, 0x65,
    0x29, 0x20, 0x7b, 0x20, 0x72, 0x65, 0x74, 0x75, 0x72, 0x6e, 0x20, 0x5f,
    0x63, 0x6f, 0x6e, 0x64, 0x20, 0x3f, 0x20, 0x5f, 0x74, 0x72, 0x75, 0x65,
    0x20, 0x3a, 0x20, 0x5f, 0x66, 0x61, 0x6c, 0x73, 0x65, 0x3b, 0x20, 0x7d,
    0x0a, 0x75, 0x76, 0x65, 0x63, 0x32, 0x20, 0x73, 0x65, 0x6c, 0x65, 0x63,
    0x74, 0x28, 0x62, 0x6f, 0x6f, 0x6c, 0x20, 0x5f, 0x63, 0x6f, 0x6e, 0x64,
    0x2c, 0x20, 0x75, 0x76, 0x65, 0x63, 0x32, 0x20, 0x5f, 0x74, 0x72, 0x75,
    0x65, 0x2c, 0x20, 0x75, 0x76, 0x65, 0x63, 0x32, 0x20, 0x5f, 0x66, 0x61,
    0x6c, 0x73, 0x65, 0x29, 0x20, 0x7b, 0x20, 0x72, 0x65, 0x74, 0x75, 0x72,
    0x6e, 0x20, 0x5f, 0x63, 0x6f, 0x6e, 0x64, 0x20, 0x3f, 0x20, 0x5f, 0x74,
    0x72, 0x75, 0x65, 0x20, 0x3a, 0x20, 0x5f, 0x66, 0x61, 0x6c, 0x73, 0x65,
    0x3b, 0x20, 0x7d, 0x0a, 0x75, 0x76, 0x65, 0x63, 0x33, 0x20, 0x73, 0x65,
    0x6c, 0x65, 0x63, 0x74, 0x28, 0x62, 0x6f, 0x6f, 0x6c, 0x20, 0x5f, 0x63,
    0x6f, 0x6e, 0x64, 0x2c, 0x20, 0x75, 0x76, 0x65, 0x63, 0x33, 0x20, 0x5f,
    0x74, 0x72, 0x75, 0x65, 0x2c, 0x20, 0x75, 0x76, 0x65, 0x63, 0x33, 0x20,
    0x5f, 0x66, 0x61, 0x6c, 0x73, 0x65, 0x29, 0x20, 0x7b, 0x20, 0x72, 0x65,
    0x74, 0x75, 0x72, 0x6e, 0x20, 0x5f, 0x63, 0x6f, 0x6e, 0x64, 0x20, 0x3f,
    0x20, 0x5f, 0x74, 0x72, 0x75, 0x65, 0x20, 0x3a, 0x20, 0x5f, 0x66, 0x61,
    0x6c, 0x73, 0x65, 0x3b, 0x20, 0x7d, 0x0a, 0x75, 0x76, 0x65, 0x63, 0x34,
    0x20, 0x73, 0x65, 0x6c, 0x65, 0x63, 0x74, 0x28, 0x62, 0x6f, 0x6f, 0x6c,
    0x20, 0x5f, 0x63, 0x6f, 0x6e, 0x64, 0x2c, 0x20, 0x75, 0x76, 0x65, 0x63,
    0x34, 0x20, 0x5f, 0x74, 0x72, 0x75, 0x65, 0x2c, 0x20, 0x75, 0x76, 0x65,
    0x63, 0x34, 0x20, 0x5f, 0x66, 0x61, 0x6c, 0x73, 0x65, 0x29, 0x20, 0x7b,
    0x20, 0x72, 0x65, 0x74, 0x75, 0x72, 0x6e, 0x20, 0x5f, 0x63, 0x6f, 0x6e,
    0x64, 0x20, 0x3f, 0x20, 0x5f, 0x74, 0x72, 0x75, 0x65, 0x20, 0x3a, 0x20,
    0x5f, 0x66, 0x61, 0x6c, 0x73, 0x65, 0x3b, 0x20, 0x7d, 0x0a, 0x75, 0x76,
    0x65, 0x63, 0x32, 0x20, 0x73, 0x65, 0x6c, 0x65, 0x63, 0x74, 0x28, 0x62,
    0x76, 0x65, 0x63, 0x32, 0x20, 0x5f, 0x63, 0x6f, 0x6e, 0x64, 0x2c, 0x20,
    0x75, 0x76, 0x65, 0x63, 0x32, 0x20, 0x5f, 0x74, 0x72, 0x75, 0x65, 0x2c,
    0x20, 0x75, 0x76, 0x65, 0x63, 0x32, 0x20, 0x5f, 0x66, 0x61, 0x6c, 0x73,
    0x65, 0x29, 0x20, 0x7b, 0x20, 0x72, 0x65, 0x74, 0x75, 0x72, 0x6e, 0x20,
    0x28, 0x75, 0x76, 0x65, 0x63, 0x32, 0x28, 0x5f, 0x63, 0x6f, 0x6e, 0x64,
    0x29, 0x20, 0x2a, 0x20, 0x5f, 0x74, 0x72, 0x75, 0x65, 0x29, 0x20, 0x2b,
    0x20, 0x28, 0x75, 0x76, 0x65, 0x63, 0x32, 0x28, 0x6e, 0x6f, 0x74, 0x28,
    0x5f, 0x63, 0x6f, 0x6e, 0x64, 0x29, 0x20, 0x29, 0x20, 0x2a, 0x20, 0x5f,
    0x66, 0x61, 0x6c, 0x73, 0x65, 0x29, 0x3b, 0x20, 0x7d, 0x0a, 0x75, 0x76,
    0x65, 0x63, 0x33, 0x20, 0x73, 0x65, 0x6c, 0x65, 0x63, 0x74, 0x28, 0x62,
    0x76, 0x65, 0x63, 0x33, 0x20, 0x5f, 0x63, 0x6f, 0x6e, 0x64, 0x2c, 0x20,
    0x75, 0x76, 0x65, 0x63, 0x33, 0x20, 0x5f, 0x74, 0x72, 0x75, 0x65, 0x2c,
    0x20, 0x75, 0x76, 0x65, 0x63, 0x33, 0x20, 0x5f, 0x66, 0x61, 0x6c, 0x73,
    0x65, 0x29, 0x20, 0x7b, 0x20, 0x72, 0x65, 0x74, 0x75, 0x72, 0x6e, 0x20,
    0x28, 0x75, 0x76, 0x65, 0x63, 0x33, 0x28, 0x5f, 0x63, 0x6f, 0x6e, 0x64,
    0x29, 0x20, 0x2a, 0x20, 0x5f, 0x74, 0x72, 0x75, 0x65, 0x29, 0x20, 0x2b,
    0x20, 0x28, 0x75, 0x76, 0x65, 0x63, 0x33, 0x28, 0x6e, 0x6f, 0x74, 0x28,
    0x5f, 0x63, 0x6f, 0x6e, 0x64, 0x29, 0x20, 0x29, 0x20, 0x2a, 0x20, 0x5f,
    0x66, 0x61, 0x6c, 0x73, 0x65, 0x29, 0x3b, 0x20, 0x7d, 0x0a, 0x75, 0x76,
    0x65, 0x63, 0x34, 0x20, 0x73, 0x65, 0x6c, 0x65, 0x63, 0x74, 0x28, 0x62,
    0x76, 0x65, 0x63, 0x34, 0x20, 0x5f, 0x63, 0x6f, 0x6e, 0x64, 0x2c, 0x20,
    0x75, 0x76, 0x65, 0x63, 0x34, 0x20, 0x5f, 0x74, 0x72, 0x75, 0x65, 0x2c,
    0x20, 0x75, 0x76, 0x65, 0x63, 0x34, 0x20, 0x5f, 0x66, 0x61, 0x6c, 0x73,
    0x65, 0x29, 0x20, 0x7b, 0x20, 0x72, 0x65, 0x74, 0x75, 0x72, 0x6e, 0x20,
    0x28, 0x75, 0x76, 0x65, 0x63, 0x34, 0x28, 0x5f, 0x63, 0x6f, 0x6e, 0x64,
    0x29, 0x20, 0x2a, 0x20, 0x5f, 0x74, 0x72, 0x75, 0x65, 0x29, 0x20, 0x2b,
    0x20, 0x28, 0x75, 0x76, 0x65, 0x63, 0x34, 0x28, 0x6e, 0x6f, 0x74, 0x28,
    0x5f, 0x63, 0x6f, 0x6e, 0x64, 0x29, 0x20, 0x29, 0x20, 0x2a, 0x20, 0x5f,
    0x66, 0x61, 0x6c, 0x73, 0x65, 0x29, 0x3b, 0x20, 0x7d, 0x0a, 0x75, 0x6e,
    0x69, 0x66, 0x6f, 0x72, 0x6d, 0x20, 0x76, 0x65, 0x63, 0x34, 0x20, 0x75,
    0x5f, 0x76, 0x69, 0x65, 0x77, 0x52, 0x65, 0x63, 0x74, 0x3b, 0x0a, 0x75,
    0x6e, 0x69, 0x66, 0x6f, 0x72, 0x6d, 0x20, 0x76, 0x65, 0x63, 0x34, 0x20,
    0x75, 0x5f, 0x76, 0x69, 0x65, 0x77, 0x54, 0x65, 0x78, 0x65, 0x6c, 0x3b,
    0x0a, 0x75, 0x6e, 0x69, 0x66, 0x6f, 0x72, 0x6d, 0x20, 0x6d, 0x61, 0x74,
    0x34, 0x20, 0x75, 0x5f, 0x76, 0x69, 0x65, 0x77, 0x3b, 0x0a, 0x75, 0x6e,
    0x69, 0x66, 0x6f, 0x72, 0x6d, 0x20, 0x6d, 0x61, 0x74, 0x34, 0x20, 0x75,
    0x5f, 0x69, 0x6e, 0x76, 0x56, 0x69, 0x65, 0x77, 0x3b, 0x0a, 0x75, 0x6e,
    0x69, 0x66, 0x6f, 0x72, 0x6d, 0x20, 0x6d, 0x61, 0x74, 0x34, 0x20, 0x75,
    0x5f, 0x70, 0x72, 0x6f, 0x6a, 0x3b, 0x0a, 0x75, 0x6e, 0x69, 0x66, 0x6f,
    0x72, 0x6d, 0x20, 0x6d, 0x61, 0x74, 0x34, 0x20, 0x75, 0x5f, 0x69, 0x6e,
    0x76, 0x50, 0x72, 0x6f, 0x6a, 0x3b, 0x0a, 0x75, 0x6e, 0x69, 0x66, 0x6f,
    0x72, 0x6d, 0x20, 0x6d, 0x61, 0x74, 0x34, 0x20, 0x75, 0x5f, 0x76, 0x69,
    0x65, 0x77, 0x50, 0x72, 0x6f, 0x6a, 0x3b, 0x0a, 0x75, 0x6e, 0x69, 0x66,
    0x6f, 0x72, 0x6d, 0x20, 0x6d, 0x61, 0x74, 0x34, 0x20, 0x75, 0x5f, 0x69,
    0x6e, 0x76, 0x56, 0x69, 0x65, 0x77, 0x50, 0x72, 0x6f, 0x6a, 0x3b, 0x0a,
    0x75, 0x6e, 0x69, 0x66, 0x6f, 0x72, 0x6d, 0x20, 0x6d, 0x61, 0x74, 0x34,
    0x20, 0x75, 0x5f, 0x6d, 0x6f, 0x64, 0x65, 0x6c, 0x56, 0x69, 0x65, 0x77,
    0x3b, 0x0a, 0x75, 0x6e, 0x69, 0x66, 0x6f, 0x72, 0x6d, 0x20, 0x6d, 0x61,
    0x74, 0x34, 0x20, 0x75, 0x5f, 0x69, 0x6e, 0x76, 0x4d, 0x6f, 0x64, 0x65,
    0x6c, 0x56, 0x69, 0x65, 0x77, 0x3b, 0x0a, 0x75, 0x6e, 0x69, 0x66, 0x6f,
    0x72, 0x6d, 0x20, 0x6d, 0x61, 0x74, 0x34, 0x20, 0x75, 0x5f, 0x6d, 0x6f,
    0x64, 0x65, 0x6c, 0x56, 0x69, 0x65, 0x77, 0x50, 0x72, 0x6f, 0x6a, 0x3b,
    0x0a, 0x75, 0x6e, 0x69, 0x66, 0x6f, 0x72, 0x6d, 0x20, 0x76, 0x65, 0x63,
    0x34, 0x20, 0x75, 0x5f, 0x61, 0x6c, 0x70, 0x68, 0x61, 0x52, 0x65, 0x66,
    0x34, 0x3b, 0x0a, 0x75, 0x6e, 0x69, 0x66, 0x6f, 0x72, 0x6d, 0x20, 0x6d,
    0x61, 0x74, 0x34, 0x20, 0x75, 0x5f, 0x6d, 0x6f, 0x64, 0x65, 0x6c, 0x5b,
    0x31, 0x5d, 0x3b, 0x0a, 0x75, 0x6e, 0x69, 0x66, 0x6f, 0x72, 0x6d, 0x20,
    0x73, 0x61, 0x6d, 0x70, 0x6c, 0x65, 0x72, 0x32, 0x44, 0x20, 0x73, 0x5f,
    0x74, 0x65, 0x78, 0x74, 0x75, 0x72, 0x65, 0x3b, 0x0a, 0x75, 0x6e, 0x69,
    0x66, 0x6f, 0x72, 0x6d, 0x20, 0x73, 0x61, 0x6d, 0x70, 0x6c, 0x65, 0x72,
    0x32, 0x44, 0x20, 0x73, 0x5f, 0x6c, 0x75, 0x74, 0x3b, 0x0a, 0x75, 0x6e,
    0x69, 0x66, 0x6f, 0x72, 0x6d, 0x20, 0x76, 0x65, 0x63, 0x34, 0x20, 0x50,
    0x6f, 0x73, 0x74, 0x46, 0x78, 0x50, 0x61, 0x72, 0x61, 0x6d, 0x73, 0x5b,
    0x34, 0x5d, 0x3b, 0x0a, 0x76, 0x65, 0x63, 0x33, 0x20, 0x6c, 0x75, 0x74,
    0x43, 0x65, 0x6c, 0x6c, 0x28, 0x66, 0x6c, 0x6f, 0x61, 0x74, 0x20, 0x72,
    0x2c, 0x20, 0x66, 0x6c, 0x6f, 0x61, 0x74, 0x20, 0x67, 0x2c, 0x20, 0x66,
    0x6c, 0x6f, 0x61, 0x74, 0x20, 0x62, 0x2c, 0x20, 0x66, 0x6c, 0x6f, 0x61,
    0x74, 0x20, 0x4e, 0x29, 0x20, 0x7b, 0x0a, 0x76, 0x65, 0x63, 0x32, 0x20,
    0x75, 0x76, 0x20, 0x3d, 0x20, 0x76, 0x65, 0x63, 0x32, 0x28, 0x28, 0x62,
    0x20, 0x2a, 0x20, 0x4e, 0x20, 0x2b, 0x20, 0x72, 0x20, 0x2b, 0x20, 0x30,
    0x2e, 0x35, 0x29, 0x20, 0x2f, 0x20, 0x28, 0x4e, 0x20, 0x2a, 0x20, 0x4e,
    0x29, 0x2c, 0x20, 0x28, 0x67, 0x20, 0x2b, 0x20, 0x30, 0x2e, 0x35, 0x29,
    0x20, 0x2f, 0x20, 0x4e, 0x29, 0x3b, 0x0a, 0x72, 0x65, 0x74, 0x75, 0x72,
    0x6e, 0x20, 0x74, 0x65, 0x78, 0x74, 0x75, 0x72, 0x65, 0x4c, 0x6f, 0x64,
    0x28, 0x73, 0x5f, 0x6c, 0x75, 0x74, 0x2c, 0x20, 0x75, 0x76, 0x2c, 0x20,
    0x30, 0x2e, 0x30, 0x29, 0x2e, 0x72, 0x67, 0x62, 0x3b, 0x0a, 0x7d, 0x0a,
    0x76, 0x65, 0x63, 0x33, 0x20, 0x6c, 0x75, 0x74, 0x53, 0x6c, 0x69, 0x63,
    0x65, 0x28, 0x76, 0x65, 0x63, 0x32, 0x20, 0x72, 0x67, 0x2c, 0x20, 0x66,
    0x6c, 0x6f, 0x61, 0x74, 0x20, 0x62, 0x2c, 0x20, 0x66, 0x6c, 0x6f, 0x61,
    0x74, 0x20, 0x4e, 0x29, 0x20, 0x7b, 0x0a, 0x76, 0x65, 0x63, 0x32, 0x20,
    0x6c, 0x6f, 0x20, 0x3d, 0x20, 0x66, 0x6c, 0x6f, 0x6f, 0x72, 0x28, 0x72,
    0x67, 0x29, 0x3b, 0x0a, 0x76, 0x65, 0x63, 0x32, 0x20, 0x68, 0x69, 0x20,
    0x3d, 0x20, 0x6d, 0x69, 0x6e, 0x28, 0x6c, 0x6f, 0x20, 0x2b, 0x20, 0x76,
    0x65, 0x63, 0x32, 0x28, 0x31, 0x2e, 0x30, 0x29, 0x2c, 0x20, 0x76, 0x65,
    0x63, 0x32, 0x28, 0x4e, 0x20, 0x2d, 0x20, 0x31, 0x2e, 0x30, 0x29, 0x29,
    0x3b, 0x0a, 0x76, 0x65, 0x63, 0x32, 0x20, 0x77, 0x65, 0x69, 0x67, 0x68,
    0x74, 0x20, 0x3d, 0x20, 0x72, 0x67, 0x20, 0x2d, 0x20, 0x6c, 0x6f, 0x3b,
    0x0a, 0x72, 0x65, 0x74, 0x75, 0x72, 0x6e, 0x20, 0x6d, 0x69, 0x78, 0x28,
    0x6d, 0x69, 0x78, 0x28, 0x6c, 0x75, 0x74, 0x43, 0x65, 0x6c, 0x6c, 0x28,
    0x6c, 0x6f, 0x2e, 0x78, 0x2c, 0x20, 0x6c, 0x6f, 0x2e, 0x79, 0x2c, 0x20,
    0x62, 0x2c, 0x20, 0x4e, 0x29, 0x2c, 0x20, 0x6c, 0x75, 0x74, 0x43, 0x65,
    0x6c, 0x6c, 0x28, 0x68, 0x69, 0x2e, 0x78, 0x2c, 0x20, 0x6c, 0x6f, 0x2e,
    0x79, 0x2c, 0x20, 0x62, 0x2c, 0x20, 0x4e, 0x29, 0x2c, 0x20, 0x77, 0x65,
    0x69, 0x67, 0x68, 0x74, 0x2e, 0x78, 0x29, 0x2c, 0x0a, 0x6d, 0x69, 0x78,
    0x28, 0x6c, 0x75, 0x74, 0x43, 0x65, 0x6c, 0x6c, 0x28, 0x6c, 0x6f, 0x2e,
    0x78, 0x2c, 0x20, 0x68, 0x69, 0x2e, 0x79, 0x2c, 0x20, 0x62, 0x2c, 0x20,
    0x4e, 0x29, 0x2c, 0x20, 0x6c, 0x75, 0x74, 0x43, 0x65, 0x6c, 0x6c, 0x28,
    0x68, 0x69, 0x2e, 0x78, 0x2c, 0x20, 0x68, 0x69, 0x2e, 0x79, 0x2c, 0x20,
    0x62, 0x2c, 0x20, 0x4e, 0x29, 0x2c, 0x20, 0x77, 0x65, 0x69, 0x67, 0x68,
    0x74, 0x2e, 0x78, 0x29, 0x2c, 0x20, 0x77, 0x65, 0x69, 0x67, 0x68, 0x74,
    0x2e, 0x79, 0x29, 0x3b, 0x0a, 0x7d, 0x0a, 0x6f, 0x75, 0x74, 0x20, 0x76,
    0x65, 0x63, 0x34, 0x20, 0x62, 0x67, 0x66, 0x78, 0x5f, 0x46, 0x72, 0x61,
    0x67, 0x43, 0x6f, 0x6c, 0x6f, 0x72, 0x3b, 0x0a, 0x76, 0x6f, 0x69, 0x64,
    0x20, 0x6d, 0x61, 0x69, 0x6e, 0x28, 0x29, 0x20, 0x7b, 0x0a, 0x76, 0x65,
    0x63, 0x34, 0x20, 0x73, 0x72, 0x63, 0x20, 0x3d, 0x20, 0x74, 0x65, 0x78,
    0x74, 0x75, 0x72, 0x65, 0x28, 0x73, 0x5f, 0x74, 0x65, 0x78, 0x74, 0x75,
    0x72, 0x65, 0x2c, 0x20, 0x76, 0x5f, 0x74, 0x65, 0x78, 0x63, 0x6f, 0x6f,
    0x72, 0x64, 0x30, 0x29, 0x3b, 0x0a, 0x66, 0x6c, 0x6f, 0x61, 0x74, 0x20,
    0x4e, 0x20, 0x3d, 0x20, 0x6d, 0x61, 0x78, 0x28, 0x66, 0x6c, 0x6f, 0x6f,
    0x72, 0x28, 0x50, 0x6f, 0x73, 0x74, 0x46, 0x78, 0x50, 0x61, 0x72, 0x61,
    0x6d, 0x73, 0x5b, 0x32, 0x5d, 0x2e, 0x7a, 0x20, 0x2b, 0x20, 0x30, 0x2e,
    0x35, 0x29, 0x2c, 0x20, 0x32, 0x2e, 0x30, 0x29, 0x3b, 0x0a, 0x76, 0x65,
    0x63, 0x33, 0x20, 0x63, 0x6f, 0x6f, 0x72, 0x64, 0x69, 0x6e, 0x61, 0x74,
    0x65, 0x20, 0x3d, 0x20, 0x63, 0x6c, 0x61, 0x6d, 0x70, 0x28, 0x73, 0x72,
    0x63, 0x2e, 0x72, 0x67, 0x62, 0x2c, 0x20, 0x30, 0x2e, 0x30, 0x2c, 0x20,
    0x31, 0x2e, 0x30, 0x29, 0x20, 0x2a, 0x20, 0x28, 0x4e, 0x20, 0x2d, 0x20,
    0x31, 0x2e, 0x30, 0x29, 0x3b, 0x0a, 0x66, 0x6c, 0x6f, 0x61, 0x74, 0x20,
    0x6c, 0x6f, 0x77, 0x42, 0x20, 0x3d, 0x20, 0x66, 0x6c, 0x6f, 0x6f, 0x72,
    0x28, 0x63, 0x6f, 0x6f, 0x72, 0x64, 0x69, 0x6e, 0x61, 0x74, 0x65, 0x2e,
    0x62, 0x29, 0x3b, 0x0a, 0x66, 0x6c, 0x6f, 0x61, 0x74, 0x20, 0x68, 0x69,
    0x67, 0x68, 0x42, 0x20, 0x3d, 0x20, 0x6d, 0x69, 0x6e, 0x28, 0x6c, 0x6f,
    0x77, 0x42, 0x20, 0x2b, 0x20, 0x31, 0x2e, 0x30, 0x2c, 0x20, 0x4e, 0x20,
    0x2d, 0x20, 0x31, 0x2e, 0x30, 0x29, 0x3b, 0x0a, 0x76, 0x65, 0x63, 0x33,
    0x20, 0x6c, 0x75, 0x74, 0x20, 0x3d, 0x20, 0x6d, 0x69, 0x78, 0x28, 0x6c,
    0x75, 0x74, 0x53, 0x6c, 0x69, 0x63, 0x65, 0x28, 0x63, 0x6f, 0x6f, 0x72,
    0x64, 0x69, 0x6e, 0x61, 0x74, 0x65, 0x2e, 0x72, 0x67, 0x2c, 0x20, 0x6c,
    0x6f, 0x77, 0x42, 0x2c, 0x20, 0x4e, 0x29, 0x2c, 0x20, 0x6c, 0x75, 0x74,
    0x53, 0x6c, 0x69, 0x63, 0x65, 0x28, 0x63, 0x6f, 0x6f, 0x72, 0x64, 0x69,
    0x6e, 0x61, 0x74, 0x65, 0x2e, 0x72, 0x67, 0x2c, 0x20, 0x68, 0x69, 0x67,
    0x68, 0x42, 0x2c, 0x20, 0x4e, 0x29, 0x2c, 0x20, 0x63, 0x6f, 0x6f, 0x72,
    0x64, 0x69, 0x6e, 0x61, 0x74, 0x65, 0x2e, 0x62, 0x20, 0x2d, 0x20, 0x6c,
    0x6f, 0x77, 0x42, 0x29, 0x3b, 0x0a, 0x76, 0x65, 0x63, 0x33, 0x20, 0x6f,
    0x75, 0x74, 0x43, 0x20, 0x3d, 0x20, 0x6d, 0x69, 0x78, 0x28, 0x73, 0x72,
    0x63, 0x2e, 0x72, 0x67, 0x62, 0x2c, 0x20, 0x6c, 0x75, 0x74, 0x2c, 0x20,
    0x63, 0x6c, 0x61, 0x6d, 0x70, 0x28, 0x50, 0x6f, 0x73, 0x74, 0x46, 0x78,
    0x50, 0x61, 0x72, 0x61, 0x6d, 0x73, 0x5b, 0x30, 0x5d, 0x2e, 0x78, 0x2c,
    0x20, 0x30, 0x2e, 0x30, 0x2c, 0x20, 0x31, 0x2e, 0x30, 0x29, 0x29, 0x3b,
    0x0a, 0x62, 0x67, 0x66, 0x78, 0x5f, 0x46, 0x72, 0x61, 0x67, 0x43, 0x6f,
    0x6c, 0x6f, 0x72, 0x20, 0x3d, 0x20, 0x76, 0x65, 0x63, 0x34, 0x28, 0x6f,
    0x75, 0x74, 0x43, 0x2c, 0x20, 0x73, 0x72, 0x63, 0x2e, 0x61, 0x29, 0x3b,
    0x0a, 0x7d, 0x0a, 0x00,
};
const size_t kEmbeddedGL_fs_postfx_lut3d_size = sizeof(kEmbeddedGL_fs_postfx_lut3d);

const uint8_t kEmbeddedGL_stretch_blt_fs[] = {
    0x46, 0x53, 0x48, 0x0b, 0x6f, 0x1e, 0x3e, 0x3c, 0x00, 0x00, 0x00, 0x00,
    0x00, 0x00, 0x0e, 0x13, 0x00, 0x00, 0x23, 0x76, 0x65, 0x72, 0x73, 0x69,
    0x6f, 0x6e, 0x20, 0x34, 0x33, 0x30, 0x0a, 0x23, 0x64, 0x65, 0x66, 0x69,
    0x6e, 0x65, 0x20, 0x74, 0x65, 0x78, 0x74, 0x75, 0x72, 0x65, 0x32, 0x44,
    0x20, 0x20, 0x20, 0x20, 0x20, 0x20, 0x20, 0x20, 0x20, 0x20, 0x74, 0x65,
    0x78, 0x74, 0x75, 0x72, 0x65, 0x0a, 0x23, 0x64, 0x65, 0x66, 0x69, 0x6e,
    0x65, 0x20, 0x74, 0x65, 0x78, 0x74, 0x75, 0x72, 0x65, 0x32, 0x44, 0x4c,
    0x6f, 0x64, 0x20, 0x20, 0x20, 0x20, 0x20, 0x20, 0x20, 0x74, 0x65, 0x78,
    0x74, 0x75, 0x72, 0x65, 0x4c, 0x6f, 0x64, 0x0a, 0x23, 0x64, 0x65, 0x66,
    0x69, 0x6e, 0x65, 0x20, 0x74, 0x65, 0x78, 0x74, 0x75, 0x72, 0x65, 0x32,
    0x44, 0x47, 0x72, 0x61, 0x64, 0x20, 0x20, 0x20, 0x20, 0x20, 0x20, 0x74,
    0x65, 0x78, 0x74, 0x75, 0x72, 0x65, 0x47, 0x72, 0x61, 0x64, 0x0a, 0x23,
    0x64, 0x65, 0x66, 0x69, 0x6e, 0x65, 0x20, 0x74, 0x65, 0x78, 0x74, 0x75,
    0x72, 0x65, 0x32, 0x44, 0x50, 0x72, 0x6f, 0x6a, 0x4c, 0x6f, 0x64, 0x20,
    0x20, 0x20, 0x74, 0x65, 0x78, 0x74, 0x75, 0x72, 0x65, 0x50, 0x72, 0x6f,
    0x6a, 0x4c, 0x6f, 0x64, 0x0a, 0x23, 0x64, 0x65, 0x66, 0x69, 0x6e, 0x65,
    0x20, 0x74, 0x65, 0x78, 0x74, 0x75, 0x72, 0x65, 0x32, 0x44, 0x50, 0x72,
    0x6f, 0x6a, 0x47, 0x72, 0x61, 0x64, 0x20, 0x20, 0x74, 0x65, 0x78, 0x74,
    0x75, 0x72, 0x65, 0x50, 0x72, 0x6f, 0x6a, 0x47, 0x72, 0x61, 0x64, 0x0a,
    0x23, 0x64, 0x65, 0x66, 0x69, 0x6e, 0x65, 0x20, 0x74, 0x65, 0x78, 0x74,
    0x75, 0x72, 0x65, 0x43, 0x75, 0x62, 0x65, 0x4c, 0x6f, 0x64, 0x20, 0x20,
    0x20, 0x20, 0x20, 0x74, 0x65, 0x78, 0x74, 0x75, 0x72, 0x65, 0x4c, 0x6f,
    0x64, 0x0a, 0x23, 0x64, 0x65, 0x66, 0x69, 0x6e, 0x65, 0x20, 0x74, 0x65,
    0x78, 0x74, 0x75, 0x72, 0x65, 0x43, 0x75, 0x62, 0x65, 0x47, 0x72, 0x61,
    0x64, 0x20, 0x20, 0x20, 0x20, 0x74, 0x65, 0x78, 0x74, 0x75, 0x72, 0x65,
    0x47, 0x72, 0x61, 0x64, 0x0a, 0x23, 0x64, 0x65, 0x66, 0x69, 0x6e, 0x65,
    0x20, 0x74, 0x65, 0x78, 0x74, 0x75, 0x72, 0x65, 0x33, 0x44, 0x20, 0x20,
    0x20, 0x20, 0x20, 0x20, 0x20, 0x20, 0x20, 0x20, 0x74, 0x65, 0x78, 0x74,
    0x75, 0x72, 0x65, 0x0a, 0x23, 0x64, 0x65, 0x66, 0x69, 0x6e, 0x65, 0x20,
    0x74, 0x65, 0x78, 0x74, 0x75, 0x72, 0x65, 0x32, 0x44, 0x4c, 0x6f, 0x64,
    0x4f, 0x66, 0x66, 0x73, 0x65, 0x74, 0x20, 0x74, 0x65, 0x78, 0x74, 0x75,
    0x72, 0x65, 0x4c, 0x6f, 0x64, 0x4f, 0x66, 0x66, 0x73, 0x65, 0x74, 0x0a,
    0x23, 0x64, 0x65, 0x66, 0x69, 0x6e, 0x65, 0x20, 0x61, 0x74, 0x74, 0x72,
    0x69, 0x62, 0x75, 0x74, 0x65, 0x20, 0x69, 0x6e, 0x0a, 0x23, 0x64, 0x65,
    0x66, 0x69, 0x6e, 0x65, 0x20, 0x76, 0x61, 0x72, 0x79, 0x69, 0x6e, 0x67,
    0x20, 0x69, 0x6e, 0x0a, 0x23, 0x64, 0x65, 0x66, 0x69, 0x6e, 0x65, 0x20,
    0x62, 0x67, 0x66, 0x78, 0x53, 0x68, 0x61, 0x64, 0x6f, 0x77, 0x32, 0x44,
    0x28, 0x5f, 0x73, 0x61, 0x6d, 0x70, 0x6c, 0x65, 0x72, 0x2c, 0x20, 0x5f,
    0x63, 0x6f, 0x6f, 0x72, 0x64, 0x29, 0x20, 0x20, 0x20, 0x20, 0x20, 0x76,
    0x65, 0x63, 0x34, 0x5f, 0x73, 0x70, 0x6c, 0x61, 0x74, 0x28, 0x74, 0x65,
    0x78, 0x74, 0x75, 0x72, 0x65, 0x28, 0x5f, 0x73, 0x61, 0x6d, 0x70, 0x6c,
    0x65, 0x72, 0x2c, 0x20, 0x5f, 0x63, 0x6f, 0x6f, 0x72, 0x64, 0x29, 0x20,
    0x29, 0x0a, 0x23, 0x64, 0x65, 0x66, 0x69, 0x6e, 0x65, 0x20, 0x62, 0x67,
    0x66, 0x78, 0x53, 0x68, 0x61, 0x64, 0x6f, 0x77, 0x32, 0x44, 0x50, 0x72,
    0x6f, 0x6a, 0x28, 0x5f, 0x73, 0x61, 0x6d, 0x70, 0x6c, 0x65, 0x72, 0x2c,
    0x20, 0x5f, 0x63, 0x6f, 0x6f, 0x72, 0x64, 0x29, 0x20, 0x76, 0x65, 0x63,
    0x34, 0x5f, 0x73, 0x70, 0x6c, 0x61, 0x74, 0x28, 0x74, 0x65, 0x78, 0x74,
    0x75, 0x72, 0x65, 0x50, 0x72, 0x6f, 0x6a, 0x28, 0x5f, 0x73, 0x61, 0x6d,
    0x70, 0x6c, 0x65, 0x72, 0x2c, 0x20, 0x5f, 0x63, 0x6f, 0x6f, 0x72, 0x64,
    0x29, 0x20, 0x29, 0x0a, 0x76, 0x61, 0x72, 0x79, 0x69, 0x6e, 0x67, 0x20,
    0x76, 0x65, 0x63, 0x32, 0x20, 0x76, 0x5f, 0x74, 0x65, 0x78, 0x63, 0x6f,
    0x6f, 0x72, 0x64, 0x30, 0x3b, 0x0a, 0x66, 0x6c, 0x6f, 0x61, 0x74, 0x20,
    0x72, 0x63, 0x70, 0x28, 0x66, 0x6c, 0x6f, 0x61, 0x74, 0x20, 0x5f, 0x61,
    0x29, 0x20, 0x7b, 0x20, 0x72, 0x65, 0x74, 0x75, 0x72, 0x6e, 0x20, 0x31,
    0x2e, 0x30, 0x2f, 0x5f, 0x61, 0x3b, 0x20, 0x7d, 0x0a, 0x76, 0x65, 0x63,
    0x32, 0x20, 0x72, 0x63, 0x70, 0x28, 0x76, 0x65, 0x63, 0x32, 0x20, 0x5f,
    0x61, 0x29, 0x20, 0x7b, 0x20, 0x72, 0x65, 0x74, 0x75, 0x72, 0x6e, 0x20,
    0x76, 0x65, 0x63, 0x32, 0x28, 0x31, 0x2e, 0x30, 0x29, 0x2f, 0x5f, 0x61,
    0x3b, 0x20, 0x7d, 0x0a, 0x76, 0x65, 0x63, 0x33, 0x20, 0x72, 0x63, 0x70,
    0x28, 0x76, 0x65, 0x63, 0x33, 0x20, 0x5f, 0x61, 0x29, 0x20, 0x7b, 0x20,
    0x72, 0x65, 0x74, 0x75, 0x72, 0x6e, 0x20, 0x76, 0x65, 0x63, 0x33, 0x28,
    0x31, 0x2e, 0x30, 0x29, 0x2f, 0x5f, 0x61, 0x3b, 0x20, 0x7d, 0x0a, 0x76,
    0x65, 0x63, 0x34, 0x20, 0x72, 0x63, 0x70, 0x28, 0x76, 0x65, 0x63, 0x34,
    0x20, 0x5f, 0x61, 0x29, 0x20, 0x7b, 0x20, 0x72, 0x65, 0x74, 0x75, 0x72,
    0x6e, 0x20, 0x76, 0x65, 0x63, 0x34, 0x28, 0x31, 0x2e, 0x30, 0x29, 0x2f,
    0x5f, 0x61, 0x3b, 0x20, 0x7d, 0x0a, 0x76, 0x65, 0x63, 0x32, 0x20, 0x76,
    0x65, 0x63, 0x32, 0x5f, 0x73, 0x70, 0x6c, 0x61, 0x74, 0x28, 0x66, 0x6c,
    0x6f, 0x61, 0x74, 0x20, 0x5f, 0x78, 0x29, 0x20, 0x7b, 0x20, 0x72, 0x65,
    0x74, 0x75, 0x72, 0x6e, 0x20, 0x76, 0x65, 0x63, 0x32, 0x28, 0x5f, 0x78,
    0x2c, 0x20, 0x5f, 0x78, 0x29, 0x3b, 0x20, 0x7d, 0x0a, 0x76, 0x65, 0x63,
    0x33, 0x20, 0x76, 0x65, 0x63, 0x33, 0x5f, 0x73, 0x70, 0x6c, 0x61, 0x74,
    0x28, 0x66, 0x6c, 0x6f, 0x61, 0x74, 0x20, 0x5f, 0x78, 0x29, 0x20, 0x7b,
    0x20, 0x72, 0x65, 0x74, 0x75, 0x72, 0x6e, 0x20, 0x76, 0x65, 0x63, 0x33,
    0x28, 0x5f, 0x78, 0x2c, 0x20, 0x5f, 0x78, 0x2c, 0x20, 0x5f, 0x78, 0x29,
    0x3b, 0x20, 0x7d, 0x0a, 0x76, 0x65, 0x63, 0x34, 0x20, 0x76, 0x65, 0x63,
    0x34, 0x5f, 0x73, 0x70, 0x6c, 0x61, 0x74, 0x28, 0x66, 0x6c, 0x6f, 0x61,
    0x74, 0x20, 0x5f, 0x78, 0x29, 0x20, 0x7b, 0x20, 0x72, 0x65, 0x74, 0x75,
    0x72, 0x6e, 0x20, 0x76, 0x65, 0x63, 0x34, 0x28, 0x5f, 0x78, 0x2c, 0x20,
    0x5f, 0x78, 0x2c, 0x20, 0x5f, 0x78, 0x2c, 0x20, 0x5f, 0x78, 0x29, 0x3b,
    0x20, 0x7d, 0x0a, 0x75, 0x76, 0x65, 0x63, 0x32, 0x20, 0x75, 0x76, 0x65,
    0x63, 0x32, 0x5f, 0x73, 0x70, 0x6c, 0x61, 0x74, 0x28, 0x75, 0x69, 0x6e,
    0x74, 0x20, 0x5f, 0x78, 0x29, 0x20, 0x7b, 0x20, 0x72, 0x65, 0x74, 0x75,
    0x72, 0x6e, 0x20, 0x75, 0x76, 0x65, 0x63, 0x32, 0x28, 0x5f, 0x78, 0x2c,
    0x20, 0x5f, 0x78, 0x29, 0x3b, 0x20, 0x7d, 0x0a, 0x75, 0x76, 0x65, 0x63,
    0x33, 0x20, 0x75, 0x76, 0x65, 0x63, 0x33, 0x5f, 0x73, 0x70, 0x6c, 0x61,
    0x74, 0x28, 0x75, 0x69, 0x6e, 0x74, 0x20, 0x5f, 0x78, 0x29, 0x20, 0x7b,
    0x20, 0x72, 0x65, 0x74, 0x75, 0x72, 0x6e, 0x20, 0x75, 0x76, 0x65, 0x63,
    0x33, 0x28, 0x5f, 0x78, 0x2c, 0x20, 0x5f, 0x78, 0x2c, 0x20, 0x5f, 0x78,
    0x29, 0x3b, 0x20, 0x7d, 0x0a, 0x75, 0x76, 0x65, 0x63, 0x34, 0x20, 0x75,
    0x76, 0x65, 0x63, 0x34, 0x5f, 0x73, 0x70, 0x6c, 0x61, 0x74, 0x28, 0x75,
    0x69, 0x6e, 0x74, 0x20, 0x5f, 0x78, 0x29, 0x20, 0x7b, 0x20, 0x72, 0x65,
    0x74, 0x75, 0x72, 0x6e, 0x20, 0x75, 0x76, 0x65, 0x63, 0x34, 0x28, 0x5f,
    0x78, 0x2c, 0x20, 0x5f, 0x78, 0x2c, 0x20, 0x5f, 0x78, 0x2c, 0x20, 0x5f,
    0x78, 0x29, 0x3b, 0x20, 0x7d, 0x0a, 0x6d, 0x61, 0x74, 0x34, 0x20, 0x6d,
    0x74, 0x78, 0x46, 0x72, 0x6f, 0x6d, 0x52, 0x6f, 0x77, 0x73, 0x28, 0x76,
    0x65, 0x63, 0x34, 0x20, 0x5f, 0x30, 0x2c, 0x20, 0x76, 0x65, 0x63, 0x34,
    0x20, 0x5f, 0x31, 0x2c, 0x20, 0x76, 0x65, 0x63, 0x34, 0x20, 0x5f, 0x32,
    0x2c, 0x20, 0x76, 0x65, 0x63, 0x34, 0x20, 0x5f, 0x33, 0x29, 0x0a, 0x7b,
    0x0a, 0x72, 0x65, 0x74, 0x75, 0x72, 0x6e, 0x20, 0x74, 0x72, 0x61, 0x6e,
    0x73, 0x70, 0x6f, 0x73, 0x65, 0x28, 0x6d, 0x61, 0x74, 0x34, 0x28, 0x5f,
    0x30, 0x2c, 0x20, 0x5f, 0x31, 0x2c, 0x20, 0x5f, 0x32, 0x2c, 0x20, 0x5f,
    0x33, 0x29, 0x20, 0x29, 0x3b, 0x0a, 0x7d, 0x0a, 0x6d, 0x61, 0x74, 0x34,
    0x20, 0x6d, 0x74, 0x78, 0x46, 0x72, 0x6f, 0x6d, 0x43, 0x6f, 0x6c, 0x73,
    0x28, 0x76, 0x65, 0x63, 0x34, 0x20, 0x5f, 0x30, 0x2c, 0x20, 0x76, 0x65,
    0x63, 0x34, 0x20, 0x5f, 0x31, 0x2c, 0x20, 0x76, 0x65, 0x63, 0x34, 0x20,
    0x5f, 0x32, 0x2c, 0x20, 0x76, 0x65, 0x63, 0x34, 0x20, 0x5f, 0x33, 0x29,
    0x0a, 0x7b, 0x0a, 0x72, 0x65, 0x74, 0x75, 0x72, 0x6e, 0x20, 0x6d, 0x61,
    0x74, 0x34, 0x28, 0x5f, 0x30, 0x2c, 0x20, 0x5f, 0x31, 0x2c, 0x20, 0x5f,
    0x32, 0x2c, 0x20, 0x5f, 0x33, 0x29, 0x3b, 0x0a, 0x7d, 0x0a, 0x6d, 0x61,
    0x74, 0x33, 0x20, 0x6d, 0x74, 0x78, 0x46, 0x72, 0x6f, 0x6d, 0x52, 0x6f,
    0x77, 0x73, 0x28, 0x76, 0x65, 0x63, 0x33, 0x20, 0x5f, 0x30, 0x2c, 0x20,
    0x76, 0x65, 0x63, 0x33, 0x20, 0x5f, 0x31, 0x2c, 0x20, 0x76, 0x65, 0x63,
    0x33, 0x20, 0x5f, 0x32, 0x29, 0x0a, 0x7b, 0x0a, 0x72, 0x65, 0x74, 0x75,
    0x72, 0x6e, 0x20, 0x74, 0x72, 0x61, 0x6e, 0x73, 0x70, 0x6f, 0x73, 0x65,
    0x28, 0x6d, 0x61, 0x74, 0x33, 0x28, 0x5f, 0x30, 0x2c, 0x20, 0x5f, 0x31,
    0x2c, 0x20, 0x5f, 0x32, 0x29, 0x20, 0x29, 0x3b, 0x0a, 0x7d, 0x0a, 0x6d,
    0x61, 0x74, 0x33, 0x20, 0x6d, 0x74, 0x78, 0x46, 0x72, 0x6f, 0x6d, 0x43,
    0x6f, 0x6c, 0x73, 0x28, 0x76, 0x65, 0x63, 0x33, 0x20, 0x5f, 0x30, 0x2c,
    0x20, 0x76, 0x65, 0x63, 0x33, 0x20, 0x5f, 0x31, 0x2c, 0x20, 0x76, 0x65,
    0x63, 0x33, 0x20, 0x5f, 0x32, 0x29, 0x0a, 0x7b, 0x0a, 0x72, 0x65, 0x74,
    0x75, 0x72, 0x6e, 0x20, 0x6d, 0x61, 0x74, 0x33, 0x28, 0x5f, 0x30, 0x2c,
    0x20, 0x5f, 0x31, 0x2c, 0x20, 0x5f, 0x32, 0x29, 0x3b, 0x0a, 0x7d, 0x0a,
    0x6d, 0x61, 0x74, 0x34, 0x78, 0x33, 0x20, 0x6d, 0x74, 0x78, 0x46, 0x72,
    0x6f, 0x6d, 0x52, 0x6f, 0x77, 0x73, 0x28, 0x76, 0x65, 0x63, 0x34, 0x20,
    0x5f, 0x30, 0x2c, 0x20, 0x76, 0x65, 0x63, 0x34, 0x20, 0x5f, 0x31, 0x2c,
    0x20, 0x76, 0x65, 0x63, 0x34, 0x20, 0x5f, 0x32, 0x29, 0x0a, 0x7b, 0x0a,
    0x72, 0x65, 0x74, 0x75, 0x72, 0x6e, 0x20, 0x74, 0x72, 0x61, 0x6e, 0x73,
    0x70, 0x6f, 0x73, 0x65, 0x28, 0x6d, 0x61, 0x74, 0x33, 0x78, 0x34, 0x28,
    0x5f, 0x30, 0x2c, 0x20, 0x5f, 0x31, 0x2c, 0x20, 0x5f, 0x32, 0x29, 0x20,
    0x29, 0x3b, 0x0a, 0x7d, 0x0a, 0x76, 0x65, 0x63, 0x33, 0x20, 0x6d, 0x74,
    0x78, 0x47, 0x65, 0x74, 0x52, 0x6f, 0x77, 0x28, 0x6d, 0x61, 0x74, 0x33,
    0x20, 0x5f, 0x6d, 0x74, 0x78, 0x2c, 0x20, 0x69, 0x6e, 0x74, 0x20, 0x5f,
    0x72, 0x6f, 0x77, 0x29, 0x0a, 0x7b, 0x0a, 0x72, 0x65, 0x74, 0x75, 0x72,
    0x6e, 0x20, 0x76, 0x65, 0x63, 0x33, 0x28, 0x5f, 0x6d, 0x74, 0x78, 0x5b,
    0x30, 0x5d, 0x5b, 0x5f, 0x72, 0x6f, 0x77, 0x5d, 0x2c, 0x20, 0x5f, 0x6d,
    0x74, 0x78, 0x5b, 0x31, 0x5d, 0x5b, 0x5f, 0x72, 0x6f, 0x77, 0x5d, 0x2c,
    0x20, 0x5f, 0x6d, 0x74, 0x78, 0x5b, 0x32, 0x5d, 0x5b, 0x5f, 0x72, 0x6f,
    0x77, 0x5d, 0x29, 0x3b, 0x0a, 0x7d, 0x0a, 0x76, 0x65, 0x63, 0x33, 0x20,
    0x6d, 0x74, 0x78, 0x47, 0x65, 0x74, 0x43, 0x6f, 0x6c, 0x75, 0x6d, 0x6e,
    0x28, 0x6d, 0x61, 0x74, 0x33, 0x20, 0x5f, 0x6d, 0x74, 0x78, 0x2c, 0x20,
    0x69, 0x6e, 0x74, 0x20, 0x5f, 0x63, 0x6f, 0x6c, 0x75, 0x6d, 0x6e, 0x29,
    0x0a, 0x7b, 0x0a, 0x72, 0x65, 0x74, 0x75, 0x72, 0x6e, 0x20, 0x76, 0x65,
    0x63, 0x33, 0x28, 0x5f, 0x6d, 0x74, 0x78, 0x5b, 0x5f, 0x63, 0x6f, 0x6c,
    0x75, 0x6d, 0x6e, 0x5d, 0x29, 0x3b, 0x0a, 0x7d, 0x0a, 0x76, 0x65, 0x63,
    0x34, 0x20, 0x6d, 0x74, 0x78, 0x47, 0x65, 0x74, 0x52, 0x6f, 0x77, 0x28,
    0x6d, 0x61, 0x74, 0x34, 0x78, 0x33, 0x20, 0x5f, 0x6d, 0x74, 0x78, 0x2c,
    0x20, 0x69, 0x6e, 0x74, 0x20, 0x5f, 0x72, 0x6f, 0x77, 0x29, 0x0a, 0x7b,
    0x0a, 0x72, 0x65, 0x74, 0x75, 0x72, 0x6e, 0x20, 0x76, 0x65, 0x63, 0x34,
    0x28, 0x5f, 0x6d, 0x74, 0x78, 0x5b, 0x30, 0x5d, 0x5b, 0x5f, 0x72, 0x6f,
    0x77, 0x5d, 0x2c, 0x20, 0x5f, 0x6d, 0x74, 0x78, 0x5b, 0x31, 0x5d, 0x5b,
    0x5f, 0x72, 0x6f, 0x77, 0x5d, 0x2c, 0x20, 0x5f, 0x6d, 0x74, 0x78, 0x5b,
    0x32, 0x5d, 0x5b, 0x5f, 0x72, 0x6f, 0x77, 0x5d, 0x2c, 0x20, 0x5f, 0x6d,
    0x74, 0x78, 0x5b, 0x33, 0x5d, 0x5b, 0x5f, 0x72, 0x6f, 0x77, 0x5d, 0x29,
    0x3b, 0x0a, 0x7d, 0x0a, 0x76, 0x65, 0x63, 0x33, 0x20, 0x6d, 0x74, 0x78,
    0x47, 0x65, 0x74, 0x43, 0x6f, 0x6c, 0x75, 0x6d, 0x6e, 0x28, 0x6d, 0x61,
    0x74, 0x34, 0x78, 0x33, 0x20, 0x5f, 0x6d, 0x74, 0x78, 0x2c, 0x20, 0x69,
    0x6e, 0x74, 0x20, 0x5f, 0x63, 0x6f, 0x6c, 0x75, 0x6d, 0x6e, 0x29, 0x0a,
    0x7b, 0x0a, 0x72, 0x65, 0x74, 0x75, 0x72, 0x6e, 0x20, 0x76, 0x65, 0x63,
    0x33, 0x28, 0x5f, 0x6d, 0x74, 0x78, 0x5b, 0x5f, 0x63, 0x6f, 0x6c, 0x75,
    0x6d, 0x6e, 0x5d, 0x29, 0x3b, 0x0a, 0x7d, 0x0a, 0x76, 0x65, 0x63, 0x34,
    0x20, 0x6d, 0x74, 0x78, 0x47, 0x65, 0x74, 0x52, 0x6f, 0x77, 0x28, 0x6d,
    0x61, 0x74, 0x34, 0x20, 0x5f, 0x6d, 0x74, 0x78, 0x2c, 0x20, 0x69, 0x6e,
    0x74, 0x20, 0x5f, 0x72, 0x6f, 0x77, 0x29, 0x0a, 0x7b, 0x0a, 0x72, 0x65,
    0x74, 0x75, 0x72, 0x6e, 0x20, 0x76, 0x65, 0x63, 0x34, 0x28, 0x5f, 0x6d,
    0x74, 0x78, 0x5b, 0x30, 0x5d, 0x5b, 0x5f, 0x72, 0x6f, 0x77, 0x5d, 0x2c,
    0x20, 0x5f, 0x6d, 0x74, 0x78, 0x5b, 0x31, 0x5d, 0x5b, 0x5f, 0x72, 0x6f,
    0x77, 0x5d, 0x2c, 0x20, 0x5f, 0x6d, 0x74, 0x78, 0x5b, 0x32, 0x5d, 0x5b,
    0x5f, 0x72, 0x6f, 0x77, 0x5d, 0x2c, 0x20, 0x5f, 0x6d, 0x74, 0x78, 0x5b,
    0x33, 0x5d, 0x5b, 0x5f, 0x72, 0x6f, 0x77, 0x5d, 0x29, 0x3b, 0x0a, 0x7d,
    0x0a, 0x76, 0x65, 0x63, 0x34, 0x20, 0x6d, 0x74, 0x78, 0x47, 0x65, 0x74,
    0x43, 0x6f, 0x6c, 0x75, 0x6d, 0x6e, 0x28, 0x6d, 0x61, 0x74, 0x34, 0x20,
    0x5f, 0x6d, 0x74, 0x78, 0x2c, 0x20, 0x69, 0x6e, 0x74, 0x20, 0x5f, 0x63,
    0x6f, 0x6c, 0x75, 0x6d, 0x6e, 0x29, 0x0a, 0x7b, 0x0a, 0x72, 0x65, 0x74,
    0x75, 0x72, 0x6e, 0x20, 0x76, 0x65, 0x63, 0x34, 0x28, 0x5f, 0x6d, 0x74,
    0x78, 0x5b, 0x5f, 0x63, 0x6f, 0x6c, 0x75, 0x6d, 0x6e, 0x5d, 0x29, 0x3b,
    0x0a, 0x7d, 0x0a, 0x66, 0x6c, 0x6f, 0x61, 0x74, 0x20, 0x6d, 0x74, 0x78,
    0x47, 0x65, 0x74, 0x45, 0x6c, 0x65, 0x6d, 0x65, 0x6e, 0x74, 0x28, 0x6d,
    0x61, 0x74, 0x33, 0x20, 0x5f, 0x6d, 0x74, 0x78, 0x2c, 0x20, 0x69, 0x6e,
    0x74, 0x20, 0x5f, 0x63, 0x6f, 0x6c, 0x75, 0x6d, 0x6e, 0x2c, 0x20, 0x69,
    0x6e, 0x74, 0x20, 0x5f, 0x72, 0x6f, 0x77, 0x29, 0x0a, 0x7b, 0x0a, 0x72,
    0x65, 0x74, 0x75, 0x72, 0x6e, 0x20, 0x5f, 0x6d, 0x74, 0x78, 0x5b, 0x5f,
    0x63, 0x6f, 0x6c, 0x75, 0x6d, 0x6e, 0x5d, 0x5b, 0x5f, 0x72, 0x6f, 0x77,
    0x5d, 0x3b, 0x0a, 0x7d, 0x0a, 0x66, 0x6c, 0x6f, 0x61, 0x74, 0x20, 0x6d,
    0x74, 0x78, 0x47, 0x65, 0x74, 0x45, 0x6c, 0x65, 0x6d, 0x65, 0x6e, 0x74,
    0x28, 0x6d, 0x61, 0x74, 0x34, 0x20, 0x5f, 0x6d, 0x74, 0x78, 0x2c, 0x20,
    0x69, 0x6e, 0x74, 0x20, 0x5f, 0x63, 0x6f, 0x6c, 0x75, 0x6d, 0x6e, 0x2c,
    0x20, 0x69, 0x6e, 0x74, 0x20, 0x5f, 0x72, 0x6f, 0x77, 0x29, 0x0a, 0x7b,
    0x0a, 0x72, 0x65, 0x74, 0x75, 0x72, 0x6e, 0x20, 0x5f, 0x6d, 0x74, 0x78,
    0x5b, 0x5f, 0x63, 0x6f, 0x6c, 0x75, 0x6d, 0x6e, 0x5d, 0x5b, 0x5f, 0x72,
    0x6f, 0x77, 0x5d, 0x3b, 0x0a, 0x7d, 0x0a, 0x66, 0x6c, 0x6f, 0x61, 0x74,
    0x20, 0x73, 0x65, 0x6c, 0x65, 0x63, 0x74, 0x28, 0x62, 0x6f, 0x6f, 0x6c,
    0x20, 0x5f, 0x63, 0x6f, 0x6e, 0x64, 0x2c, 0x20, 0x66, 0x6c, 0x6f, 0x61,
    0x74, 0x20, 0x5f, 0x74, 0x72, 0x75, 0x65, 0x2c, 0x20, 0x66, 0x6c, 0x6f,
    0x61, 0x74, 0x20, 0x5f, 0x66, 0x61, 0x6c, 0x73, 0x65, 0x29, 0x20, 0x7b,
    0x20, 0x72, 0x65, 0x74, 0x75, 0x72, 0x6e, 0x20, 0x5f, 0x63, 0x6f, 0x6e,
    0x64, 0x20, 0x3f, 0x20, 0x5f, 0x74, 0x72, 0x75, 0x65, 0x20, 0x3a, 0x20,
    0x5f, 0x66, 0x61, 0x6c, 0x73, 0x65, 0x3b, 0x20, 0x7d, 0x0a, 0x76, 0x65,
    0x63, 0x32, 0x20, 0x73, 0x65, 0x6c, 0x65, 0x63, 0x74, 0x28, 0x62, 0x6f,
    0x6f, 0x6c, 0x20, 0x5f, 0x63, 0x6f, 0x6e, 0x64, 0x2c, 0x20, 0x76, 0x65,
    0x63, 0x32, 0x20, 0x5f, 0x74, 0x72, 0x75, 0x65, 0x2c, 0x20, 0x76, 0x65,
    0x63, 0x32, 0x20, 0x5f, 0x66, 0x61, 0x6c, 0x73, 0x65, 0x29, 0x20, 0x7b,
    0x20, 0x72, 0x65, 0x74, 0x75, 0x72, 0x6e, 0x20, 0x5f, 0x63, 0x6f, 0x6e,
    0x64, 0x20, 0x3f, 0x20, 0x5f, 0x74, 0x72, 0x75, 0x65, 0x20, 0x3a, 0x20,
    0x5f, 0x66, 0x61, 0x6c, 0x73, 0x65, 0x3b, 0x20, 0x7d, 0x0a, 0x76, 0x65,
    0x63, 0x33, 0x20, 0x73, 0x65, 0x6c, 0x65, 0x63, 0x74, 0x28, 0x62, 0x6f,
    0x6f, 0x6c, 0x20, 0x5f, 0x63, 0x6f, 0x6e, 0x64, 0x2c, 0x20, 0x76, 0x65,
    0x63, 0x33, 0x20, 0x5f, 0x74, 0x72, 0x75, 0x65, 0x2c, 0x20, 0x76, 0x65,
    0x63, 0x33, 0x20, 0x5f, 0x66, 0x61, 0x6c, 0x73, 0x65, 0x29, 0x20, 0x7b,
    0x20, 0x72, 0x65, 0x74, 0x75, 0x72, 0x6e, 0x20, 0x5f, 0x63, 0x6f, 0x6e,
    0x64, 0x20, 0x3f, 0x20, 0x5f, 0x74, 0x72, 0x75, 0x65, 0x20, 0x3a, 0x20,
    0x5f, 0x66, 0x61, 0x6c, 0x73, 0x65, 0x3b, 0x20, 0x7d, 0x0a, 0x76, 0x65,
    0x63, 0x34, 0x20, 0x73, 0x65, 0x6c, 0x65, 0x63, 0x74, 0x28, 0x62, 0x6f,
    0x6f, 0x6c, 0x20, 0x5f, 0x63, 0x6f, 0x6e, 0x64, 0x2c, 0x20, 0x76, 0x65,
    0x63, 0x34, 0x20, 0x5f, 0x74, 0x72, 0x75, 0x65, 0x2c, 0x20, 0x76, 0x65,
    0x63, 0x34, 0x20, 0x5f, 0x66, 0x61, 0x6c, 0x73, 0x65, 0x29, 0x20, 0x7b,
    0x20, 0x72, 0x65, 0x74, 0x75, 0x72, 0x6e, 0x20, 0x5f, 0x63, 0x6f, 0x6e,
    0x64, 0x20, 0x3f, 0x20, 0x5f, 0x74, 0x72, 0x75, 0x65, 0x20, 0x3a, 0x20,
    0x5f, 0x66, 0x61, 0x6c, 0x73, 0x65, 0x3b, 0x20, 0x7d, 0x0a, 0x76, 0x65,
    0x63, 0x32, 0x20, 0x73, 0x65, 0x6c, 0x65, 0x63, 0x74, 0x28, 0x62, 0x76,
    0x65, 0x63, 0x32, 0x20, 0x5f, 0x63, 0x6f, 0x6e, 0x64, 0x2c, 0x20, 0x76,
    0x65, 0x63, 0x32, 0x20, 0x5f, 0x74, 0x72, 0x75, 0x65, 0x2c, 0x20, 0x76,
    0x65, 0x63, 0x32, 0x20, 0x5f, 0x66, 0x61, 0x6c, 0x73, 0x65, 0x29, 0x20,
    0x7b, 0x20, 0x72, 0x65, 0x74, 0x75, 0x72, 0x6e, 0x20, 0x28, 0x76, 0x65,
    0x63, 0x32, 0x28, 0x5f, 0x63, 0x6f, 0x6e, 0x64, 0x29, 0x20, 0x2a, 0x20,
    0x5f, 0x74, 0x72, 0x75, 0x65, 0x29, 0x20, 0x2b, 0x20, 0x28, 0x76, 0x65,
    0x63, 0x32, 0x28, 0x6e, 0x6f, 0x74, 0x28, 0x5f, 0x63, 0x6f, 0x6e, 0x64,
    0x29, 0x20, 0x29, 0x20, 0x2a, 0x20, 0x5f, 0x66, 0x61, 0x6c, 0x73, 0x65,
    0x29, 0x3b, 0x20, 0x7d, 0x0a, 0x76, 0x65, 0x63, 0x33, 0x20, 0x73, 0x65,
    0x6c, 0x65, 0x63, 0x74, 0x28, 0x62, 0x76, 0x65, 0x63, 0x33, 0x20, 0x5f,
    0x63, 0x6f, 0x6e, 0x64, 0x2c, 0x20, 0x76, 0x65, 0x63, 0x33, 0x20, 0x5f,
    0x74, 0x72, 0x75, 0x65, 0x2c, 0x20, 0x76, 0x65, 0x63, 0x33, 0x20, 0x5f,
    0x66, 0x61, 0x6c, 0x73, 0x65, 0x29, 0x20, 0x7b, 0x20, 0x72, 0x65, 0x74,
    0x75, 0x72, 0x6e, 0x20, 0x28, 0x76, 0x65, 0x63, 0x33, 0x28, 0x5f, 0x63,
    0x6f, 0x6e, 0x64, 0x29, 0x20, 0x2a, 0x20, 0x5f, 0x74, 0x72, 0x75, 0x65,
    0x29, 0x20, 0x2b, 0x20, 0x28, 0x76, 0x65, 0x63, 0x33, 0x28, 0x6e, 0x6f,
    0x74, 0x28, 0x5f, 0x63, 0x6f, 0x6e, 0x64, 0x29, 0x20, 0x29, 0x20, 0x2a,
    0x20, 0x5f, 0x66, 0x61, 0x6c, 0x73, 0x65, 0x29, 0x3b, 0x20, 0x7d, 0x0a,
    0x76, 0x65, 0x63, 0x34, 0x20, 0x73, 0x65, 0x6c, 0x65, 0x63, 0x74, 0x28,
    0x62, 0x76, 0x65, 0x63, 0x34, 0x20, 0x5f, 0x63, 0x6f, 0x6e, 0x64, 0x2c,
    0x20, 0x76, 0x65, 0x63, 0x34, 0x20, 0x5f, 0x74, 0x72, 0x75, 0x65, 0x2c,
    0x20, 0x76, 0x65, 0x63, 0x34, 0x20, 0x5f, 0x66, 0x61, 0x6c, 0x73, 0x65,
    0x29, 0x20, 0x7b, 0x20, 0x72, 0x65, 0x74, 0x75, 0x72, 0x6e, 0x20, 0x28,
    0x76, 0x65, 0x63, 0x34, 0x28, 0x5f, 0x63, 0x6f, 0x6e, 0x64, 0x29, 0x20,
    0x2a, 0x20, 0x5f, 0x74, 0x72, 0x75, 0x65, 0x29, 0x20, 0x2b, 0x20, 0x28,
    0x76, 0x65, 0x63, 0x34, 0x28, 0x6e, 0x6f, 0x74, 0x28, 0x5f, 0x63, 0x6f,
    0x6e, 0x64, 0x29, 0x20, 0x29, 0x20, 0x2a, 0x20, 0x5f, 0x66, 0x61, 0x6c,
    0x73, 0x65, 0x29, 0x3b, 0x20, 0x7d, 0x0a, 0x69, 0x6e, 0x74, 0x20, 0x73,
    0x65, 0x6c, 0x65, 0x63, 0x74, 0x28, 0x62, 0x6f, 0x6f, 0x6c, 0x20, 0x5f,
    0x63, 0x6f, 0x6e, 0x64, 0x2c, 0x20, 0x69, 0x6e, 0x74, 0x20, 0x5f, 0x74,
    0x72, 0x75, 0x65, 0x2c, 0x20, 0x69, 0x6e, 0x74, 0x20, 0x5f, 0x66, 0x61,
    0x6c, 0x73, 0x65, 0x29, 0x20, 0x7b, 0x20, 0x72, 0x65, 0x74, 0x75, 0x72,
    0x6e, 0x20, 0x5f, 0x63, 0x6f, 0x6e, 0x64, 0x20, 0x3f, 0x20, 0x5f, 0x74,
    0x72, 0x75, 0x65, 0x20, 0x3a, 0x20, 0x5f, 0x66, 0x61, 0x6c, 0x73, 0x65,
    0x3b, 0x20, 0x7d, 0x0a, 0x69, 0x76, 0x65, 0x63, 0x32, 0x20, 0x73, 0x65,
    0x6c, 0x65, 0x63, 0x74, 0x28, 0x62, 0x6f, 0x6f, 0x6c, 0x20, 0x5f, 0x63,
    0x6f, 0x6e, 0x64, 0x2c, 0x20, 0x69, 0x76, 0x65, 0x63, 0x32, 0x20, 0x5f,
    0x74, 0x72, 0x75, 0x65, 0x2c, 0x20, 0x69, 0x76, 0x65, 0x63, 0x32, 0x20,
    0x5f, 0x66, 0x61, 0x6c, 0x73, 0x65, 0x29, 0x20, 0x7b, 0x20, 0x72, 0x65,
    0x74, 0x75, 0x72, 0x6e, 0x20, 0x5f, 0x63, 0x6f, 0x6e, 0x64, 0x20, 0x3f,
    0x20, 0x5f, 0x74, 0x72, 0x75, 0x65, 0x20, 0x3a, 0x20, 0x5f, 0x66, 0x61,
    0x6c, 0x73, 0x65, 0x3b, 0x20, 0x7d, 0x0a, 0x69, 0x76, 0x65, 0x63, 0x33,
    0x20, 0x73, 0x65, 0x6c, 0x65, 0x63, 0x74, 0x28, 0x62, 0x6f, 0x6f, 0x6c,
    0x20, 0x5f, 0x63, 0x6f, 0x6e, 0x64, 0x2c, 0x20, 0x69, 0x76, 0x65, 0x63,
    0x33, 0x20, 0x5f, 0x74, 0x72, 0x75, 0x65, 0x2c, 0x20, 0x69, 0x76, 0x65,
    0x63, 0x33, 0x20, 0x5f, 0x66, 0x61, 0x6c, 0x73, 0x65, 0x29, 0x20, 0x7b,
    0x20, 0x72, 0x65, 0x74, 0x75, 0x72, 0x6e, 0x20, 0x5f, 0x63, 0x6f, 0x6e,
    0x64, 0x20, 0x3f, 0x20, 0x5f, 0x74, 0x72, 0x75, 0x65, 0x20, 0x3a, 0x20,
    0x5f, 0x66, 0x61, 0x6c, 0x73, 0x65, 0x3b, 0x20, 0x7d, 0x0a, 0x69, 0x76,
    0x65, 0x63, 0x34, 0x20, 0x73, 0x65, 0x6c, 0x65, 0x63, 0x74, 0x28, 0x62,
    0x6f, 0x6f, 0x6c, 0x20, 0x5f, 0x63, 0x6f, 0x6e, 0x64, 0x2c, 0x20, 0x69,
    0x76, 0x65, 0x63, 0x34, 0x20, 0x5f, 0x74, 0x72, 0x75, 0x65, 0x2c, 0x20,
    0x69, 0x76, 0x65, 0x63, 0x34, 0x20, 0x5f, 0x66, 0x61, 0x6c, 0x73, 0x65,
    0x29, 0x20, 0x7b, 0x20, 0x72, 0x65, 0x74, 0x75, 0x72, 0x6e, 0x20, 0x5f,
    0x63, 0x6f, 0x6e, 0x64, 0x20, 0x3f, 0x20, 0x5f, 0x74, 0x72, 0x75, 0x65,
    0x20, 0x3a, 0x20, 0x5f, 0x66, 0x61, 0x6c, 0x73, 0x65, 0x3b, 0x20, 0x7d,
    0x0a, 0x69, 0x76, 0x65, 0x63, 0x32, 0x20, 0x73, 0x65, 0x6c, 0x65, 0x63,
    0x74, 0x28, 0x62, 0x76, 0x65, 0x63, 0x32, 0x20, 0x5f, 0x63, 0x6f, 0x6e,
    0x64, 0x2c, 0x20, 0x69, 0x76, 0x65, 0x63, 0x32, 0x20, 0x5f, 0x74, 0x72,
    0x75, 0x65, 0x2c, 0x20, 0x69, 0x76, 0x65, 0x63, 0x32, 0x20, 0x5f, 0x66,
    0x61, 0x6c, 0x73, 0x65, 0x29, 0x20, 0x7b, 0x20, 0x72, 0x65, 0x74, 0x75,
    0x72, 0x6e, 0x20, 0x28, 0x69, 0x76, 0x65, 0x63, 0x32, 0x28, 0x5f, 0x63,
    0x6f, 0x6e, 0x64, 0x29, 0x20, 0x2a, 0x20, 0x5f, 0x74, 0x72, 0x75, 0x65,
    0x29, 0x20, 0x2b, 0x20, 0x28, 0x69, 0x76, 0x65, 0x63, 0x32, 0x28, 0x6e,
    0x6f, 0x74, 0x28, 0x5f, 0x63, 0x6f, 0x6e, 0x64, 0x29, 0x20, 0x29, 0x20,
    0x2a, 0x20, 0x5f, 0x66, 0x61, 0x6c, 0x73, 0x65, 0x29, 0x3b, 0x20, 0x7d,
    0x0a, 0x69, 0x76, 0x65, 0x63, 0x33, 0x20, 0x73, 0x65, 0x6c, 0x65, 0x63,
    0x74, 0x28, 0x62, 0x76, 0x65, 0x63, 0x33, 0x20, 0x5f, 0x63, 0x6f, 0x6e,
    0x64, 0x2c, 0x20, 0x69, 0x76, 0x65, 0x63, 0x33, 0x20, 0x5f, 0x74, 0x72,
    0x75, 0x65, 0x2c, 0x20, 0x69, 0x76, 0x65, 0x63, 0x33, 0x20, 0x5f, 0x66,
    0x61, 0x6c, 0x73, 0x65, 0x29, 0x20, 0x7b, 0x20, 0x72, 0x65, 0x74, 0x75,
    0x72, 0x6e, 0x20, 0x28, 0x69, 0x76, 0x65, 0x63, 0x33, 0x28, 0x5f, 0x63,
    0x6f, 0x6e, 0x64, 0x29, 0x20, 0x2a, 0x20, 0x5f, 0x74, 0x72, 0x75, 0x65,
    0x29, 0x20, 0x2b, 0x20, 0x28, 0x69, 0x76, 0x65, 0x63, 0x33, 0x28, 0x6e,
    0x6f, 0x74, 0x28, 0x5f, 0x63, 0x6f, 0x6e, 0x64, 0x29, 0x20, 0x29, 0x20,
    0x2a, 0x20, 0x5f, 0x66, 0x61, 0x6c, 0x73, 0x65, 0x29, 0x3b, 0x20, 0x7d,
    0x0a, 0x69, 0x76, 0x65, 0x63, 0x34, 0x20, 0x73, 0x65, 0x6c, 0x65, 0x63,
    0x74, 0x28, 0x62, 0x76, 0x65, 0x63, 0x34, 0x20, 0x5f, 0x63, 0x6f, 0x6e,
    0x64, 0x2c, 0x20, 0x69, 0x76, 0x65, 0x63, 0x34, 0x20, 0x5f, 0x74, 0x72,
    0x75, 0x65, 0x2c, 0x20, 0x69, 0x76, 0x65, 0x63, 0x34, 0x20, 0x5f, 0x66,
    0x61, 0x6c, 0x73, 0x65, 0x29, 0x20, 0x7b, 0x20, 0x72, 0x65, 0x74, 0x75,
    0x72, 0x6e, 0x20, 0x28, 0x69, 0x76, 0x65, 0x63, 0x34, 0x28, 0x5f, 0x63,
    0x6f, 0x6e, 0x64, 0x29, 0x20, 0x2a, 0x20, 0x5f, 0x74, 0x72, 0x75, 0x65,
    0x29, 0x20, 0x2b, 0x20, 0x28, 0x69, 0x76, 0x65, 0x63, 0x34, 0x28, 0x6e,
    0x6f, 0x74, 0x28, 0x5f, 0x63, 0x6f, 0x6e, 0x64, 0x29, 0x20, 0x29, 0x20,
    0x2a, 0x20, 0x5f, 0x66, 0x61, 0x6c, 0x73, 0x65, 0x29, 0x3b, 0x20, 0x7d,
    0x0a, 0x75, 0x69, 0x6e, 0x74, 0x20, 0x73, 0x65, 0x6c, 0x65, 0x63, 0x74,
    0x28, 0x62, 0x6f, 0x6f, 0x6c, 0x20, 0x5f, 0x63, 0x6f, 0x6e, 0x64, 0x2c,
    0x20, 0x75, 0x69, 0x6e, 0x74, 0x20, 0x5f, 0x74, 0x72, 0x75, 0x65, 0x2c,
    0x20, 0x75, 0x69, 0x6e, 0x74, 0x20, 0x5f, 0x66, 0x61, 0x6c, 0x73, 0x65,
    0x29, 0x20, 0x7b, 0x20, 0x72, 0x65, 0x74, 0x75, 0x72, 0x6e, 0x20, 0x5f,
    0x63, 0x6f, 0x6e, 0x64, 0x20, 0x3f, 0x20, 0x5f, 0x74, 0x72, 0x75, 0x65,
    0x20, 0x3a, 0x20, 0x5f, 0x66, 0x61, 0x6c, 0x73, 0x65, 0x3b, 0x20, 0x7d,
    0x0a, 0x75, 0x76, 0x65, 0x63, 0x32, 0x20, 0x73, 0x65, 0x6c, 0x65, 0x63,
    0x74, 0x28, 0x62, 0x6f, 0x6f, 0x6c, 0x20, 0x5f, 0x63, 0x6f, 0x6e, 0x64,
    0x2c, 0x20, 0x75, 0x76, 0x65, 0x63, 0x32, 0x20, 0x5f, 0x74, 0x72, 0x75,
    0x65, 0x2c, 0x20, 0x75, 0x76, 0x65, 0x63, 0x32, 0x20, 0x5f, 0x66, 0x61,
    0x6c, 0x73, 0x65, 0x29, 0x20, 0x7b, 0x20, 0x72, 0x65, 0x74, 0x75, 0x72,
    0x6e, 0x20, 0x5f, 0x63, 0x6f, 0x6e, 0x64, 0x20, 0x3f, 0x20, 0x5f, 0x74,
    0x72, 0x75, 0x65, 0x20, 0x3a, 0x20, 0x5f, 0x66, 0x61, 0x6c, 0x73, 0x65,
    0x3b, 0x20, 0x7d, 0x0a, 0x75, 0x76, 0x65, 0x63, 0x33, 0x20, 0x73, 0x65,
    0x6c, 0x65, 0x63, 0x74, 0x28, 0x62, 0x6f, 0x6f, 0x6c, 0x20, 0x5f, 0x63,
    0x6f, 0x6e, 0x64, 0x2c, 0x20, 0x75, 0x76, 0x65, 0x63, 0x33, 0x20, 0x5f,
    0x74, 0x72, 0x75, 0x65, 0x2c, 0x20, 0x75, 0x76, 0x65, 0x63, 0x33, 0x20,
    0x5f, 0x66, 0x61, 0x6c, 0x73, 0x65, 0x29, 0x20, 0x7b, 0x20, 0x72, 0x65,
    0x74, 0x75, 0x72, 0x6e, 0x20, 0x5f, 0x63, 0x6f, 0x6e, 0x64, 0x20, 0x3f,
    0x20, 0x5f, 0x74, 0x72, 0x75, 0x65, 0x20, 0x3a, 0x20, 0x5f, 0x66, 0x61,
    0x6c, 0x73, 0x65, 0x3b, 0x20, 0x7d, 0x0a, 0x75, 0x76, 0x65, 0x63, 0x34,
    0x20, 0x73, 0x65, 0x6c, 0x65, 0x63, 0x74, 0x28, 0x62, 0x6f, 0x6f, 0x6c,
    0x20, 0x5f, 0x63, 0x6f, 0x6e, 0x64, 0x2c, 0x20, 0x75, 0x76, 0x65, 0x63,
    0x34, 0x20, 0x5f, 0x74, 0x72, 0x75, 0x65, 0x2c, 0x20, 0x75, 0x76, 0x65,
    0x63, 0x34, 0x20, 0x5f, 0x66, 0x61, 0x6c, 0x73, 0x65, 0x29, 0x20, 0x7b,
    0x20, 0x72, 0x65, 0x74, 0x75, 0x72, 0x6e, 0x20, 0x5f, 0x63, 0x6f, 0x6e,
    0x64, 0x20, 0x3f, 0x20, 0x5f, 0x74, 0x72, 0x75, 0x65, 0x20, 0x3a, 0x20,
    0x5f, 0x66, 0x61, 0x6c, 0x73, 0x65, 0x3b, 0x20, 0x7d, 0x0a, 0x75, 0x76,
    0x65, 0x63, 0x32, 0x20, 0x73, 0x65, 0x6c, 0x65, 0x63, 0x74, 0x28, 0x62,
    0x76, 0x65, 0x63, 0x32, 0x20, 0x5f, 0x63, 0x6f, 0x6e, 0x64, 0x2c, 0x20,
    0x75, 0x76, 0x65, 0x63, 0x32, 0x20, 0x5f, 0x74, 0x72, 0x75, 0x65, 0x2c,
    0x20, 0x75, 0x76, 0x65, 0x63, 0x32, 0x20, 0x5f, 0x66, 0x61, 0x6c, 0x73,
    0x65, 0x29, 0x20, 0x7b, 0x20, 0x72, 0x65, 0x74, 0x75, 0x72, 0x6e, 0x20,
    0x28, 0x75, 0x76, 0x65, 0x63, 0x32, 0x28, 0x5f, 0x63, 0x6f, 0x6e, 0x64,
    0x29, 0x20, 0x2a, 0x20, 0x5f, 0x74, 0x72, 0x75, 0x65, 0x29, 0x20, 0x2b,
    0x20, 0x28, 0x75, 0x76, 0x65, 0x63, 0x32, 0x28, 0x6e, 0x6f, 0x74, 0x28,
    0x5f, 0x63, 0x6f, 0x6e, 0x64, 0x29, 0x20, 0x29, 0x20, 0x2a, 0x20, 0x5f,
    0x66, 0x61, 0x6c, 0x73, 0x65, 0x29, 0x3b, 0x20, 0x7d, 0x0a, 0x75, 0x76,
    0x65, 0x63, 0x33, 0x20, 0x73, 0x65, 0x6c, 0x65, 0x63, 0x74, 0x28, 0x62,
    0x76, 0x65, 0x63, 0x33, 0x20, 0x5f, 0x63, 0x6f, 0x6e, 0x64, 0x2c, 0x20,
    0x75, 0x76, 0x65, 0x63, 0x33, 0x20, 0x5f, 0x74, 0x72, 0x75, 0x65, 0x2c,
    0x20, 0x75, 0x76, 0x65, 0x63, 0x33, 0x20, 0x5f, 0x66, 0x61, 0x6c, 0x73,
    0x65, 0x29, 0x20, 0x7b, 0x20, 0x72, 0x65, 0x74, 0x75, 0x72, 0x6e, 0x20,
    0x28, 0x75, 0x76, 0x65, 0x63, 0x33, 0x28, 0x5f, 0x63, 0x6f, 0x6e, 0x64,
    0x29, 0x20, 0x2a, 0x20, 0x5f, 0x74, 0x72, 0x75, 0x65, 0x29, 0x20, 0x2b,
    0x20, 0x28, 0x75, 0x76, 0x65, 0x63, 0x33, 0x28, 0x6e, 0x6f, 0x74, 0x28,
    0x5f, 0x63, 0x6f, 0x6e, 0x64, 0x29, 0x20, 0x29, 0x20, 0x2a, 0x20, 0x5f,
    0x66, 0x61, 0x6c, 0x73, 0x65, 0x29, 0x3b, 0x20, 0x7d, 0x0a, 0x75, 0x76,
    0x65, 0x63, 0x34, 0x20, 0x73, 0x65, 0x6c, 0x65, 0x63, 0x74, 0x28, 0x62,
    0x76, 0x65, 0x63, 0x34, 0x20, 0x5f, 0x63, 0x6f, 0x6e, 0x64, 0x2c, 0x20,
    0x75, 0x76, 0x65, 0x63, 0x34, 0x20, 0x5f, 0x74, 0x72, 0x75, 0x65, 0x2c,
    0x20, 0x75, 0x76, 0x65, 0x63, 0x34, 0x20, 0x5f, 0x66, 0x61, 0x6c, 0x73,
    0x65, 0x29, 0x20, 0x7b, 0x20, 0x72, 0x65, 0x74, 0x75, 0x72, 0x6e, 0x20,
    0x28, 0x75, 0x76, 0x65, 0x63, 0x34, 0x28, 0x5f, 0x63, 0x6f, 0x6e, 0x64,
    0x29, 0x20, 0x2a, 0x20, 0x5f, 0x74, 0x72, 0x75, 0x65, 0x29, 0x20, 0x2b,
    0x20, 0x28, 0x75, 0x76, 0x65, 0x63, 0x34, 0x28, 0x6e, 0x6f, 0x74, 0x28,
    0x5f, 0x63, 0x6f, 0x6e, 0x64, 0x29, 0x20, 0x29, 0x20, 0x2a, 0x20, 0x5f,
    0x66, 0x61, 0x6c, 0x73, 0x65, 0x29, 0x3b, 0x20, 0x7d, 0x0a, 0x75, 0x6e,
    0x69, 0x66, 0x6f, 0x72, 0x6d, 0x20, 0x76, 0x65, 0x63, 0x34, 0x20, 0x75,
    0x5f, 0x76, 0x69, 0x65, 0x77, 0x52, 0x65, 0x63, 0x74, 0x3b, 0x0a, 0x75,
    0x6e, 0x69, 0x66, 0x6f, 0x72, 0x6d, 0x20, 0x76, 0x65, 0x63, 0x34, 0x20,
    0x75, 0x5f, 0x76, 0x69, 0x65, 0x77, 0x54, 0x65, 0x78, 0x65, 0x6c, 0x3b,
    0x0a, 0x75, 0x6e, 0x69, 0x66, 0x6f, 0x72, 0x6d, 0x20, 0x6d, 0x61, 0x74,
    0x34, 0x20, 0x75, 0x5f, 0x76, 0x69, 0x65, 0x77, 0x3b, 0x0a, 0x75, 0x6e,
    0x69, 0x66, 0x6f, 0x72, 0x6d, 0x20, 0x6d, 0x61, 0x74, 0x34, 0x20, 0x75,
    0x5f, 0x69, 0x6e, 0x76, 0x56, 0x69, 0x65, 0x77, 0x3b, 0x0a, 0x75, 0x6e,
    0x69, 0x66, 0x6f, 0x72, 0x6d, 0x20, 0x6d, 0x61, 0x74, 0x34, 0x20, 0x75,
    0x5f, 0x70, 0x72, 0x6f, 0x6a, 0x3b, 0x0a, 0x75, 0x6e, 0x69, 0x66, 0x6f,
    0x72, 0x6d, 0x20, 0x6d, 0x61, 0x74, 0x34, 0x20, 0x75, 0x5f, 0x69, 0x6e,
    0x76, 0x50, 0x72, 0x6f, 0x6a, 0x3b, 0x0a, 0x75, 0x6e, 0x69, 0x66, 0x6f,
    0x72, 0x6d, 0x20, 0x6d, 0x61, 0x74, 0x34, 0x20, 0x75, 0x5f, 0x76, 0x69,
    0x65, 0x77, 0x50, 0x72, 0x6f, 0x6a, 0x3b, 0x0a, 0x75, 0x6e, 0x69, 0x66,
    0x6f, 0x72, 0x6d, 0x20, 0x6d, 0x61, 0x74, 0x34, 0x20, 0x75, 0x5f, 0x69,
    0x6e, 0x76, 0x56, 0x69, 0x65, 0x77, 0x50, 0x72, 0x6f, 0x6a, 0x3b, 0x0a,
    0x75, 0x6e, 0x69, 0x66, 0x6f, 0x72, 0x6d, 0x20, 0x6d, 0x61, 0x74, 0x34,
    0x20, 0x75, 0x5f, 0x6d, 0x6f, 0x64, 0x65, 0x6c, 0x56, 0x69, 0x65, 0x77,
    0x3b, 0x0a, 0x75, 0x6e, 0x69, 0x66, 0x6f, 0x72, 0x6d, 0x20, 0x6d, 0x61,
    0x74, 0x34, 0x20, 0x75, 0x5f, 0x69, 0x6e, 0x76, 0x4d, 0x6f, 0x64, 0x65,
    0x6c, 0x56, 0x69, 0x65, 0x77, 0x3b, 0x0a, 0x75, 0x6e, 0x69, 0x66, 0x6f,
    0x72, 0x6d, 0x20, 0x6d, 0x61, 0x74, 0x34, 0x20, 0x75, 0x5f, 0x6d, 0x6f,
    0x64, 0x65, 0x6c, 0x56, 0x69, 0x65, 0x77, 0x50, 0x72, 0x6f, 0x6a, 0x3b,
    0x0a, 0x75, 0x6e, 0x69, 0x66, 0x6f, 0x72, 0x6d, 0x20, 0x76, 0x65, 0x63,
    0x34, 0x20, 0x75, 0x5f, 0x61, 0x6c, 0x70, 0x68, 0x61, 0x52, 0x65, 0x66,
    0x34, 0x3b, 0x0a, 0x75, 0x6e, 0x69, 0x66, 0x6f, 0x72, 0x6d, 0x20, 0x6d,
    0x61, 0x74, 0x34, 0x20, 0x75, 0x5f, 0x6d, 0x6f, 0x64, 0x65, 0x6c, 0x5b,
    0x31, 0x5d, 0x3b, 0x0a, 0x75, 0x6e, 0x69, 0x66, 0x6f, 0x72, 0x6d, 0x20,
    0x73, 0x61, 0x6d, 0x70, 0x6c, 0x65, 0x72, 0x32, 0x44, 0x20, 0x73, 0x5f,
    0x74, 0x65, 0x78, 0x74, 0x75, 0x72, 0x65, 0x3b, 0x0a, 0x75, 0x6e, 0x69,
    0x66, 0x6f, 0x72, 0x6d, 0x20, 0x76, 0x65, 0x63, 0x34, 0x20, 0x53, 0x74,
    0x72, 0x65, 0x74, 0x63, 0x68, 0x50, 0x61, 0x72, 0x61, 0x6d, 0x73, 0x3b,
    0x0a, 0x6f, 0x75, 0x74, 0x20, 0x76, 0x65, 0x63, 0x34, 0x20, 0x62, 0x67,
    0x66, 0x78, 0x5f, 0x46, 0x72, 0x61, 0x67, 0x43, 0x6f, 0x6c, 0x6f, 0x72,
    0x3b, 0x0a, 0x76, 0x6f, 0x69, 0x64, 0x20, 0x6d, 0x61, 0x69, 0x6e, 0x28,
    0x29, 0x0a, 0x7b, 0x0a, 0x76, 0x65, 0x63, 0x32, 0x20, 0x75, 0x76, 0x20,
    0x3d, 0x20, 0x53, 0x74, 0x72, 0x65, 0x74, 0x63, 0x68, 0x50, 0x61, 0x72,
    0x61, 0x6d, 0x73, 0x2e, 0x78, 0x79, 0x20, 0x2b, 0x20, 0x76, 0x5f, 0x74,
    0x65, 0x78, 0x63, 0x6f, 0x6f, 0x72, 0x64, 0x30, 0x20, 0x2a, 0x20, 0x53,
    0x74, 0x72, 0x65, 0x74, 0x63, 0x68, 0x50, 0x61, 0x72, 0x61, 0x6d, 0x73,
    0x2e, 0x7a, 0x77, 0x3b, 0x0a, 0x62, 0x67, 0x66, 0x78, 0x5f, 0x46, 0x72,
    0x61, 0x67, 0x43, 0x6f, 0x6c, 0x6f, 0x72, 0x20, 0x3d, 0x20, 0x74, 0x65,
    0x78, 0x74, 0x75, 0x72, 0x65, 0x28, 0x73, 0x5f, 0x74, 0x65, 0x78, 0x74,
    0x75, 0x72, 0x65, 0x2c, 0x20, 0x75, 0x76, 0x29, 0x3b, 0x0a, 0x7d, 0x0a,
    0x00,
};
const size_t kEmbeddedGL_stretch_blt_fs_size = sizeof(kEmbeddedGL_stretch_blt_fs);

const uint8_t kEmbeddedGL_affine_blt_fs[] = {
    0x46, 0x53, 0x48, 0x0b, 0x6f, 0x1e, 0x3e, 0x3c, 0x00, 0x00, 0x00, 0x00,
    0x00, 0x00, 0xbe, 0x12, 0x00, 0x00, 0x23, 0x76, 0x65, 0x72, 0x73, 0x69,
    0x6f, 0x6e, 0x20, 0x34, 0x33, 0x30, 0x0a, 0x23, 0x64, 0x65, 0x66, 0x69,
    0x6e, 0x65, 0x20, 0x74, 0x65, 0x78, 0x74, 0x75, 0x72, 0x65, 0x32, 0x44,
    0x20, 0x20, 0x20, 0x20, 0x20, 0x20, 0x20, 0x20, 0x20, 0x20, 0x74, 0x65,
    0x78, 0x74, 0x75, 0x72, 0x65, 0x0a, 0x23, 0x64, 0x65, 0x66, 0x69, 0x6e,
    0x65, 0x20, 0x74, 0x65, 0x78, 0x74, 0x75, 0x72, 0x65, 0x32, 0x44, 0x4c,
    0x6f, 0x64, 0x20, 0x20, 0x20, 0x20, 0x20, 0x20, 0x20, 0x74, 0x65, 0x78,
    0x74, 0x75, 0x72, 0x65, 0x4c, 0x6f, 0x64, 0x0a, 0x23, 0x64, 0x65, 0x66,
    0x69, 0x6e, 0x65, 0x20, 0x74, 0x65, 0x78, 0x74, 0x75, 0x72, 0x65, 0x32,
    0x44, 0x47, 0x72, 0x61, 0x64, 0x20, 0x20, 0x20, 0x20, 0x20, 0x20, 0x74,
    0x65, 0x78, 0x74, 0x75, 0x72, 0x65, 0x47, 0x72, 0x61, 0x64, 0x0a, 0x23,
    0x64, 0x65, 0x66, 0x69, 0x6e, 0x65, 0x20, 0x74, 0x65, 0x78, 0x74, 0x75,
    0x72, 0x65, 0x32, 0x44, 0x50, 0x72, 0x6f, 0x6a, 0x4c, 0x6f, 0x64, 0x20,
    0x20, 0x20, 0x74, 0x65, 0x78, 0x74, 0x75, 0x72, 0x65, 0x50, 0x72, 0x6f,
    0x6a, 0x4c, 0x6f, 0x64, 0x0a, 0x23, 0x64, 0x65, 0x66, 0x69, 0x6e, 0x65,
    0x20, 0x74, 0x65, 0x78, 0x74, 0x75, 0x72, 0x65, 0x32, 0x44, 0x50, 0x72,
    0x6f, 0x6a, 0x47, 0x72, 0x61, 0x64, 0x20, 0x20, 0x74, 0x65, 0x78, 0x74,
    0x75, 0x72, 0x65, 0x50, 0x72, 0x6f, 0x6a, 0x47, 0x72, 0x61, 0x64, 0x0a,
    0x23, 0x64, 0x65, 0x66, 0x69, 0x6e, 0x65, 0x20, 0x74, 0x65, 0x78, 0x74,
    0x75, 0x72, 0x65, 0x43, 0x75, 0x62, 0x65, 0x4c, 0x6f, 0x64, 0x20, 0x20,
    0x20, 0x20, 0x20, 0x74, 0x65, 0x78, 0x74, 0x75, 0x72, 0x65, 0x4c, 0x6f,
    0x64, 0x0a, 0x23, 0x64, 0x65, 0x66, 0x69, 0x6e, 0x65, 0x20, 0x74, 0x65,
    0x78, 0x74, 0x75, 0x72, 0x65, 0x43, 0x75, 0x62, 0x65, 0x47, 0x72, 0x61,
    0x64, 0x20, 0x20, 0x20, 0x20, 0x74, 0x65, 0x78, 0x74, 0x75, 0x72, 0x65,
    0x47, 0x72, 0x61, 0x64, 0x0a, 0x23, 0x64, 0x65, 0x66, 0x69, 0x6e, 0x65,
    0x20, 0x74, 0x65, 0x78, 0x74, 0x75, 0x72, 0x65, 0x33, 0x44, 0x20, 0x20,
    0x20, 0x20, 0x20, 0x20, 0x20, 0x20, 0x20, 0x20, 0x74, 0x65, 0x78, 0x74,
    0x75, 0x72, 0x65, 0x0a, 0x23, 0x64, 0x65, 0x66, 0x69, 0x6e, 0x65, 0x20,
    0x74, 0x65, 0x78, 0x74, 0x75, 0x72, 0x65, 0x32, 0x44, 0x4c, 0x6f, 0x64,
    0x4f, 0x66, 0x66, 0x73, 0x65, 0x74, 0x20, 0x74, 0x65, 0x78, 0x74, 0x75,
    0x72, 0x65, 0x4c, 0x6f, 0x64, 0x4f, 0x66, 0x66, 0x73, 0x65, 0x74, 0x0a,
    0x23, 0x64, 0x65, 0x66, 0x69, 0x6e, 0x65, 0x20, 0x61, 0x74, 0x74, 0x72,
    0x69, 0x62, 0x75, 0x74, 0x65, 0x20, 0x69, 0x6e, 0x0a, 0x23, 0x64, 0x65,
    0x66, 0x69, 0x6e, 0x65, 0x20, 0x76, 0x61, 0x72, 0x79, 0x69, 0x6e, 0x67,
    0x20, 0x69, 0x6e, 0x0a, 0x23, 0x64, 0x65, 0x66, 0x69, 0x6e, 0x65, 0x20,
    0x62, 0x67, 0x66, 0x78, 0x53, 0x68, 0x61, 0x64, 0x6f, 0x77, 0x32, 0x44,
    0x28, 0x5f, 0x73, 0x61, 0x6d, 0x70, 0x6c, 0x65, 0x72, 0x2c, 0x20, 0x5f,
    0x63, 0x6f, 0x6f, 0x72, 0x64, 0x29, 0x20, 0x20, 0x20, 0x20, 0x20, 0x76,
    0x65, 0x63, 0x34, 0x5f, 0x73, 0x70, 0x6c, 0x61, 0x74, 0x28, 0x74, 0x65,
    0x78, 0x74, 0x75, 0x72, 0x65, 0x28, 0x5f, 0x73, 0x61, 0x6d, 0x70, 0x6c,
    0x65, 0x72, 0x2c, 0x20, 0x5f, 0x63, 0x6f, 0x6f, 0x72, 0x64, 0x29, 0x20,
    0x29, 0x0a, 0x23, 0x64, 0x65, 0x66, 0x69, 0x6e, 0x65, 0x20, 0x62, 0x67,
    0x66, 0x78, 0x53, 0x68, 0x61, 0x64, 0x6f, 0x77, 0x32, 0x44, 0x50, 0x72,
    0x6f, 0x6a, 0x28, 0x5f, 0x73, 0x61, 0x6d, 0x70, 0x6c, 0x65, 0x72, 0x2c,
    0x20, 0x5f, 0x63, 0x6f, 0x6f, 0x72, 0x64, 0x29, 0x20, 0x76, 0x65, 0x63,
    0x34, 0x5f, 0x73, 0x70, 0x6c, 0x61, 0x74, 0x28, 0x74, 0x65, 0x78, 0x74,
    0x75, 0x72, 0x65, 0x50, 0x72, 0x6f, 0x6a, 0x28, 0x5f, 0x73, 0x61, 0x6d,
    0x70, 0x6c, 0x65, 0x72, 0x2c, 0x20, 0x5f, 0x63, 0x6f, 0x6f, 0x72, 0x64,
    0x29, 0x20, 0x29, 0x0a, 0x76, 0x61, 0x72, 0x79, 0x69, 0x6e, 0x67, 0x20,
    0x76, 0x65, 0x63, 0x32, 0x20, 0x76, 0x5f, 0x74, 0x65, 0x78, 0x63, 0x6f,
    0x6f, 0x72, 0x64, 0x30, 0x3b, 0x0a, 0x66, 0x6c, 0x6f, 0x61, 0x74, 0x20,
    0x72, 0x63, 0x70, 0x28, 0x66, 0x6c, 0x6f, 0x61, 0x74, 0x20, 0x5f, 0x61,
    0x29, 0x20, 0x7b, 0x20, 0x72, 0x65, 0x74, 0x75, 0x72, 0x6e, 0x20, 0x31,
    0x2e, 0x30, 0x2f, 0x5f, 0x61, 0x3b, 0x20, 0x7d, 0x0a, 0x76, 0x65, 0x63,
    0x32, 0x20, 0x72, 0x63, 0x70, 0x28, 0x76, 0x65, 0x63, 0x32, 0x20, 0x5f,
    0x61, 0x29, 0x20, 0x7b, 0x20, 0x72, 0x65, 0x74, 0x75, 0x72, 0x6e, 0x20,
    0x76, 0x65, 0x63, 0x32, 0x28, 0x31, 0x2e, 0x30, 0x29, 0x2f, 0x5f, 0x61,
    0x3b, 0x20, 0x7d, 0x0a, 0x76, 0x65, 0x63, 0x33, 0x20, 0x72, 0x63, 0x70,
    0x28, 0x76, 0x65, 0x63, 0x33, 0x20, 0x5f, 0x61, 0x29, 0x20, 0x7b, 0x20,
    0x72, 0x65, 0x74, 0x75, 0x72, 0x6e, 0x20, 0x76, 0x65, 0x63, 0x33, 0x28,
    0x31, 0x2e, 0x30, 0x29, 0x2f, 0x5f, 0x61, 0x3b, 0x20, 0x7d, 0x0a, 0x76,
    0x65, 0x63, 0x34, 0x20, 0x72, 0x63, 0x70, 0x28, 0x76, 0x65, 0x63, 0x34,
    0x20, 0x5f, 0x61, 0x29, 0x20, 0x7b, 0x20, 0x72, 0x65, 0x74, 0x75, 0x72,
    0x6e, 0x20, 0x76, 0x65, 0x63, 0x34, 0x28, 0x31, 0x2e, 0x30, 0x29, 0x2f,
    0x5f, 0x61, 0x3b, 0x20, 0x7d, 0x0a, 0x76, 0x65, 0x63, 0x32, 0x20, 0x76,
    0x65, 0x63, 0x32, 0x5f, 0x73, 0x70, 0x6c, 0x61, 0x74, 0x28, 0x66, 0x6c,
    0x6f, 0x61, 0x74, 0x20, 0x5f, 0x78, 0x29, 0x20, 0x7b, 0x20, 0x72, 0x65,
    0x74, 0x75, 0x72, 0x6e, 0x20, 0x76, 0x65, 0x63, 0x32, 0x28, 0x5f, 0x78,
    0x2c, 0x20, 0x5f, 0x78, 0x29, 0x3b, 0x20, 0x7d, 0x0a, 0x76, 0x65, 0x63,
    0x33, 0x20, 0x76, 0x65, 0x63, 0x33, 0x5f, 0x73, 0x70, 0x6c, 0x61, 0x74,
    0x28, 0x66, 0x6c, 0x6f, 0x61, 0x74, 0x20, 0x5f, 0x78, 0x29, 0x20, 0x7b,
    0x20, 0x72, 0x65, 0x74, 0x75, 0x72, 0x6e, 0x20, 0x76, 0x65, 0x63, 0x33,
    0x28, 0x5f, 0x78, 0x2c, 0x20, 0x5f, 0x78, 0x2c, 0x20, 0x5f, 0x78, 0x29,
    0x3b, 0x20, 0x7d, 0x0a, 0x76, 0x65, 0x63, 0x34, 0x20, 0x76, 0x65, 0x63,
    0x34, 0x5f, 0x73, 0x70, 0x6c, 0x61, 0x74, 0x28, 0x66, 0x6c, 0x6f, 0x61,
    0x74, 0x20, 0x5f, 0x78, 0x29, 0x20, 0x7b, 0x20, 0x72, 0x65, 0x74, 0x75,
    0x72, 0x6e, 0x20, 0x76, 0x65, 0x63, 0x34, 0x28, 0x5f, 0x78, 0x2c, 0x20,
    0x5f, 0x78, 0x2c, 0x20, 0x5f, 0x78, 0x2c, 0x20, 0x5f, 0x78, 0x29, 0x3b,
    0x20, 0x7d, 0x0a, 0x75, 0x76, 0x65, 0x63, 0x32, 0x20, 0x75, 0x76, 0x65,
    0x63, 0x32, 0x5f, 0x73, 0x70, 0x6c, 0x61, 0x74, 0x28, 0x75, 0x69, 0x6e,
    0x74, 0x20, 0x5f, 0x78, 0x29, 0x20, 0x7b, 0x20, 0x72, 0x65, 0x74, 0x75,
    0x72, 0x6e, 0x20, 0x75, 0x76, 0x65, 0x63, 0x32, 0x28, 0x5f, 0x78, 0x2c,
    0x20, 0x5f, 0x78, 0x29, 0x3b, 0x20, 0x7d, 0x0a, 0x75, 0x76, 0x65, 0x63,
    0x33, 0x20, 0x75, 0x76, 0x65, 0x63, 0x33, 0x5f, 0x73, 0x70, 0x6c, 0x61,
    0x74, 0x28, 0x75, 0x69, 0x6e, 0x74, 0x20, 0x5f, 0x78, 0x29, 0x20, 0x7b,
    0x20, 0x72, 0x65, 0x74, 0x75, 0x72, 0x6e, 0x20, 0x75, 0x76, 0x65, 0x63,
    0x33, 0x28, 0x5f, 0x78, 0x2c, 0x20, 0x5f, 0x78, 0x2c, 0x20, 0x5f, 0x78,
    0x29, 0x3b, 0x20, 0x7d, 0x0a, 0x75, 0x76, 0x65, 0x63, 0x34, 0x20, 0x75,
    0x76, 0x65, 0x63, 0x34, 0x5f, 0x73, 0x70, 0x6c, 0x61, 0x74, 0x28, 0x75,
    0x69, 0x6e, 0x74, 0x20, 0x5f, 0x78, 0x29, 0x20, 0x7b, 0x20, 0x72, 0x65,
    0x74, 0x75, 0x72, 0x6e, 0x20, 0x75, 0x76, 0x65, 0x63, 0x34, 0x28, 0x5f,
    0x78, 0x2c, 0x20, 0x5f, 0x78, 0x2c, 0x20, 0x5f, 0x78, 0x2c, 0x20, 0x5f,
    0x78, 0x29, 0x3b, 0x20, 0x7d, 0x0a, 0x6d, 0x61, 0x74, 0x34, 0x20, 0x6d,
    0x74, 0x78, 0x46, 0x72, 0x6f, 0x6d, 0x52, 0x6f, 0x77, 0x73, 0x28, 0x76,
    0x65, 0x63, 0x34, 0x20, 0x5f, 0x30, 0x2c, 0x20, 0x76, 0x65, 0x63, 0x34,
    0x20, 0x5f, 0x31, 0x2c, 0x20, 0x76, 0x65, 0x63, 0x34, 0x20, 0x5f, 0x32,
    0x2c, 0x20, 0x76, 0x65, 0x63, 0x34, 0x20, 0x5f, 0x33, 0x29, 0x0a, 0x7b,
    0x0a, 0x72, 0x65, 0x74, 0x75, 0x72, 0x6e, 0x20, 0x74, 0x72, 0x61, 0x6e,
    0x73, 0x70, 0x6f, 0x73, 0x65, 0x28, 0x6d, 0x61, 0x74, 0x34, 0x28, 0x5f,
    0x30, 0x2c, 0x20, 0x5f, 0x31, 0x2c, 0x20, 0x5f, 0x32, 0x2c, 0x20, 0x5f,
    0x33, 0x29, 0x20, 0x29, 0x3b, 0x0a, 0x7d, 0x0a, 0x6d, 0x61, 0x74, 0x34,
    0x20, 0x6d, 0x74, 0x78, 0x46, 0x72, 0x6f, 0x6d, 0x43, 0x6f, 0x6c, 0x73,
    0x28, 0x76, 0x65, 0x63, 0x34, 0x20, 0x5f, 0x30, 0x2c, 0x20, 0x76, 0x65,
    0x63, 0x34, 0x20, 0x5f, 0x31, 0x2c, 0x20, 0x76, 0x65, 0x63, 0x34, 0x20,
    0x5f, 0x32, 0x2c, 0x20, 0x76, 0x65, 0x63, 0x34, 0x20, 0x5f, 0x33, 0x29,
    0x0a, 0x7b, 0x0a, 0x72, 0x65, 0x74, 0x75, 0x72, 0x6e, 0x20, 0x6d, 0x61,
    0x74, 0x34, 0x28, 0x5f, 0x30, 0x2c, 0x20, 0x5f, 0x31, 0x2c, 0x20, 0x5f,
    0x32, 0x2c, 0x20, 0x5f, 0x33, 0x29, 0x3b, 0x0a, 0x7d, 0x0a, 0x6d, 0x61,
    0x74, 0x33, 0x20, 0x6d, 0x74, 0x78, 0x46, 0x72, 0x6f, 0x6d, 0x52, 0x6f,
    0x77, 0x73, 0x28, 0x76, 0x65, 0x63, 0x33, 0x20, 0x5f, 0x30, 0x2c, 0x20,
    0x76, 0x65, 0x63, 0x33, 0x20, 0x5f, 0x31, 0x2c, 0x20, 0x76, 0x65, 0x63,
    0x33, 0x20, 0x5f, 0x32, 0x29, 0x0a, 0x7b, 0x0a, 0x72, 0x65, 0x74, 0x75,
    0x72, 0x6e, 0x20, 0x74, 0x72, 0x61, 0x6e, 0x73, 0x70, 0x6f, 0x73, 0x65,
    0x28, 0x6d, 0x61, 0x74, 0x33, 0x28, 0x5f, 0x30, 0x2c, 0x20, 0x5f, 0x31,
    0x2c, 0x20, 0x5f, 0x32, 0x29, 0x20, 0x29, 0x3b, 0x0a, 0x7d, 0x0a, 0x6d,
    0x61, 0x74, 0x33, 0x20, 0x6d, 0x74, 0x78, 0x46, 0x72, 0x6f, 0x6d, 0x43,
    0x6f, 0x6c, 0x73, 0x28, 0x76, 0x65, 0x63, 0x33, 0x20, 0x5f, 0x30, 0x2c,
    0x20, 0x76, 0x65, 0x63, 0x33, 0x20, 0x5f, 0x31, 0x2c, 0x20, 0x76, 0x65,
    0x63, 0x33, 0x20, 0x5f, 0x32, 0x29, 0x0a, 0x7b, 0x0a, 0x72, 0x65, 0x74,
    0x75, 0x72, 0x6e, 0x20, 0x6d, 0x61, 0x74, 0x33, 0x28, 0x5f, 0x30, 0x2c,
    0x20, 0x5f, 0x31, 0x2c, 0x20, 0x5f, 0x32, 0x29, 0x3b, 0x0a, 0x7d, 0x0a,
    0x6d, 0x61, 0x74, 0x34, 0x78, 0x33, 0x20, 0x6d, 0x74, 0x78, 0x46, 0x72,
    0x6f, 0x6d, 0x52, 0x6f, 0x77, 0x73, 0x28, 0x76, 0x65, 0x63, 0x34, 0x20,
    0x5f, 0x30, 0x2c, 0x20, 0x76, 0x65, 0x63, 0x34, 0x20, 0x5f, 0x31, 0x2c,
    0x20, 0x76, 0x65, 0x63, 0x34, 0x20, 0x5f, 0x32, 0x29, 0x0a, 0x7b, 0x0a,
    0x72, 0x65, 0x74, 0x75, 0x72, 0x6e, 0x20, 0x74, 0x72, 0x61, 0x6e, 0x73,
    0x70, 0x6f, 0x73, 0x65, 0x28, 0x6d, 0x61, 0x74, 0x33, 0x78, 0x34, 0x28,
    0x5f, 0x30, 0x2c, 0x20, 0x5f, 0x31, 0x2c, 0x20, 0x5f, 0x32, 0x29, 0x20,
    0x29, 0x3b, 0x0a, 0x7d, 0x0a, 0x76, 0x65, 0x63, 0x33, 0x20, 0x6d, 0x74,
    0x78, 0x47, 0x65, 0x74, 0x52, 0x6f, 0x77, 0x28, 0x6d, 0x61, 0x74, 0x33,
    0x20, 0x5f, 0x6d, 0x74, 0x78, 0x2c, 0x20, 0x69, 0x6e, 0x74, 0x20, 0x5f,
    0x72, 0x6f, 0x77, 0x29, 0x0a, 0x7b, 0x0a, 0x72, 0x65, 0x74, 0x75, 0x72,
    0x6e, 0x20, 0x76, 0x65, 0x63, 0x33, 0x28, 0x5f, 0x6d, 0x74, 0x78, 0x5b,
    0x30, 0x5d, 0x5b, 0x5f, 0x72, 0x6f, 0x77, 0x5d, 0x2c, 0x20, 0x5f, 0x6d,
    0x74, 0x78, 0x5b, 0x31, 0x5d, 0x5b, 0x5f, 0x72, 0x6f, 0x77, 0x5d, 0x2c,
    0x20, 0x5f, 0x6d, 0x74, 0x78, 0x5b, 0x32, 0x5d, 0x5b, 0x5f, 0x72, 0x6f,
    0x77, 0x5d, 0x29, 0x3b, 0x0a, 0x7d, 0x0a, 0x76, 0x65, 0x63, 0x33, 0x20,
    0x6d, 0x74, 0x78, 0x47, 0x65, 0x74, 0x43, 0x6f, 0x6c, 0x75, 0x6d, 0x6e,
    0x28, 0x6d, 0x61, 0x74, 0x33, 0x20, 0x5f, 0x6d, 0x74, 0x78, 0x2c, 0x20,
    0x69, 0x6e, 0x74, 0x20, 0x5f, 0x63, 0x6f, 0x6c, 0x75, 0x6d, 0x6e, 0x29,
    0x0a, 0x7b, 0x0a, 0x72, 0x65, 0x74, 0x75, 0x72, 0x6e, 0x20, 0x76, 0x65,
    0x63, 0x33, 0x28, 0x5f, 0x6d, 0x74, 0x78, 0x5b, 0x5f, 0x63, 0x6f, 0x6c,
    0x75, 0x6d, 0x6e, 0x5d, 0x29, 0x3b, 0x0a, 0x7d, 0x0a, 0x76, 0x65, 0x63,
    0x34, 0x20, 0x6d, 0x74, 0x78, 0x47, 0x65, 0x74, 0x52, 0x6f, 0x77, 0x28,
    0x6d, 0x61, 0x74, 0x34, 0x78, 0x33, 0x20, 0x5f, 0x6d, 0x74, 0x78, 0x2c,
    0x20, 0x69, 0x6e, 0x74, 0x20, 0x5f, 0x72, 0x6f, 0x77, 0x29, 0x0a, 0x7b,
    0x0a, 0x72, 0x65, 0x74, 0x75, 0x72, 0x6e, 0x20, 0x76, 0x65, 0x63, 0x34,
    0x28, 0x5f, 0x6d, 0x74, 0x78, 0x5b, 0x30, 0x5d, 0x5b, 0x5f, 0x72, 0x6f,
    0x77, 0x5d, 0x2c, 0x20, 0x5f, 0x6d, 0x74, 0x78, 0x5b, 0x31, 0x5d, 0x5b,
    0x5f, 0x72, 0x6f, 0x77, 0x5d, 0x2c, 0x20, 0x5f, 0x6d, 0x74, 0x78, 0x5b,
    0x32, 0x5d, 0x5b, 0x5f, 0x72, 0x6f, 0x77, 0x5d, 0x2c, 0x20, 0x5f, 0x6d,
    0x74, 0x78, 0x5b, 0x33, 0x5d, 0x5b, 0x5f, 0x72, 0x6f, 0x77, 0x5d, 0x29,
    0x3b, 0x0a, 0x7d, 0x0a, 0x76, 0x65, 0x63, 0x33, 0x20, 0x6d, 0x74, 0x78,
    0x47, 0x65, 0x74, 0x43, 0x6f, 0x6c, 0x75, 0x6d, 0x6e, 0x28, 0x6d, 0x61,
    0x74, 0x34, 0x78, 0x33, 0x20, 0x5f, 0x6d, 0x74, 0x78, 0x2c, 0x20, 0x69,
    0x6e, 0x74, 0x20, 0x5f, 0x63, 0x6f, 0x6c, 0x75, 0x6d, 0x6e, 0x29, 0x0a,
    0x7b, 0x0a, 0x72, 0x65, 0x74, 0x75, 0x72, 0x6e, 0x20, 0x76, 0x65, 0x63,
    0x33, 0x28, 0x5f, 0x6d, 0x74, 0x78, 0x5b, 0x5f, 0x63, 0x6f, 0x6c, 0x75,
    0x6d, 0x6e, 0x5d, 0x29, 0x3b, 0x0a, 0x7d, 0x0a, 0x76, 0x65, 0x63, 0x34,
    0x20, 0x6d, 0x74, 0x78, 0x47, 0x65, 0x74, 0x52, 0x6f, 0x77, 0x28, 0x6d,
    0x61, 0x74, 0x34, 0x20, 0x5f, 0x6d, 0x74, 0x78, 0x2c, 0x20, 0x69, 0x6e,
    0x74, 0x20, 0x5f, 0x72, 0x6f, 0x77, 0x29, 0x0a, 0x7b, 0x0a, 0x72, 0x65,
    0x74, 0x75, 0x72, 0x6e, 0x20, 0x76, 0x65, 0x63, 0x34, 0x28, 0x5f, 0x6d,
    0x74, 0x78, 0x5b, 0x30, 0x5d, 0x5b, 0x5f, 0x72, 0x6f, 0x77, 0x5d, 0x2c,
    0x20, 0x5f, 0x6d, 0x74, 0x78, 0x5b, 0x31, 0x5d, 0x5b, 0x5f, 0x72, 0x6f,
    0x77, 0x5d, 0x2c, 0x20, 0x5f, 0x6d, 0x74, 0x78, 0x5b, 0x32, 0x5d, 0x5b,
    0x5f, 0x72, 0x6f, 0x77, 0x5d, 0x2c, 0x20, 0x5f, 0x6d, 0x74, 0x78, 0x5b,
    0x33, 0x5d, 0x5b, 0x5f, 0x72, 0x6f, 0x77, 0x5d, 0x29, 0x3b, 0x0a, 0x7d,
    0x0a, 0x76, 0x65, 0x63, 0x34, 0x20, 0x6d, 0x74, 0x78, 0x47, 0x65, 0x74,
    0x43, 0x6f, 0x6c, 0x75, 0x6d, 0x6e, 0x28, 0x6d, 0x61, 0x74, 0x34, 0x20,
    0x5f, 0x6d, 0x74, 0x78, 0x2c, 0x20, 0x69, 0x6e, 0x74, 0x20, 0x5f, 0x63,
    0x6f, 0x6c, 0x75, 0x6d, 0x6e, 0x29, 0x0a, 0x7b, 0x0a, 0x72, 0x65, 0x74,
    0x75, 0x72, 0x6e, 0x20, 0x76, 0x65, 0x63, 0x34, 0x28, 0x5f, 0x6d, 0x74,
    0x78, 0x5b, 0x5f, 0x63, 0x6f, 0x6c, 0x75, 0x6d, 0x6e, 0x5d, 0x29, 0x3b,
    0x0a, 0x7d, 0x0a, 0x66, 0x6c, 0x6f, 0x61, 0x74, 0x20, 0x6d, 0x74, 0x78,
    0x47, 0x65, 0x74, 0x45, 0x6c, 0x65, 0x6d, 0x65, 0x6e, 0x74, 0x28, 0x6d,
    0x61, 0x74, 0x33, 0x20, 0x5f, 0x6d, 0x74, 0x78, 0x2c, 0x20, 0x69, 0x6e,
    0x74, 0x20, 0x5f, 0x63, 0x6f, 0x6c, 0x75, 0x6d, 0x6e, 0x2c, 0x20, 0x69,
    0x6e, 0x74, 0x20, 0x5f, 0x72, 0x6f, 0x77, 0x29, 0x0a, 0x7b, 0x0a, 0x72,
    0x65, 0x74, 0x75, 0x72, 0x6e, 0x20, 0x5f, 0x6d, 0x74, 0x78, 0x5b, 0x5f,
    0x63, 0x6f, 0x6c, 0x75, 0x6d, 0x6e, 0x5d, 0x5b, 0x5f, 0x72, 0x6f, 0x77,
    0x5d, 0x3b, 0x0a, 0x7d, 0x0a, 0x66, 0x6c, 0x6f, 0x61, 0x74, 0x20, 0x6d,
    0x74, 0x78, 0x47, 0x65, 0x74, 0x45, 0x6c, 0x65, 0x6d, 0x65, 0x6e, 0x74,
    0x28, 0x6d, 0x61, 0x74, 0x34, 0x20, 0x5f, 0x6d, 0x74, 0x78, 0x2c, 0x20,
    0x69, 0x6e, 0x74, 0x20, 0x5f, 0x63, 0x6f, 0x6c, 0x75, 0x6d, 0x6e, 0x2c,
    0x20, 0x69, 0x6e, 0x74, 0x20, 0x5f, 0x72, 0x6f, 0x77, 0x29, 0x0a, 0x7b,
    0x0a, 0x72, 0x65, 0x74, 0x75, 0x72, 0x6e, 0x20, 0x5f, 0x6d, 0x74, 0x78,
    0x5b, 0x5f, 0x63, 0x6f, 0x6c, 0x75, 0x6d, 0x6e, 0x5d, 0x5b, 0x5f, 0x72,
    0x6f, 0x77, 0x5d, 0x3b, 0x0a, 0x7d, 0x0a, 0x66, 0x6c, 0x6f, 0x61, 0x74,
    0x20, 0x73, 0x65, 0x6c, 0x65, 0x63, 0x74, 0x28, 0x62, 0x6f, 0x6f, 0x6c,
    0x20, 0x5f, 0x63, 0x6f, 0x6e, 0x64, 0x2c, 0x20, 0x66, 0x6c, 0x6f, 0x61,
    0x74, 0x20, 0x5f, 0x74, 0x72, 0x75, 0x65, 0x2c, 0x20, 0x66, 0x6c, 0x6f,
    0x61, 0x74, 0x20, 0x5f, 0x66, 0x61, 0x6c, 0x73, 0x65, 0x29, 0x20, 0x7b,
    0x20, 0x72, 0x65, 0x74, 0x75, 0x72, 0x6e, 0x20, 0x5f, 0x63, 0x6f, 0x6e,
    0x64, 0x20, 0x3f, 0x20, 0x5f, 0x74, 0x72, 0x75, 0x65, 0x20, 0x3a, 0x20,
    0x5f, 0x66, 0x61, 0x6c, 0x73, 0x65, 0x3b, 0x20, 0x7d, 0x0a, 0x76, 0x65,
    0x63, 0x32, 0x20, 0x73, 0x65, 0x6c, 0x65, 0x63, 0x74, 0x28, 0x62, 0x6f,
    0x6f, 0x6c, 0x20, 0x5f, 0x63, 0x6f, 0x6e, 0x64, 0x2c, 0x20, 0x76, 0x65,
    0x63, 0x32, 0x20, 0x5f, 0x74, 0x72, 0x75, 0x65, 0x2c, 0x20, 0x76, 0x65,
    0x63, 0x32, 0x20, 0x5f, 0x66, 0x61, 0x6c, 0x73, 0x65, 0x29, 0x20, 0x7b,
    0x20, 0x72, 0x65, 0x74, 0x75, 0x72, 0x6e, 0x20, 0x5f, 0x63, 0x6f, 0x6e,
    0x64, 0x20, 0x3f, 0x20, 0x5f, 0x74, 0x72, 0x75, 0x65, 0x20, 0x3a, 0x20,
    0x5f, 0x66, 0x61, 0x6c, 0x73, 0x65, 0x3b, 0x20, 0x7d, 0x0a, 0x76, 0x65,
    0x63, 0x33, 0x20, 0x73, 0x65, 0x6c, 0x65, 0x63, 0x74, 0x28, 0x62, 0x6f,
    0x6f, 0x6c, 0x20, 0x5f, 0x63, 0x6f, 0x6e, 0x64, 0x2c, 0x20, 0x76, 0x65,
    0x63, 0x33, 0x20, 0x5f, 0x74, 0x72, 0x75, 0x65, 0x2c, 0x20, 0x76, 0x65,
    0x63, 0x33, 0x20, 0x5f, 0x66, 0x61, 0x6c, 0x73, 0x65, 0x29, 0x20, 0x7b,
    0x20, 0x72, 0x65, 0x74, 0x75, 0x72, 0x6e, 0x20, 0x5f, 0x63, 0x6f, 0x6e,
    0x64, 0x20, 0x3f, 0x20, 0x5f, 0x74, 0x72, 0x75, 0x65, 0x20, 0x3a, 0x20,
    0x5f, 0x66, 0x61, 0x6c, 0x73, 0x65, 0x3b, 0x20, 0x7d, 0x0a, 0x76, 0x65,
    0x63, 0x34, 0x20, 0x73, 0x65, 0x6c, 0x65, 0x63, 0x74, 0x28, 0x62, 0x6f,
    0x6f, 0x6c, 0x20, 0x5f, 0x63, 0x6f, 0x6e, 0x64, 0x2c, 0x20, 0x76, 0x65,
    0x63, 0x34, 0x20, 0x5f, 0x74, 0x72, 0x75, 0x65, 0x2c, 0x20, 0x76, 0x65,
    0x63, 0x34, 0x20, 0x5f, 0x66, 0x61, 0x6c, 0x73, 0x65, 0x29, 0x20, 0x7b,
    0x20, 0x72, 0x65, 0x74, 0x75, 0x72, 0x6e, 0x20, 0x5f, 0x63, 0x6f, 0x6e,
    0x64, 0x20, 0x3f, 0x20, 0x5f, 0x74, 0x72, 0x75, 0x65, 0x20, 0x3a, 0x20,
    0x5f, 0x66, 0x61, 0x6c, 0x73, 0x65, 0x3b, 0x20, 0x7d, 0x0a, 0x76, 0x65,
    0x63, 0x32, 0x20, 0x73, 0x65, 0x6c, 0x65, 0x63, 0x74, 0x28, 0x62, 0x76,
    0x65, 0x63, 0x32, 0x20, 0x5f, 0x63, 0x6f, 0x6e, 0x64, 0x2c, 0x20, 0x76,
    0x65, 0x63, 0x32, 0x20, 0x5f, 0x74, 0x72, 0x75, 0x65, 0x2c, 0x20, 0x76,
    0x65, 0x63, 0x32, 0x20, 0x5f, 0x66, 0x61, 0x6c, 0x73, 0x65, 0x29, 0x20,
    0x7b, 0x20, 0x72, 0x65, 0x74, 0x75, 0x72, 0x6e, 0x20, 0x28, 0x76, 0x65,
    0x63, 0x32, 0x28, 0x5f, 0x63, 0x6f, 0x6e, 0x64, 0x29, 0x20, 0x2a, 0x20,
    0x5f, 0x74, 0x72, 0x75, 0x65, 0x29, 0x20, 0x2b, 0x20, 0x28, 0x76, 0x65,
    0x63, 0x32, 0x28, 0x6e, 0x6f, 0x74, 0x28, 0x5f, 0x63, 0x6f, 0x6e, 0x64,
    0x29, 0x20, 0x29, 0x20, 0x2a, 0x20, 0x5f, 0x66, 0x61, 0x6c, 0x73, 0x65,
    0x29, 0x3b, 0x20, 0x7d, 0x0a, 0x76, 0x65, 0x63, 0x33, 0x20, 0x73, 0x65,
    0x6c, 0x65, 0x63, 0x74, 0x28, 0x62, 0x76, 0x65, 0x63, 0x33, 0x20, 0x5f,
    0x63, 0x6f, 0x6e, 0x64, 0x2c, 0x20, 0x76, 0x65, 0x63, 0x33, 0x20, 0x5f,
    0x74, 0x72, 0x75, 0x65, 0x2c, 0x20, 0x76, 0x65, 0x63, 0x33, 0x20, 0x5f,
    0x66, 0x61, 0x6c, 0x73, 0x65, 0x29, 0x20, 0x7b, 0x20, 0x72, 0x65, 0x74,
    0x75, 0x72, 0x6e, 0x20, 0x28, 0x76, 0x65, 0x63, 0x33, 0x28, 0x5f, 0x63,
    0x6f, 0x6e, 0x64, 0x29, 0x20, 0x2a, 0x20, 0x5f, 0x74, 0x72, 0x75, 0x65,
    0x29, 0x20, 0x2b, 0x20, 0x28, 0x76, 0x65, 0x63, 0x33, 0x28, 0x6e, 0x6f,
    0x74, 0x28, 0x5f, 0x63, 0x6f, 0x6e, 0x64, 0x29, 0x20, 0x29, 0x20, 0x2a,
    0x20, 0x5f, 0x66, 0x61, 0x6c, 0x73, 0x65, 0x29, 0x3b, 0x20, 0x7d, 0x0a,
    0x76, 0x65, 0x63, 0x34, 0x20, 0x73, 0x65, 0x6c, 0x65, 0x63, 0x74, 0x28,
    0x62, 0x76, 0x65, 0x63, 0x34, 0x20, 0x5f, 0x63, 0x6f, 0x6e, 0x64, 0x2c,
    0x20, 0x76, 0x65, 0x63, 0x34, 0x20, 0x5f, 0x74, 0x72, 0x75, 0x65, 0x2c,
    0x20, 0x76, 0x65, 0x63, 0x34, 0x20, 0x5f, 0x66, 0x61, 0x6c, 0x73, 0x65,
    0x29, 0x20, 0x7b, 0x20, 0x72, 0x65, 0x74, 0x75, 0x72, 0x6e, 0x20, 0x28,
    0x76, 0x65, 0x63, 0x34, 0x28, 0x5f, 0x63, 0x6f, 0x6e, 0x64, 0x29, 0x20,
    0x2a, 0x20, 0x5f, 0x74, 0x72, 0x75, 0x65, 0x29, 0x20, 0x2b, 0x20, 0x28,
    0x76, 0x65, 0x63, 0x34, 0x28, 0x6e, 0x6f, 0x74, 0x28, 0x5f, 0x63, 0x6f,
    0x6e, 0x64, 0x29, 0x20, 0x29, 0x20, 0x2a, 0x20, 0x5f, 0x66, 0x61, 0x6c,
    0x73, 0x65, 0x29, 0x3b, 0x20, 0x7d, 0x0a, 0x69, 0x6e, 0x74, 0x20, 0x73,
    0x65, 0x6c, 0x65, 0x63, 0x74, 0x28, 0x62, 0x6f, 0x6f, 0x6c, 0x20, 0x5f,
    0x63, 0x6f, 0x6e, 0x64, 0x2c, 0x20, 0x69, 0x6e, 0x74, 0x20, 0x5f, 0x74,
    0x72, 0x75, 0x65, 0x2c, 0x20, 0x69, 0x6e, 0x74, 0x20, 0x5f, 0x66, 0x61,
    0x6c, 0x73, 0x65, 0x29, 0x20, 0x7b, 0x20, 0x72, 0x65, 0x74, 0x75, 0x72,
    0x6e, 0x20, 0x5f, 0x63, 0x6f, 0x6e, 0x64, 0x20, 0x3f, 0x20, 0x5f, 0x74,
    0x72, 0x75, 0x65, 0x20, 0x3a, 0x20, 0x5f, 0x66, 0x61, 0x6c, 0x73, 0x65,
    0x3b, 0x20, 0x7d, 0x0a, 0x69, 0x76, 0x65, 0x63, 0x32, 0x20, 0x73, 0x65,
    0x6c, 0x65, 0x63, 0x74, 0x28, 0x62, 0x6f, 0x6f, 0x6c, 0x20, 0x5f, 0x63,
    0x6f, 0x6e, 0x64, 0x2c, 0x20, 0x69, 0x76, 0x65, 0x63, 0x32, 0x20, 0x5f,
    0x74, 0x72, 0x75, 0x65, 0x2c, 0x20, 0x69, 0x76, 0x65, 0x63, 0x32, 0x20,
    0x5f, 0x66, 0x61, 0x6c, 0x73, 0x65, 0x29, 0x20, 0x7b, 0x20, 0x72, 0x65,
    0x74, 0x75, 0x72, 0x6e, 0x20, 0x5f, 0x63, 0x6f, 0x6e, 0x64, 0x20, 0x3f,
    0x20, 0x5f, 0x74, 0x72, 0x75, 0x65, 0x20, 0x3a, 0x20, 0x5f, 0x66, 0x61,
    0x6c, 0x73, 0x65, 0x3b, 0x20, 0x7d, 0x0a, 0x69, 0x76, 0x65, 0x63, 0x33,
    0x20, 0x73, 0x65, 0x6c, 0x65, 0x63, 0x74, 0x28, 0x62, 0x6f, 0x6f, 0x6c,
    0x20, 0x5f, 0x63, 0x6f, 0x6e, 0x64, 0x2c, 0x20, 0x69, 0x76, 0x65, 0x63,
    0x33, 0x20, 0x5f, 0x74, 0x72, 0x75, 0x65, 0x2c, 0x20, 0x69, 0x76, 0x65,
    0x63, 0x33, 0x20, 0x5f, 0x66, 0x61, 0x6c, 0x73, 0x65, 0x29, 0x20, 0x7b,
    0x20, 0x72, 0x65, 0x74, 0x75, 0x72, 0x6e, 0x20, 0x5f, 0x63, 0x6f, 0x6e,
    0x64, 0x20, 0x3f, 0x20, 0x5f, 0x74, 0x72, 0x75, 0x65, 0x20, 0x3a, 0x20,
    0x5f, 0x66, 0x61, 0x6c, 0x73, 0x65, 0x3b, 0x20, 0x7d, 0x0a, 0x69, 0x76,
    0x65, 0x63, 0x34, 0x20, 0x73, 0x65, 0x6c, 0x65, 0x63, 0x74, 0x28, 0x62,
    0x6f, 0x6f, 0x6c, 0x20, 0x5f, 0x63, 0x6f, 0x6e, 0x64, 0x2c, 0x20, 0x69,
    0x76, 0x65, 0x63, 0x34, 0x20, 0x5f, 0x74, 0x72, 0x75, 0x65, 0x2c, 0x20,
    0x69, 0x76, 0x65, 0x63, 0x34, 0x20, 0x5f, 0x66, 0x61, 0x6c, 0x73, 0x65,
    0x29, 0x20, 0x7b, 0x20, 0x72, 0x65, 0x74, 0x75, 0x72, 0x6e, 0x20, 0x5f,
    0x63, 0x6f, 0x6e, 0x64, 0x20, 0x3f, 0x20, 0x5f, 0x74, 0x72, 0x75, 0x65,
    0x20, 0x3a, 0x20, 0x5f, 0x66, 0x61, 0x6c, 0x73, 0x65, 0x3b, 0x20, 0x7d,
    0x0a, 0x69, 0x76, 0x65, 0x63, 0x32, 0x20, 0x73, 0x65, 0x6c, 0x65, 0x63,
    0x74, 0x28, 0x62, 0x76, 0x65, 0x63, 0x32, 0x20, 0x5f, 0x63, 0x6f, 0x6e,
    0x64, 0x2c, 0x20, 0x69, 0x76, 0x65, 0x63, 0x32, 0x20, 0x5f, 0x74, 0x72,
    0x75, 0x65, 0x2c, 0x20, 0x69, 0x76, 0x65, 0x63, 0x32, 0x20, 0x5f, 0x66,
    0x61, 0x6c, 0x73, 0x65, 0x29, 0x20, 0x7b, 0x20, 0x72, 0x65, 0x74, 0x75,
    0x72, 0x6e, 0x20, 0x28, 0x69, 0x76, 0x65, 0x63, 0x32, 0x28, 0x5f, 0x63,
    0x6f, 0x6e, 0x64, 0x29, 0x20, 0x2a, 0x20, 0x5f, 0x74, 0x72, 0x75, 0x65,
    0x29, 0x20, 0x2b, 0x20, 0x28, 0x69, 0x76, 0x65, 0x63, 0x32, 0x28, 0x6e,
    0x6f, 0x74, 0x28, 0x5f, 0x63, 0x6f, 0x6e, 0x64, 0x29, 0x20, 0x29, 0x20,
    0x2a, 0x20, 0x5f, 0x66, 0x61, 0x6c, 0x73, 0x65, 0x29, 0x3b, 0x20, 0x7d,
    0x0a, 0x69, 0x76, 0x65, 0x63, 0x33, 0x20, 0x73, 0x65, 0x6c, 0x65, 0x63,
    0x74, 0x28, 0x62, 0x76, 0x65, 0x63, 0x33, 0x20, 0x5f, 0x63, 0x6f, 0x6e,
    0x64, 0x2c, 0x20, 0x69, 0x76, 0x65, 0x63, 0x33, 0x20, 0x5f, 0x74, 0x72,
    0x75, 0x65, 0x2c, 0x20, 0x69, 0x76, 0x65, 0x63, 0x33, 0x20, 0x5f, 0x66,
    0x61, 0x6c, 0x73, 0x65, 0x29, 0x20, 0x7b, 0x20, 0x72, 0x65, 0x74, 0x75,
    0x72, 0x6e, 0x20, 0x28, 0x69, 0x76, 0x65, 0x63, 0x33, 0x28, 0x5f, 0x63,
    0x6f, 0x6e, 0x64, 0x29, 0x20, 0x2a, 0x20, 0x5f, 0x74, 0x72, 0x75, 0x65,
    0x29, 0x20, 0x2b, 0x20, 0x28, 0x69, 0x76, 0x65, 0x63, 0x33, 0x28, 0x6e,
    0x6f, 0x74, 0x28, 0x5f, 0x63, 0x6f, 0x6e, 0x64, 0x29, 0x20, 0x29, 0x20,
    0x2a, 0x20, 0x5f, 0x66, 0x61, 0x6c, 0x73, 0x65, 0x29, 0x3b, 0x20, 0x7d,
    0x0a, 0x69, 0x76, 0x65, 0x63, 0x34, 0x20, 0x73, 0x65, 0x6c, 0x65, 0x63,
    0x74, 0x28, 0x62, 0x76, 0x65, 0x63, 0x34, 0x20, 0x5f, 0x63, 0x6f, 0x6e,
    0x64, 0x2c, 0x20, 0x69, 0x76, 0x65, 0x63, 0x34, 0x20, 0x5f, 0x74, 0x72,
    0x75, 0x65, 0x2c, 0x20, 0x69, 0x76, 0x65, 0x63, 0x34, 0x20, 0x5f, 0x66,
    0x61, 0x6c, 0x73, 0x65, 0x29, 0x20, 0x7b, 0x20, 0x72, 0x65, 0x74, 0x75,
    0x72, 0x6e, 0x20, 0x28, 0x69, 0x76, 0x65, 0x63, 0x34, 0x28, 0x5f, 0x63,
    0x6f, 0x6e, 0x64, 0x29, 0x20, 0x2a, 0x20, 0x5f, 0x74, 0x72, 0x75, 0x65,
    0x29, 0x20, 0x2b, 0x20, 0x28, 0x69, 0x76, 0x65, 0x63, 0x34, 0x28, 0x6e,
    0x6f, 0x74, 0x28, 0x5f, 0x63, 0x6f, 0x6e, 0x64, 0x29, 0x20, 0x29, 0x20,
    0x2a, 0x20, 0x5f, 0x66, 0x61, 0x6c, 0x73, 0x65, 0x29, 0x3b, 0x20, 0x7d,
    0x0a, 0x75, 0x69, 0x6e, 0x74, 0x20, 0x73, 0x65, 0x6c, 0x65, 0x63, 0x74,
    0x28, 0x62, 0x6f, 0x6f, 0x6c, 0x20, 0x5f, 0x63, 0x6f, 0x6e, 0x64, 0x2c,
    0x20, 0x75, 0x69, 0x6e, 0x74, 0x20, 0x5f, 0x74, 0x72, 0x75, 0x65, 0x2c,
    0x20, 0x75, 0x69, 0x6e, 0x74, 0x20, 0x5f, 0x66, 0x61, 0x6c, 0x73, 0x65,
    0x29, 0x20, 0x7b, 0x20, 0x72, 0x65, 0x74, 0x75, 0x72, 0x6e, 0x20, 0x5f,
    0x63, 0x6f, 0x6e, 0x64, 0x20, 0x3f, 0x20, 0x5f, 0x74, 0x72, 0x75, 0x65,
    0x20, 0x3a, 0x20, 0x5f, 0x66, 0x61, 0x6c, 0x73, 0x65, 0x3b, 0x20, 0x7d,
    0x0a, 0x75, 0x76, 0x65, 0x63, 0x32, 0x20, 0x73, 0x65, 0x6c, 0x65, 0x63,
    0x74, 0x28, 0x62, 0x6f, 0x6f, 0x6c, 0x20, 0x5f, 0x63, 0x6f, 0x6e, 0x64,
    0x2c, 0x20, 0x75, 0x76, 0x65, 0x63, 0x32, 0x20, 0x5f, 0x74, 0x72, 0x75,
    0x65, 0x2c, 0x20, 0x75, 0x76, 0x65, 0x63, 0x32, 0x20, 0x5f, 0x66, 0x61,
    0x6c, 0x73, 0x65, 0x29, 0x20, 0x7b, 0x20, 0x72, 0x65, 0x74, 0x75, 0x72,
    0x6e, 0x20, 0x5f, 0x63, 0x6f, 0x6e, 0x64, 0x20, 0x3f, 0x20, 0x5f, 0x74,
    0x72, 0x75, 0x65, 0x20, 0x3a, 0x20, 0x5f, 0x66, 0x61, 0x6c, 0x73, 0x65,
    0x3b, 0x20, 0x7d, 0x0a, 0x75, 0x76, 0x65, 0x63, 0x33, 0x20, 0x73, 0x65,
    0x6c, 0x65, 0x63, 0x74, 0x28, 0x62, 0x6f, 0x6f, 0x6c, 0x20, 0x5f, 0x63,
    0x6f, 0x6e, 0x64, 0x2c, 0x20, 0x75, 0x76, 0x65, 0x63, 0x33, 0x20, 0x5f,
    0x74, 0x72, 0x75, 0x65, 0x2c, 0x20, 0x75, 0x76, 0x65, 0x63, 0x33, 0x20,
    0x5f, 0x66, 0x61, 0x6c, 0x73, 0x65, 0x29, 0x20, 0x7b, 0x20, 0x72, 0x65,
    0x74, 0x75, 0x72, 0x6e, 0x20, 0x5f, 0x63, 0x6f, 0x6e, 0x64, 0x20, 0x3f,
    0x20, 0x5f, 0x74, 0x72, 0x75, 0x65, 0x20, 0x3a, 0x20, 0x5f, 0x66, 0x61,
    0x6c, 0x73, 0x65, 0x3b, 0x20, 0x7d, 0x0a, 0x75, 0x76, 0x65, 0x63, 0x34,
    0x20, 0x73, 0x65, 0x6c, 0x65, 0x63, 0x74, 0x28, 0x62, 0x6f, 0x6f, 0x6c,
    0x20, 0x5f, 0x63, 0x6f, 0x6e, 0x64, 0x2c, 0x20, 0x75, 0x76, 0x65, 0x63,
    0x34, 0x20, 0x5f, 0x74, 0x72, 0x75, 0x65, 0x2c, 0x20, 0x75, 0x76, 0x65,
    0x63, 0x34, 0x20, 0x5f, 0x66, 0x61, 0x6c, 0x73, 0x65, 0x29, 0x20, 0x7b,
    0x20, 0x72, 0x65, 0x74, 0x75, 0x72, 0x6e, 0x20, 0x5f, 0x63, 0x6f, 0x6e,
    0x64, 0x20, 0x3f, 0x20, 0x5f, 0x74, 0x72, 0x75, 0x65, 0x20, 0x3a, 0x20,
    0x5f, 0x66, 0x61, 0x6c, 0x73, 0x65, 0x3b, 0x20, 0x7d, 0x0a, 0x75, 0x76,
    0x65, 0x63, 0x32, 0x20, 0x73, 0x65, 0x6c, 0x65, 0x63, 0x74, 0x28, 0x62,
    0x76, 0x65, 0x63, 0x32, 0x20, 0x5f, 0x63, 0x6f, 0x6e, 0x64, 0x2c, 0x20,
    0x75, 0x76, 0x65, 0x63, 0x32, 0x20, 0x5f, 0x74, 0x72, 0x75, 0x65, 0x2c,
    0x20, 0x75, 0x76, 0x65, 0x63, 0x32, 0x20, 0x5f, 0x66, 0x61, 0x6c, 0x73,
    0x65, 0x29, 0x20, 0x7b, 0x20, 0x72, 0x65, 0x74, 0x75, 0x72, 0x6e, 0x20,
    0x28, 0x75, 0x76, 0x65, 0x63, 0x32, 0x28, 0x5f, 0x63, 0x6f, 0x6e, 0x64,
    0x29, 0x20, 0x2a, 0x20, 0x5f, 0x74, 0x72, 0x75, 0x65, 0x29, 0x20, 0x2b,
    0x20, 0x28, 0x75, 0x76, 0x65, 0x63, 0x32, 0x28, 0x6e, 0x6f, 0x74, 0x28,
    0x5f, 0x63, 0x6f, 0x6e, 0x64, 0x29, 0x20, 0x29, 0x20, 0x2a, 0x20, 0x5f,
    0x66, 0x61, 0x6c, 0x73, 0x65, 0x29, 0x3b, 0x20, 0x7d, 0x0a, 0x75, 0x76,
    0x65, 0x63, 0x33, 0x20, 0x73, 0x65, 0x6c, 0x65, 0x63, 0x74, 0x28, 0x62,
    0x76, 0x65, 0x63, 0x33, 0x20, 0x5f, 0x63, 0x6f, 0x6e, 0x64, 0x2c, 0x20,
    0x75, 0x76, 0x65, 0x63, 0x33, 0x20, 0x5f, 0x74, 0x72, 0x75, 0x65, 0x2c,
    0x20, 0x75, 0x76, 0x65, 0x63, 0x33, 0x20, 0x5f, 0x66, 0x61, 0x6c, 0x73,
    0x65, 0x29, 0x20, 0x7b, 0x20, 0x72, 0x65, 0x74, 0x75, 0x72, 0x6e, 0x20,
    0x28, 0x75, 0x76, 0x65, 0x63, 0x33, 0x28, 0x5f, 0x63, 0x6f, 0x6e, 0x64,
    0x29, 0x20, 0x2a, 0x20, 0x5f, 0x74, 0x72, 0x75, 0x65, 0x29, 0x20, 0x2b,
    0x20, 0x28, 0x75, 0x76, 0x65, 0x63, 0x33, 0x28, 0x6e, 0x6f, 0x74, 0x28,
    0x5f, 0x63, 0x6f, 0x6e, 0x64, 0x29, 0x20, 0x29, 0x20, 0x2a, 0x20, 0x5f,
    0x66, 0x61, 0x6c, 0x73, 0x65, 0x29, 0x3b, 0x20, 0x7d, 0x0a, 0x75, 0x76,
    0x65, 0x63, 0x34, 0x20, 0x73, 0x65, 0x6c, 0x65, 0x63, 0x74, 0x28, 0x62,
    0x76, 0x65, 0x63, 0x34, 0x20, 0x5f, 0x63, 0x6f, 0x6e, 0x64, 0x2c, 0x20,
    0x75, 0x76, 0x65, 0x63, 0x34, 0x20, 0x5f, 0x74, 0x72, 0x75, 0x65, 0x2c,
    0x20, 0x75, 0x76, 0x65, 0x63, 0x34, 0x20, 0x5f, 0x66, 0x61, 0x6c, 0x73,
    0x65, 0x29, 0x20, 0x7b, 0x20, 0x72, 0x65, 0x74, 0x75, 0x72, 0x6e, 0x20,
    0x28, 0x75, 0x76, 0x65, 0x63, 0x34, 0x28, 0x5f, 0x63, 0x6f, 0x6e, 0x64,
    0x29, 0x20, 0x2a, 0x20, 0x5f, 0x74, 0x72, 0x75, 0x65, 0x29, 0x20, 0x2b,
    0x20, 0x28, 0x75, 0x76, 0x65, 0x63, 0x34, 0x28, 0x6e, 0x6f, 0x74, 0x28,
    0x5f, 0x63, 0x6f, 0x6e, 0x64, 0x29, 0x20, 0x29, 0x20, 0x2a, 0x20, 0x5f,
    0x66, 0x61, 0x6c, 0x73, 0x65, 0x29, 0x3b, 0x20, 0x7d, 0x0a, 0x75, 0x6e,
    0x69, 0x66, 0x6f, 0x72, 0x6d, 0x20, 0x76, 0x65, 0x63, 0x34, 0x20, 0x75,
    0x5f, 0x76, 0x69, 0x65, 0x77, 0x52, 0x65, 0x63, 0x74, 0x3b, 0x0a, 0x75,
    0x6e, 0x69, 0x66, 0x6f, 0x72, 0x6d, 0x20, 0x76, 0x65, 0x63, 0x34, 0x20,
    0x75, 0x5f, 0x76, 0x69, 0x65, 0x77, 0x54, 0x65, 0x78, 0x65, 0x6c, 0x3b,
    0x0a, 0x75, 0x6e, 0x69, 0x66, 0x6f, 0x72, 0x6d, 0x20, 0x6d, 0x61, 0x74,
    0x34, 0x20, 0x75, 0x5f, 0x76, 0x69, 0x65, 0x77, 0x3b, 0x0a, 0x75, 0x6e,
    0x69, 0x66, 0x6f, 0x72, 0x6d, 0x20, 0x6d, 0x61, 0x74, 0x34, 0x20, 0x75,
    0x5f, 0x69, 0x6e, 0x76, 0x56, 0x69, 0x65, 0x77, 0x3b, 0x0a, 0x75, 0x6e,
    0x69, 0x66, 0x6f, 0x72, 0x6d, 0x20, 0x6d, 0x61, 0x74, 0x34, 0x20, 0x75,
    0x5f, 0x70, 0x72, 0x6f, 0x6a, 0x3b, 0x0a, 0x75, 0x6e, 0x69, 0x66, 0x6f,
    0x72, 0x6d, 0x20, 0x6d, 0x61, 0x74, 0x34, 0x20, 0x75, 0x5f, 0x69, 0x6e,
    0x76, 0x50, 0x72, 0x6f, 0x6a, 0x3b, 0x0a, 0x75, 0x6e, 0x69, 0x66, 0x6f,
    0x72, 0x6d, 0x20, 0x6d, 0x61, 0x74, 0x34, 0x20, 0x75, 0x5f, 0x76, 0x69,
    0x65, 0x77, 0x50, 0x72, 0x6f, 0x6a, 0x3b, 0x0a, 0x75, 0x6e, 0x69, 0x66,
    0x6f, 0x72, 0x6d, 0x20, 0x6d, 0x61, 0x74, 0x34, 0x20, 0x75, 0x5f, 0x69,
    0x6e, 0x76, 0x56, 0x69, 0x65, 0x77, 0x50, 0x72, 0x6f, 0x6a, 0x3b, 0x0a,
    0x75, 0x6e, 0x69, 0x66, 0x6f, 0x72, 0x6d, 0x20, 0x6d, 0x61, 0x74, 0x34,
    0x20, 0x75, 0x5f, 0x6d, 0x6f, 0x64, 0x65, 0x6c, 0x56, 0x69, 0x65, 0x77,
    0x3b, 0x0a, 0x75, 0x6e, 0x69, 0x66, 0x6f, 0x72, 0x6d, 0x20, 0x6d, 0x61,
    0x74, 0x34, 0x20, 0x75, 0x5f, 0x69, 0x6e, 0x76, 0x4d, 0x6f, 0x64, 0x65,
    0x6c, 0x56, 0x69, 0x65, 0x77, 0x3b, 0x0a, 0x75, 0x6e, 0x69, 0x66, 0x6f,
    0x72, 0x6d, 0x20, 0x6d, 0x61, 0x74, 0x34, 0x20, 0x75, 0x5f, 0x6d, 0x6f,
    0x64, 0x65, 0x6c, 0x56, 0x69, 0x65, 0x77, 0x50, 0x72, 0x6f, 0x6a, 0x3b,
    0x0a, 0x75, 0x6e, 0x69, 0x66, 0x6f, 0x72, 0x6d, 0x20, 0x76, 0x65, 0x63,
    0x34, 0x20, 0x75, 0x5f, 0x61, 0x6c, 0x70, 0x68, 0x61, 0x52, 0x65, 0x66,
    0x34, 0x3b, 0x0a, 0x75, 0x6e, 0x69, 0x66, 0x6f, 0x72, 0x6d, 0x20, 0x6d,
    0x61, 0x74, 0x34, 0x20, 0x75, 0x5f, 0x6d, 0x6f, 0x64, 0x65, 0x6c, 0x5b,
    0x31, 0x5d, 0x3b, 0x0a, 0x75, 0x6e, 0x69, 0x66, 0x6f, 0x72, 0x6d, 0x20,
    0x73, 0x61, 0x6d, 0x70, 0x6c, 0x65, 0x72, 0x32, 0x44, 0x20, 0x73, 0x5f,
    0x74, 0x65, 0x78, 0x74, 0x75, 0x72, 0x65, 0x3b, 0x0a, 0x6f, 0x75, 0x74,
    0x20, 0x76, 0x65, 0x63, 0x34, 0x20, 0x62, 0x67, 0x66, 0x78, 0x5f, 0x46,
    0x72, 0x61, 0x67, 0x43, 0x6f, 0x6c, 0x6f, 0x72, 0x3b, 0x0a, 0x76, 0x6f,
    0x69, 0x64, 0x20, 0x6d, 0x61, 0x69, 0x6e, 0x28, 0x29, 0x0a, 0x7b, 0x0a,
    0x62, 0x67, 0x66, 0x78, 0x5f, 0x46, 0x72, 0x61, 0x67, 0x43, 0x6f, 0x6c,
    0x6f, 0x72, 0x20, 0x3d, 0x20, 0x74, 0x65, 0x78, 0x74, 0x75, 0x72, 0x65,
    0x28, 0x73, 0x5f, 0x74, 0x65, 0x78, 0x74, 0x75, 0x72, 0x65, 0x2c, 0x20,
    0x76, 0x5f, 0x74, 0x65, 0x78, 0x63, 0x6f, 0x6f, 0x72, 0x64, 0x30, 0x29,
    0x3b, 0x0a, 0x7d, 0x0a, 0x00,
};
const size_t kEmbeddedGL_affine_blt_fs_size = sizeof(kEmbeddedGL_affine_blt_fs);

} // namespace Caesura
