// ==================================================================
// Caesura (AmeKAG) - Embedded Shaders (Vulkan SPIR-V + DX11 DXBC)
// ==================================================================
// GLSL equivalents:
//   VS: gl_Position = vec4(a_position, 0.0, 1.0); v_texcoord0 = a_texcoord0;
//   FS: fragColor = texture(s_texture, v_texcoord0);
//
// Vulkan SPIR-V: hand-assembled, SPIR-V 1.0 compliant
// DX11 DXBC: compiled from shaders/dx11/*.hlsl via fxc.exe /T vs_4_0 / ps_4_0
// ==================================================================

#include "EmbeddedShaders.h"

namespace Caesura {

#include "EmbeddedShaders_SPIRV.cpp"

// -- Vulkan SPIR-V: Vertex Shader (157 dwords) -----------------------------

const uint32_t kEmbeddedVS_Sprite[] = {
    0x07230203, 0x00010000, 0x00000000, 0x0000001A, 0x00000000, 0x00020038,
    0x00000001, 0x0005000B, 0x00000001, 0x4C534C47, 0x2E647473, 0x2E303534,
    0x0003000E, 0x00000000, 0x00000000, 0x0009000F, 0x00000000, 0x00000004,
    0x6E69616D, 0x00000008, 0x0000000B, 0x0000000E, 0x00000011, 0x00030003,
    0x00000000, 0x00000000, 0x00050005, 0x00000008, 0x6F705F61, 0x69746973,
    0x00006E6F, 0x00050005, 0x0000000B, 0x65745F61, 0x6F6F6378, 0x00306472,
    0x00050005, 0x0000000E, 0x65745F76, 0x6F6F6378, 0x00306472, 0x00030005,
    0x00000004, 0x6E69616D, 0x00050005, 0x00000011, 0x505F6C67, 0x7469736F,
    0x006E6F69, 0x00040047, 0x00000008, 0x0000001E, 0x00000000, 0x00040047,
    0x0000000B, 0x0000001E, 0x00000001, 0x00040047, 0x0000000E, 0x0000001E,
    0x00000000, 0x00040047, 0x00000011, 0x0000000B, 0x00000000, 0x00020015,
    0x00000002, 0x00030016, 0x00000003, 0x00000020, 0x00040017, 0x00000006,
    0x00000003, 0x00000002, 0x00040017, 0x00000007, 0x00000003, 0x00000004,
    0x00040020, 0x00000005, 0x00000001, 0x00000006, 0x00040020, 0x0000000A,
    0x00000002, 0x00000006, 0x00040020, 0x0000000D, 0x00000002, 0x00000007,
    0x00030021, 0x00000010, 0x00000002, 0x0004002B, 0x00000003, 0x00000014,
    0x00000000, 0x0004002B, 0x00000003, 0x00000015, 0x3F800000, 0x0004003B,
    0x00000005, 0x00000008, 0x00000001, 0x0004003B, 0x00000005, 0x0000000B,
    0x00000001, 0x0004003B, 0x0000000A, 0x0000000E, 0x00000002, 0x0004003B,
    0x0000000D, 0x00000011, 0x00000002, 0x00050036, 0x00000002, 0x00000004,
    0x00000000, 0x00000010, 0x000200F8, 0x00000013, 0x0004003D, 0x00000006,
    0x00000009, 0x00000008, 0x0004003D, 0x00000006, 0x0000000C, 0x0000000B,
    0x00050033, 0x00000003, 0x0000000F, 0x00000009, 0x00000000, 0x00050033,
    0x00000003, 0x00000012, 0x00000009, 0x00000001, 0x00070036, 0x00000007,
    0x00000016, 0x0000000F, 0x00000012, 0x00000014, 0x00000015, 0x0003003E,
    0x00000011, 0x00000016, 0x0003003E, 0x0000000E, 0x0000000C, 0x000100FD,
    0x00010038,
};
const size_t kEmbeddedVS_SpriteSize = 157;

// -- Vulkan SPIR-V: Fragment Shader (138 dwords) ---------------------------

const uint32_t kEmbeddedFS_Texture[] = {
    0x07230203, 0x00010000, 0x00000000, 0x00000016, 0x00000000, 0x00020038,
    0x00000001, 0x0005000B, 0x00000001, 0x4C534C47, 0x2E647473, 0x2E303534,
    0x0003000E, 0x00000000, 0x00000000, 0x0007000F, 0x00000004, 0x00000004,
    0x6E69616D, 0x00000008, 0x0000000B, 0x00030010, 0x00000004, 0x00000000,
    0x00030003, 0x00000000, 0x00000000, 0x00050005, 0x00000008, 0x65745F76,
    0x6F6F6378, 0x00306472, 0x00050005, 0x0000000B, 0x67617266, 0x6F6C6F43,
    0x00000072, 0x00030005, 0x00000004, 0x6E69616D, 0x00050005, 0x00000010,
    0x65745F73, 0x72757478, 0x00000065, 0x00040047, 0x00000008, 0x0000001E,
    0x00000000, 0x00040047, 0x0000000B, 0x0000001E, 0x00000000, 0x00040047,
    0x00000010, 0x00000021, 0x00000000, 0x00040047, 0x00000010, 0x00000002,
    0x00000000, 0x00020015, 0x00000002, 0x00030016, 0x00000003, 0x00000020,
    0x00040017, 0x00000005, 0x00000003, 0x00000002, 0x00040017, 0x00000006,
    0x00000003, 0x00000004, 0x00040020, 0x00000007, 0x00000001, 0x00000005,
    0x00040020, 0x0000000A, 0x00000002, 0x00000006, 0x00090019, 0x0000000D,
    0x00000003, 0x00000002, 0x00000000, 0x00000000, 0x00000000, 0x00000001,
    0x00000000, 0x0003001B, 0x0000000E, 0x0000000D, 0x00040020, 0x0000000F,
    0x00000000, 0x0000000E, 0x00030021, 0x00000012, 0x00000002, 0x0004003B,
    0x00000007, 0x00000008, 0x00000001, 0x0004003B, 0x0000000A, 0x0000000B,
    0x00000002, 0x0004003B, 0x0000000F, 0x00000010, 0x00000000, 0x00050036,
    0x00000002, 0x00000004, 0x00000000, 0x00000012, 0x000200F8, 0x00000014,
    0x0004003D, 0x00000005, 0x00000009, 0x00000008, 0x0004003D, 0x0000000E,
    0x0000000C, 0x00000010, 0x00050057, 0x00000006, 0x00000011, 0x0000000C,
    0x00000009, 0x0003003E, 0x0000000B, 0x00000011, 0x000100FD, 0x00010038,
};
const size_t kEmbeddedFS_TextureSize = 138;

// -- DX11 DXBC: Vertex Shader (568 bytes, vs_4_0) -------------------------

const uint8_t kEmbeddedDXBC_VS_Sprite[] = {
    0x44, 0x58, 0x42, 0x43, 0x8E, 0xE2, 0x75, 0xAD, 0xC1, 0x05, 0x08, 0x43, 0x43, 0x10, 0xD9, 0xCB,
    0xDF, 0x3A, 0xD5, 0x90, 0x01, 0x00, 0x00, 0x00, 0x38, 0x02, 0x00, 0x00, 0x05, 0x00, 0x00, 0x00,
    0x34, 0x00, 0x00, 0x00, 0x80, 0x00, 0x00, 0x00, 0xD4, 0x00, 0x00, 0x00, 0x2C, 0x01, 0x00, 0x00,
    0xBC, 0x01, 0x00, 0x00, 0x52, 0x44, 0x45, 0x46, 0x44, 0x00, 0x00, 0x00, 0x00, 0x00, 0x00, 0x00,
    0x00, 0x00, 0x00, 0x00, 0x00, 0x00, 0x00, 0x00, 0x1C, 0x00, 0x00, 0x00, 0x00, 0x04, 0xFE, 0xFF,
    0x00, 0x01, 0x00, 0x00, 0x1C, 0x00, 0x00, 0x00, 0x4D, 0x69, 0x63, 0x72, 0x6F, 0x73, 0x6F, 0x66,
    0x74, 0x20, 0x28, 0x52, 0x29, 0x20, 0x48, 0x4C, 0x53, 0x4C, 0x20, 0x53, 0x68, 0x61, 0x64, 0x65,
    0x72, 0x20, 0x43, 0x6F, 0x6D, 0x70, 0x69, 0x6C, 0x65, 0x72, 0x20, 0x31, 0x30, 0x2E, 0x31, 0x00,
    0x49, 0x53, 0x47, 0x4E, 0x4C, 0x00, 0x00, 0x00, 0x02, 0x00, 0x00, 0x00, 0x08, 0x00, 0x00, 0x00,
    0x38, 0x00, 0x00, 0x00, 0x00, 0x00, 0x00, 0x00, 0x00, 0x00, 0x00, 0x00, 0x03, 0x00, 0x00, 0x00,
    0x00, 0x00, 0x00, 0x00, 0x03, 0x03, 0x00, 0x00, 0x41, 0x00, 0x00, 0x00, 0x00, 0x00, 0x00, 0x00,
    0x00, 0x00, 0x00, 0x00, 0x03, 0x00, 0x00, 0x00, 0x01, 0x00, 0x00, 0x00, 0x03, 0x03, 0x00, 0x00,
    0x50, 0x4F, 0x53, 0x49, 0x54, 0x49, 0x4F, 0x4E, 0x00, 0x54, 0x45, 0x58, 0x43, 0x4F, 0x4F, 0x52,
    0x44, 0x00, 0xAB, 0xAB, 0x4F, 0x53, 0x47, 0x4E, 0x50, 0x00, 0x00, 0x00, 0x02, 0x00, 0x00, 0x00,
    0x08, 0x00, 0x00, 0x00, 0x38, 0x00, 0x00, 0x00, 0x00, 0x00, 0x00, 0x00, 0x01, 0x00, 0x00, 0x00,
    0x03, 0x00, 0x00, 0x00, 0x00, 0x00, 0x00, 0x00, 0x0F, 0x00, 0x00, 0x00, 0x44, 0x00, 0x00, 0x00,
    0x00, 0x00, 0x00, 0x00, 0x00, 0x00, 0x00, 0x00, 0x03, 0x00, 0x00, 0x00, 0x01, 0x00, 0x00, 0x00,
    0x03, 0x0C, 0x00, 0x00, 0x53, 0x56, 0x5F, 0x50, 0x4F, 0x53, 0x49, 0x54, 0x49, 0x4F, 0x4E, 0x00,
    0x54, 0x45, 0x58, 0x43, 0x4F, 0x4F, 0x52, 0x44, 0x00, 0xAB, 0xAB, 0xAB, 0x53, 0x48, 0x44, 0x52,
    0x88, 0x00, 0x00, 0x00, 0x40, 0x00, 0x01, 0x00, 0x22, 0x00, 0x00, 0x00, 0x5F, 0x00, 0x00, 0x03,
    0x32, 0x10, 0x10, 0x00, 0x00, 0x00, 0x00, 0x00, 0x5F, 0x00, 0x00, 0x03, 0x32, 0x10, 0x10, 0x00,
    0x01, 0x00, 0x00, 0x00, 0x67, 0x00, 0x00, 0x04, 0xF2, 0x20, 0x10, 0x00, 0x00, 0x00, 0x00, 0x00,
    0x01, 0x00, 0x00, 0x00, 0x65, 0x00, 0x00, 0x03, 0x32, 0x20, 0x10, 0x00, 0x01, 0x00, 0x00, 0x00,
    0x36, 0x00, 0x00, 0x05, 0x32, 0x20, 0x10, 0x00, 0x00, 0x00, 0x00, 0x00, 0x46, 0x10, 0x10, 0x00,
    0x00, 0x00, 0x00, 0x00, 0x36, 0x00, 0x00, 0x08, 0xC2, 0x20, 0x10, 0x00, 0x00, 0x00, 0x00, 0x00,
    0x02, 0x40, 0x00, 0x00, 0x00, 0x00, 0x00, 0x00, 0x00, 0x00, 0x00, 0x00, 0x00, 0x00, 0x00, 0x00,
    0x00, 0x00, 0x80, 0x3F, 0x36, 0x00, 0x00, 0x05, 0x32, 0x20, 0x10, 0x00, 0x01, 0x00, 0x00, 0x00,
    0x46, 0x10, 0x10, 0x00, 0x01, 0x00, 0x00, 0x00, 0x3E, 0x00, 0x00, 0x01, 0x53, 0x54, 0x41, 0x54,
    0x74, 0x00, 0x00, 0x00, 0x04, 0x00, 0x00, 0x00, 0x00, 0x00, 0x00, 0x00, 0x00, 0x00, 0x00, 0x00,
    0x04, 0x00, 0x00, 0x00, 0x00, 0x00, 0x00, 0x00, 0x00, 0x00, 0x00, 0x00, 0x00, 0x00, 0x00, 0x00,
    0x01, 0x00, 0x00, 0x00, 0x00, 0x00, 0x00, 0x00, 0x00, 0x00, 0x00, 0x00, 0x00, 0x00, 0x00, 0x00,
    0x00, 0x00, 0x00, 0x00, 0x00, 0x00, 0x00, 0x00, 0x00, 0x00, 0x00, 0x00, 0x00, 0x00, 0x00, 0x00,
    0x00, 0x00, 0x00, 0x00, 0x00, 0x00, 0x00, 0x00, 0x00, 0x00, 0x00, 0x00, 0x00, 0x00, 0x00, 0x00,
    0x03, 0x00, 0x00, 0x00, 0x00, 0x00, 0x00, 0x00, 0x00, 0x00, 0x00, 0x00, 0x00, 0x00, 0x00, 0x00,
    0x00, 0x00, 0x00, 0x00, 0x00, 0x00, 0x00, 0x00, 0x00, 0x00, 0x00, 0x00, 0x00, 0x00, 0x00, 0x00,
    0x00, 0x00, 0x00, 0x00, 0x00, 0x00, 0x00, 0x00
};
const size_t kEmbeddedDXBC_VS_Sprite_size = 568;

// -- DX11 DXBC: Fragment Shader (592 bytes, ps_4_0) -----------------------

const uint8_t kEmbeddedDXBC_FS_Texture[] = {
    0x44, 0x58, 0x42, 0x43, 0xD1, 0xB5, 0x5C, 0xC6, 0x2B, 0xE3, 0xFF, 0x3A, 0x59, 0xFF, 0x24, 0xD4,
    0x23, 0x6E, 0x8E, 0xFF, 0x01, 0x00, 0x00, 0x00, 0x50, 0x02, 0x00, 0x00, 0x05, 0x00, 0x00, 0x00,
    0x34, 0x00, 0x00, 0x00, 0xDC, 0x00, 0x00, 0x00, 0x34, 0x01, 0x00, 0x00, 0x68, 0x01, 0x00, 0x00,
    0xD4, 0x01, 0x00, 0x00, 0x52, 0x44, 0x45, 0x46, 0xA0, 0x00, 0x00, 0x00, 0x00, 0x00, 0x00, 0x00,
    0x00, 0x00, 0x00, 0x00, 0x02, 0x00, 0x00, 0x00, 0x1C, 0x00, 0x00, 0x00, 0x00, 0x04, 0xFF, 0xFF,
    0x00, 0x01, 0x00, 0x00, 0x77, 0x00, 0x00, 0x00, 0x5C, 0x00, 0x00, 0x00, 0x03, 0x00, 0x00, 0x00,
    0x00, 0x00, 0x00, 0x00, 0x00, 0x00, 0x00, 0x00, 0x00, 0x00, 0x00, 0x00, 0x00, 0x00, 0x00, 0x00,
    0x01, 0x00, 0x00, 0x00, 0x01, 0x00, 0x00, 0x00, 0x6D, 0x00, 0x00, 0x00, 0x02, 0x00, 0x00, 0x00,
    0x05, 0x00, 0x00, 0x00, 0x04, 0x00, 0x00, 0x00, 0xFF, 0xFF, 0xFF, 0xFF, 0x00, 0x00, 0x00, 0x00,
    0x01, 0x00, 0x00, 0x00, 0x0D, 0x00, 0x00, 0x00, 0x73, 0x5F, 0x74, 0x65, 0x78, 0x74, 0x75, 0x72,
    0x65, 0x53, 0x61, 0x6D, 0x70, 0x6C, 0x65, 0x72, 0x00, 0x73, 0x5F, 0x74, 0x65, 0x78, 0x74, 0x75,
    0x72, 0x65, 0x00, 0x4D, 0x69, 0x63, 0x72, 0x6F, 0x73, 0x6F, 0x66, 0x74, 0x20, 0x28, 0x52, 0x29,
    0x20, 0x48, 0x4C, 0x53, 0x4C, 0x20, 0x53, 0x68, 0x61, 0x64, 0x65, 0x72, 0x20, 0x43, 0x6F, 0x6D,
    0x70, 0x69, 0x6C, 0x65, 0x72, 0x20, 0x31, 0x30, 0x2E, 0x31, 0x00, 0xAB, 0x49, 0x53, 0x47, 0x4E,
    0x50, 0x00, 0x00, 0x00, 0x02, 0x00, 0x00, 0x00, 0x08, 0x00, 0x00, 0x00, 0x38, 0x00, 0x00, 0x00,
    0x00, 0x00, 0x00, 0x00, 0x01, 0x00, 0x00, 0x00, 0x03, 0x00, 0x00, 0x00, 0x00, 0x00, 0x00, 0x00,
    0x0F, 0x00, 0x00, 0x00, 0x44, 0x00, 0x00, 0x00, 0x00, 0x00, 0x00, 0x00, 0x00, 0x00, 0x00, 0x00,
    0x03, 0x00, 0x00, 0x00, 0x01, 0x00, 0x00, 0x00, 0x03, 0x03, 0x00, 0x00, 0x53, 0x56, 0x5F, 0x50,
    0x4F, 0x53, 0x49, 0x54, 0x49, 0x4F, 0x4E, 0x00, 0x54, 0x45, 0x58, 0x43, 0x4F, 0x4F, 0x52, 0x44,
    0x00, 0xAB, 0xAB, 0xAB, 0x4F, 0x53, 0x47, 0x4E, 0x2C, 0x00, 0x00, 0x00, 0x01, 0x00, 0x00, 0x00,
    0x08, 0x00, 0x00, 0x00, 0x20, 0x00, 0x00, 0x00, 0x00, 0x00, 0x00, 0x00, 0x00, 0x00, 0x00, 0x00,
    0x03, 0x00, 0x00, 0x00, 0x00, 0x00, 0x00, 0x00, 0x0F, 0x00, 0x00, 0x00, 0x53, 0x56, 0x5F, 0x54,
    0x41, 0x52, 0x47, 0x45, 0x54, 0x00, 0xAB, 0xAB, 0x53, 0x48, 0x44, 0x52, 0x64, 0x00, 0x00, 0x00,
    0x40, 0x00, 0x00, 0x00, 0x19, 0x00, 0x00, 0x00, 0x5A, 0x00, 0x00, 0x03, 0x00, 0x60, 0x10, 0x00,
    0x00, 0x00, 0x00, 0x00, 0x58, 0x18, 0x00, 0x04, 0x00, 0x70, 0x10, 0x00, 0x00, 0x00, 0x00, 0x00,
    0x55, 0x55, 0x00, 0x00, 0x62, 0x10, 0x00, 0x03, 0x32, 0x10, 0x10, 0x00, 0x01, 0x00, 0x00, 0x00,
    0x65, 0x00, 0x00, 0x03, 0xF2, 0x20, 0x10, 0x00, 0x00, 0x00, 0x00, 0x00, 0x45, 0x00, 0x00, 0x09,
    0xF2, 0x20, 0x10, 0x00, 0x00, 0x00, 0x00, 0x00, 0x46, 0x10, 0x10, 0x00, 0x01, 0x00, 0x00, 0x00,
    0x46, 0x7E, 0x10, 0x00, 0x00, 0x00, 0x00, 0x00, 0x00, 0x60, 0x10, 0x00, 0x00, 0x00, 0x00, 0x00,
    0x3E, 0x00, 0x00, 0x01, 0x53, 0x54, 0x41, 0x54, 0x74, 0x00, 0x00, 0x00, 0x02, 0x00, 0x00, 0x00,
    0x00, 0x00, 0x00, 0x00, 0x00, 0x00, 0x00, 0x00, 0x02, 0x00, 0x00, 0x00, 0x00, 0x00, 0x00, 0x00,
    0x00, 0x00, 0x00, 0x00, 0x00, 0x00, 0x00, 0x00, 0x01, 0x00, 0x00, 0x00, 0x00, 0x00, 0x00, 0x00,
    0x00, 0x00, 0x00, 0x00, 0x00, 0x00, 0x00, 0x00, 0x00, 0x00, 0x00, 0x00, 0x00, 0x00, 0x00, 0x00,
    0x00, 0x00, 0x00, 0x00, 0x01, 0x00, 0x00, 0x00, 0x00, 0x00, 0x00, 0x00, 0x00, 0x00, 0x00, 0x00,
    0x00, 0x00, 0x00, 0x00, 0x00, 0x00, 0x00, 0x00, 0x00, 0x00, 0x00, 0x00, 0x00, 0x00, 0x00, 0x00,
    0x00, 0x00, 0x00, 0x00, 0x00, 0x00, 0x00, 0x00, 0x00, 0x00, 0x00, 0x00, 0x00, 0x00, 0x00, 0x00,
    0x00, 0x00, 0x00, 0x00, 0x00, 0x00, 0x00, 0x00, 0x00, 0x00, 0x00, 0x00, 0x00, 0x00, 0x00, 0x00
};
const size_t kEmbeddedDXBC_FS_Texture_size = 592;


// -- vs_fullscreen (DXBC, 740 bytes) -------------------------------------------
const uint8_t kEmbeddedDXBC_vs_fullscreen[] = {
    0x44, 0x58, 0x42, 0x43, 0xc4, 0x3e, 0x71, 0xa1, 0x26, 0x22, 0x2d, 0x1f,
    0xa5, 0x7a, 0xff, 0xa6, 0xd9, 0xd1, 0x36, 0xff, 0x01, 0x00, 0x00, 0x00,
    0x38, 0x02, 0x00, 0x00, 0x05, 0x00, 0x00, 0x00, 0x34, 0x00, 0x00, 0x00,
    0x80, 0x00, 0x00, 0x00, 0xd4, 0x00, 0x00, 0x00, 0x2c, 0x01, 0x00, 0x00,
    0xbc, 0x01, 0x00, 0x00, 0x52, 0x44, 0x45, 0x46, 0x44, 0x00, 0x00, 0x00,
    0x00, 0x00, 0x00, 0x00, 0x00, 0x00, 0x00, 0x00, 0x00, 0x00, 0x00, 0x00,
    0x1c, 0x00, 0x00, 0x00, 0x00, 0x04, 0xfe, 0xff, 0x00, 0x81, 0x00, 0x00,
    0x1c, 0x00, 0x00, 0x00, 0x4d, 0x69, 0x63, 0x72, 0x6f, 0x73, 0x6f, 0x66,
    0x74, 0x20, 0x28, 0x52, 0x29, 0x20, 0x48, 0x4c, 0x53, 0x4c, 0x20, 0x53,
    0x68, 0x61, 0x64, 0x65, 0x72, 0x20, 0x43, 0x6f, 0x6d, 0x70, 0x69, 0x6c,
    0x65, 0x72, 0x20, 0x31, 0x30, 0x2e, 0x31, 0x00, 0x49, 0x53, 0x47, 0x4e,
    0x4c, 0x00, 0x00, 0x00, 0x02, 0x00, 0x00, 0x00, 0x08, 0x00, 0x00, 0x00,
    0x38, 0x00, 0x00, 0x00, 0x00, 0x00, 0x00, 0x00, 0x00, 0x00, 0x00, 0x00,
    0x03, 0x00, 0x00, 0x00, 0x00, 0x00, 0x00, 0x00, 0x03, 0x03, 0x00, 0x00,
    0x41, 0x00, 0x00, 0x00, 0x00, 0x00, 0x00, 0x00, 0x00, 0x00, 0x00, 0x00,
    0x03, 0x00, 0x00, 0x00, 0x01, 0x00, 0x00, 0x00, 0x03, 0x03, 0x00, 0x00,
    0x50, 0x4f, 0x53, 0x49, 0x54, 0x49, 0x4f, 0x4e, 0x00, 0x54, 0x45, 0x58,
    0x43, 0x4f, 0x4f, 0x52, 0x44, 0x00, 0xab, 0xab, 0x4f, 0x53, 0x47, 0x4e,
    0x50, 0x00, 0x00, 0x00, 0x02, 0x00, 0x00, 0x00, 0x08, 0x00, 0x00, 0x00,
    0x38, 0x00, 0x00, 0x00, 0x00, 0x00, 0x00, 0x00, 0x01, 0x00, 0x00, 0x00,
    0x03, 0x00, 0x00, 0x00, 0x00, 0x00, 0x00, 0x00, 0x0f, 0x00, 0x00, 0x00,
    0x44, 0x00, 0x00, 0x00, 0x00, 0x00, 0x00, 0x00, 0x00, 0x00, 0x00, 0x00,
    0x03, 0x00, 0x00, 0x00, 0x01, 0x00, 0x00, 0x00, 0x03, 0x0c, 0x00, 0x00,
    0x53, 0x56, 0x5f, 0x50, 0x4f, 0x53, 0x49, 0x54, 0x49, 0x4f, 0x4e, 0x00,
    0x54, 0x45, 0x58, 0x43, 0x4f, 0x4f, 0x52, 0x44, 0x00, 0xab, 0xab, 0xab,
    0x53, 0x48, 0x44, 0x52, 0x88, 0x00, 0x00, 0x00, 0x40, 0x00, 0x01, 0x00,
    0x22, 0x00, 0x00, 0x00, 0x5f, 0x00, 0x00, 0x03, 0x32, 0x10, 0x10, 0x00,
    0x00, 0x00, 0x00, 0x00, 0x5f, 0x00, 0x00, 0x03, 0x32, 0x10, 0x10, 0x00,
    0x01, 0x00, 0x00, 0x00, 0x67, 0x00, 0x00, 0x04, 0xf2, 0x20, 0x10, 0x00,
    0x00, 0x00, 0x00, 0x00, 0x01, 0x00, 0x00, 0x00, 0x65, 0x00, 0x00, 0x03,
    0x32, 0x20, 0x10, 0x00, 0x01, 0x00, 0x00, 0x00, 0x36, 0x00, 0x00, 0x05,
    0x32, 0x20, 0x10, 0x00, 0x00, 0x00, 0x00, 0x00, 0x46, 0x10, 0x10, 0x00,
    0x00, 0x00, 0x00, 0x00, 0x36, 0x00, 0x00, 0x08, 0xc2, 0x20, 0x10, 0x00,
    0x00, 0x00, 0x00, 0x00, 0x02, 0x40, 0x00, 0x00, 0x00, 0x00, 0x00, 0x00,
    0x00, 0x00, 0x00, 0x00, 0x00, 0x00, 0x00, 0x00, 0x00, 0x00, 0x80, 0x3f,
    0x36, 0x00, 0x00, 0x05, 0x32, 0x20, 0x10, 0x00, 0x01, 0x00, 0x00, 0x00,
    0x46, 0x10, 0x10, 0x00, 0x01, 0x00, 0x00, 0x00, 0x3e, 0x00, 0x00, 0x01,
    0x53, 0x54, 0x41, 0x54, 0x74, 0x00, 0x00, 0x00, 0x04, 0x00, 0x00, 0x00,
    0x00, 0x00, 0x00, 0x00, 0x00, 0x00, 0x00, 0x00, 0x04, 0x00, 0x00, 0x00,
    0x00, 0x00, 0x00, 0x00, 0x00, 0x00, 0x00, 0x00, 0x00, 0x00, 0x00, 0x00,
    0x01, 0x00, 0x00, 0x00, 0x00, 0x00, 0x00, 0x00, 0x00, 0x00, 0x00, 0x00,
    0x00, 0x00, 0x00, 0x00, 0x00, 0x00, 0x00, 0x00, 0x00, 0x00, 0x00, 0x00,
    0x00, 0x00, 0x00, 0x00, 0x00, 0x00, 0x00, 0x00, 0x00, 0x00, 0x00, 0x00,
    0x00, 0x00, 0x00, 0x00, 0x00, 0x00, 0x00, 0x00, 0x00, 0x00, 0x00, 0x00,
    0x03, 0x00, 0x00, 0x00, 0x00, 0x00, 0x00, 0x00, 0x00, 0x00, 0x00, 0x00,
    0x00, 0x00, 0x00, 0x00, 0x00, 0x00, 0x00, 0x00, 0x00, 0x00, 0x00, 0x00,
    0x00, 0x00, 0x00, 0x00, 0x00, 0x00, 0x00, 0x00, 0x00, 0x00, 0x00, 0x00,
    0x00, 0x00, 0x00, 0x00,
};
const size_t kEmbeddedDXBC_vs_fullscreen_size = sizeof(kEmbeddedDXBC_vs_fullscreen);

// -- fs_blend (DXBC, 2176 bytes) -------------------------------------------
const uint8_t kEmbeddedDXBC_fs_blend[] = {
    0x44, 0x58, 0x42, 0x43, 0x7f, 0xe0, 0xb3, 0x1b, 0xd1, 0xd1, 0xe1, 0xf7,
    0x41, 0x55, 0x1e, 0x84, 0x07, 0x8d, 0xb5, 0xc0, 0x01, 0x00, 0x00, 0x00,
    0x50, 0x08, 0x00, 0x00, 0x05, 0x00, 0x00, 0x00, 0x34, 0x00, 0x00, 0x00,
    0xc4, 0x01, 0x00, 0x00, 0x1c, 0x02, 0x00, 0x00, 0x50, 0x02, 0x00, 0x00,
    0xd4, 0x07, 0x00, 0x00, 0x52, 0x44, 0x45, 0x46, 0x88, 0x01, 0x00, 0x00,
    0x01, 0x00, 0x00, 0x00, 0xf4, 0x00, 0x00, 0x00, 0x05, 0x00, 0x00, 0x00,
    0x1c, 0x00, 0x00, 0x00, 0x00, 0x04, 0xff, 0xff, 0x00, 0x81, 0x00, 0x00,
    0x5e, 0x01, 0x00, 0x00, 0xbc, 0x00, 0x00, 0x00, 0x03, 0x00, 0x00, 0x00,
    0x00, 0x00, 0x00, 0x00, 0x00, 0x00, 0x00, 0x00, 0x00, 0x00, 0x00, 0x00,
    0x00, 0x00, 0x00, 0x00, 0x01, 0x00, 0x00, 0x00, 0x01, 0x00, 0x00, 0x00,
    0xc7, 0x00, 0x00, 0x00, 0x03, 0x00, 0x00, 0x00, 0x00, 0x00, 0x00, 0x00,
    0x00, 0x00, 0x00, 0x00, 0x00, 0x00, 0x00, 0x00, 0x01, 0x00, 0x00, 0x00,
    0x01, 0x00, 0x00, 0x00, 0x01, 0x00, 0x00, 0x00, 0xd3, 0x00, 0x00, 0x00,
    0x02, 0x00, 0x00, 0x00, 0x05, 0x00, 0x00, 0x00, 0x04, 0x00, 0x00, 0x00,
    0xff, 0xff, 0xff, 0xff, 0x00, 0x00, 0x00, 0x00, 0x01, 0x00, 0x00, 0x00,
    0x0d, 0x00, 0x00, 0x00, 0xdd, 0x00, 0x00, 0x00, 0x02, 0x00, 0x00, 0x00,
    0x05, 0x00, 0x00, 0x00, 0x04, 0x00, 0x00, 0x00, 0xff, 0xff, 0xff, 0xff,
    0x01, 0x00, 0x00, 0x00, 0x01, 0x00, 0x00, 0x00, 0x0d, 0x00, 0x00, 0x00,
    0xe8, 0x00, 0x00, 0x00, 0x00, 0x00, 0x00, 0x00, 0x00, 0x00, 0x00, 0x00,
    0x00, 0x00, 0x00, 0x00, 0x00, 0x00, 0x00, 0x00, 0x00, 0x00, 0x00, 0x00,
    0x01, 0x00, 0x00, 0x00, 0x01, 0x00, 0x00, 0x00, 0x73, 0x5f, 0x62, 0x61,
    0x73, 0x65, 0x53, 0x61, 0x6d, 0x70, 0x00, 0x73, 0x5f, 0x62, 0x6c, 0x65,
    0x6e, 0x64, 0x53, 0x61, 0x6d, 0x70, 0x00, 0x73, 0x5f, 0x62, 0x61, 0x73,
    0x65, 0x54, 0x65, 0x78, 0x00, 0x73, 0x5f, 0x62, 0x6c, 0x65, 0x6e, 0x64,
    0x54, 0x65, 0x78, 0x00, 0x42, 0x6c, 0x65, 0x6e, 0x64, 0x50, 0x61, 0x72,
    0x61, 0x6d, 0x73, 0x00, 0xe8, 0x00, 0x00, 0x00, 0x02, 0x00, 0x00, 0x00,
    0x0c, 0x01, 0x00, 0x00, 0x20, 0x00, 0x00, 0x00, 0x00, 0x00, 0x00, 0x00,
    0x00, 0x00, 0x00, 0x00, 0x3c, 0x01, 0x00, 0x00, 0x00, 0x00, 0x00, 0x00,
    0x10, 0x00, 0x00, 0x00, 0x02, 0x00, 0x00, 0x00, 0x48, 0x01, 0x00, 0x00,
    0x00, 0x00, 0x00, 0x00, 0x58, 0x01, 0x00, 0x00, 0x10, 0x00, 0x00, 0x00,
    0x10, 0x00, 0x00, 0x00, 0x00, 0x00, 0x00, 0x00, 0x48, 0x01, 0x00, 0x00,
    0x00, 0x00, 0x00, 0x00, 0x75, 0x5f, 0x6f, 0x70, 0x61, 0x63, 0x69, 0x74,
    0x79, 0x00, 0xab, 0xab, 0x01, 0x00, 0x03, 0x00, 0x01, 0x00, 0x04, 0x00,
    0x00, 0x00, 0x00, 0x00, 0x00, 0x00, 0x00, 0x00, 0x75, 0x5f, 0x70, 0x61,
    0x64, 0x00, 0x4d, 0x69, 0x63, 0x72, 0x6f, 0x73, 0x6f, 0x66, 0x74, 0x20,
    0x28, 0x52, 0x29, 0x20, 0x48, 0x4c, 0x53, 0x4c, 0x20, 0x53, 0x68, 0x61,
    0x64, 0x65, 0x72, 0x20, 0x43, 0x6f, 0x6d, 0x70, 0x69, 0x6c, 0x65, 0x72,
    0x20, 0x31, 0x30, 0x2e, 0x31, 0x00, 0xab, 0xab, 0x49, 0x53, 0x47, 0x4e,
    0x50, 0x00, 0x00, 0x00, 0x02, 0x00, 0x00, 0x00, 0x08, 0x00, 0x00, 0x00,
    0x38, 0x00, 0x00, 0x00, 0x00, 0x00, 0x00, 0x00, 0x01, 0x00, 0x00, 0x00,
    0x03, 0x00, 0x00, 0x00, 0x00, 0x00, 0x00, 0x00, 0x0f, 0x00, 0x00, 0x00,
    0x44, 0x00, 0x00, 0x00, 0x00, 0x00, 0x00, 0x00, 0x00, 0x00, 0x00, 0x00,
    0x03, 0x00, 0x00, 0x00, 0x01, 0x00, 0x00, 0x00, 0x03, 0x03, 0x00, 0x00,
    0x53, 0x56, 0x5f, 0x50, 0x4f, 0x53, 0x49, 0x54, 0x49, 0x4f, 0x4e, 0x00,
    0x54, 0x45, 0x58, 0x43, 0x4f, 0x4f, 0x52, 0x44, 0x00, 0xab, 0xab, 0xab,
    0x4f, 0x53, 0x47, 0x4e, 0x2c, 0x00, 0x00, 0x00, 0x01, 0x00, 0x00, 0x00,
    0x08, 0x00, 0x00, 0x00, 0x20, 0x00, 0x00, 0x00, 0x00, 0x00, 0x00, 0x00,
    0x00, 0x00, 0x00, 0x00, 0x03, 0x00, 0x00, 0x00, 0x00, 0x00, 0x00, 0x00,
    0x0f, 0x00, 0x00, 0x00, 0x53, 0x56, 0x5f, 0x54, 0x41, 0x52, 0x47, 0x45,
    0x54, 0x00, 0xab, 0xab, 0x53, 0x48, 0x44, 0x52, 0x7c, 0x05, 0x00, 0x00,
    0x40, 0x00, 0x00, 0x00, 0x5f, 0x01, 0x00, 0x00, 0x59, 0x00, 0x00, 0x04,
    0x46, 0x8e, 0x20, 0x00, 0x00, 0x00, 0x00, 0x00, 0x01, 0x00, 0x00, 0x00,
    0x5a, 0x00, 0x00, 0x03, 0x00, 0x60, 0x10, 0x00, 0x00, 0x00, 0x00, 0x00,
    0x5a, 0x00, 0x00, 0x03, 0x00, 0x60, 0x10, 0x00, 0x01, 0x00, 0x00, 0x00,
    0x58, 0x18, 0x00, 0x04, 0x00, 0x70, 0x10, 0x00, 0x00, 0x00, 0x00, 0x00,
    0x55, 0x55, 0x00, 0x00, 0x58, 0x18, 0x00, 0x04, 0x00, 0x70, 0x10, 0x00,
    0x01, 0x00, 0x00, 0x00, 0x55, 0x55, 0x00, 0x00, 0x62, 0x10, 0x00, 0x03,
    0x32, 0x10, 0x10, 0x00, 0x01, 0x00, 0x00, 0x00, 0x65, 0x00, 0x00, 0x03,
    0xf2, 0x20, 0x10, 0x00, 0x00, 0x00, 0x00, 0x00, 0x68, 0x00, 0x00, 0x02,
    0x08, 0x00, 0x00, 0x00, 0x45, 0x00, 0x00, 0x09, 0xf2, 0x00, 0x10, 0x00,
    0x00, 0x00, 0x00, 0x00, 0x46, 0x10, 0x10, 0x00, 0x01, 0x00, 0x00, 0x00,
    0x46, 0x7e, 0x10, 0x00, 0x00, 0x00, 0x00, 0x00, 0x00, 0x60, 0x10, 0x00,
    0x00, 0x00, 0x00, 0x00, 0x38, 0x00, 0x00, 0x08, 0x72, 0x00, 0x10, 0x00,
    0x01, 0x00, 0x00, 0x00, 0x46, 0x02, 0x10, 0x00, 0x00, 0x00, 0x00, 0x00,
    0x06, 0x80, 0x20, 0x00, 0x00, 0x00, 0x00, 0x00, 0x00, 0x00, 0x00, 0x00,
    0x45, 0x00, 0x00, 0x09, 0xf2, 0x00, 0x10, 0x00, 0x02, 0x00, 0x00, 0x00,
    0x46, 0x10, 0x10, 0x00, 0x01, 0x00, 0x00, 0x00, 0x46, 0x7e, 0x10, 0x00,
    0x01, 0x00, 0x00, 0x00, 0x00, 0x60, 0x10, 0x00, 0x01, 0x00, 0x00, 0x00,
    0x38, 0x00, 0x00, 0x08, 0xf2, 0x00, 0x10, 0x00, 0x03, 0x00, 0x00, 0x00,
    0x46, 0x0e, 0x10, 0x00, 0x02, 0x00, 0x00, 0x00, 0x56, 0x85, 0x20, 0x00,
    0x00, 0x00, 0x00, 0x00, 0x00, 0x00, 0x00, 0x00, 0x1b, 0x00, 0x00, 0x06,
    0x82, 0x00, 0x10, 0x00, 0x01, 0x00, 0x00, 0x00, 0x3a, 0x80, 0x20, 0x00,
    0x00, 0x00, 0x00, 0x00, 0x00, 0x00, 0x00, 0x00, 0x4c, 0x00, 0x00, 0x03,
    0x3a, 0x00, 0x10, 0x00, 0x01, 0x00, 0x00, 0x00, 0x06, 0x00, 0x00, 0x03,
    0x01, 0x40, 0x00, 0x00, 0x01, 0x00, 0x00, 0x00, 0x32, 0x00, 0x00, 0x0a,
    0x72, 0x00, 0x10, 0x00, 0x04, 0x00, 0x00, 0x00, 0x46, 0x02, 0x10, 0x00,
    0x00, 0x00, 0x00, 0x00, 0x06, 0x80, 0x20, 0x00, 0x00, 0x00, 0x00, 0x00,
    0x00, 0x00, 0x00, 0x00, 0x46, 0x02, 0x10, 0x00, 0x03, 0x00, 0x00, 0x00,
    0x02, 0x00, 0x00, 0x01, 0x06, 0x00, 0x00, 0x03, 0x01, 0x40, 0x00, 0x00,
    0x02, 0x00, 0x00, 0x00, 0x32, 0x00, 0x00, 0x0b, 0x72, 0x00, 0x10, 0x00,
    0x04, 0x00, 0x00, 0x00, 0x46, 0x02, 0x10, 0x00, 0x00, 0x00, 0x00, 0x00,
    0x06, 0x80, 0x20, 0x00, 0x00, 0x00, 0x00, 0x00, 0x00, 0x00, 0x00, 0x00,
    0x46, 0x02, 0x10, 0x80, 0x41, 0x00, 0x00, 0x00, 0x03, 0x00, 0x00, 0x00,
    0x02, 0x00, 0x00, 0x01, 0x06, 0x00, 0x00, 0x03, 0x01, 0x40, 0x00, 0x00,
    0x03, 0x00, 0x00, 0x00, 0x38, 0x00, 0x00, 0x07, 0x72, 0x00, 0x10, 0x00,
    0x04, 0x00, 0x00, 0x00, 0x46, 0x02, 0x10, 0x00, 0x01, 0x00, 0x00, 0x00,
    0x46, 0x02, 0x10, 0x00, 0x03, 0x00, 0x00, 0x00, 0x02, 0x00, 0x00, 0x01,
    0x06, 0x00, 0x00, 0x03, 0x01, 0x40, 0x00, 0x00, 0x04, 0x00, 0x00, 0x00,
    0x32, 0x00, 0x00, 0x0e, 0x72, 0x00, 0x10, 0x00, 0x05, 0x00, 0x00, 0x00,
    0x46, 0x02, 0x10, 0x80, 0x41, 0x00, 0x00, 0x00, 0x00, 0x00, 0x00, 0x00,
    0x06, 0x80, 0x20, 0x00, 0x00, 0x00, 0x00, 0x00, 0x00, 0x00, 0x00, 0x00,
    0x02, 0x40, 0x00, 0x00, 0x00, 0x00, 0x80, 0x3f, 0x00, 0x00, 0x80, 0x3f,
    0x00, 0x00, 0x80, 0x3f, 0x00, 0x00, 0x00, 0x00, 0x32, 0x00, 0x00, 0x0e,
    0x72, 0x00, 0x10, 0x00, 0x06, 0x00, 0x00, 0x00, 0x46, 0x02, 0x10, 0x80,
    0x41, 0x00, 0x00, 0x00, 0x02, 0x00, 0x00, 0x00, 0x56, 0x85, 0x20, 0x00,
    0x00, 0x00, 0x00, 0x00, 0x00, 0x00, 0x00, 0x00, 0x02, 0x40, 0x00, 0x00,
    0x00, 0x00, 0x80, 0x3f, 0x00, 0x00, 0x80, 0x3f, 0x00, 0x00, 0x80, 0x3f,
    0x00, 0x00, 0x00, 0x00, 0x32, 0x00, 0x00, 0x0d, 0x72, 0x00, 0x10, 0x00,
    0x04, 0x00, 0x00, 0x00, 0x46, 0x02, 0x10, 0x80, 0x41, 0x00, 0x00, 0x00,
    0x05, 0x00, 0x00, 0x00, 0x46, 0x02, 0x10, 0x00, 0x06, 0x00, 0x00, 0x00,
    0x02, 0x40, 0x00, 0x00, 0x00, 0x00, 0x80, 0x3f, 0x00, 0x00, 0x80, 0x3f,
    0x00, 0x00, 0x80, 0x3f, 0x00, 0x00, 0x00, 0x00, 0x02, 0x00, 0x00, 0x01,
    0x06, 0x00, 0x00, 0x03, 0x01, 0x40, 0x00, 0x00, 0x05, 0x00, 0x00, 0x00,
    0x31, 0x00, 0x00, 0x0a, 0x72, 0x00, 0x10, 0x00, 0x05, 0x00, 0x00, 0x00,
    0x46, 0x02, 0x10, 0x00, 0x01, 0x00, 0x00, 0x00, 0x02, 0x40, 0x00, 0x00,
    0x00, 0x00, 0x00, 0x3f, 0x00, 0x00, 0x00, 0x3f, 0x00, 0x00, 0x00, 0x3f,
    0x00, 0x00, 0x00, 0x00, 0x0f, 0x00, 0x00, 0x07, 0x82, 0x00, 0x10, 0x00,
    0x01, 0x00, 0x00, 0x00, 0x06, 0x00, 0x10, 0x00, 0x03, 0x00, 0x00, 0x00,
    0x06, 0x00, 0x10, 0x00, 0x01, 0x00, 0x00, 0x00, 0x32, 0x00, 0x00, 0x0e,
    0x72, 0x00, 0x10, 0x00, 0x06, 0x00, 0x00, 0x00, 0x46, 0x02, 0x10, 0x80,
    0x41, 0x00, 0x00, 0x00, 0x00, 0x00, 0x00, 0x00, 0x06, 0x80, 0x20, 0x00,
    0x00, 0x00, 0x00, 0x00, 0x00, 0x00, 0x00, 0x00, 0x02, 0x40, 0x00, 0x00,
    0x00, 0x00, 0x80, 0x3f, 0x00, 0x00, 0x80, 0x3f, 0x00, 0x00, 0x80, 0x3f,
    0x00, 0x00, 0x00, 0x00, 0x00, 0x00, 0x00, 0x07, 0x72, 0x00, 0x10, 0x00,
    0x06, 0x00, 0x00, 0x00, 0x46, 0x02, 0x10, 0x00, 0x06, 0x00, 0x00, 0x00,
    0x46, 0x02, 0x10, 0x00, 0x06, 0x00, 0x00, 0x00, 0x32, 0x00, 0x00, 0x0e,
    0x72, 0x00, 0x10, 0x00, 0x07, 0x00, 0x00, 0x00, 0x46, 0x02, 0x10, 0x80,
    0x41, 0x00, 0x00, 0x00, 0x02, 0x00, 0x00, 0x00, 0x56, 0x85, 0x20, 0x00,
    0x00, 0x00, 0x00, 0x00, 0x00, 0x00, 0x00, 0x00, 0x02, 0x40, 0x00, 0x00,
    0x00, 0x00, 0x80, 0x3f, 0x00, 0x00, 0x80, 0x3f, 0x00, 0x00, 0x80, 0x3f,
    0x00, 0x00, 0x00, 0x00, 0x32, 0x00, 0x00, 0x0d, 0x72, 0x00, 0x10, 0x00,
    0x06, 0x00, 0x00, 0x00, 0x46, 0x02, 0x10, 0x80, 0x41, 0x00, 0x00, 0x00,
    0x06, 0x00, 0x00, 0x00, 0x46, 0x02, 0x10, 0x00, 0x07, 0x00, 0x00, 0x00,
    0x02, 0x40, 0x00, 0x00, 0x00, 0x00, 0x80, 0x3f, 0x00, 0x00, 0x80, 0x3f,
    0x00, 0x00, 0x80, 0x3f, 0x00, 0x00, 0x00, 0x00, 0x37, 0x00, 0x00, 0x09,
    0x12, 0x00, 0x10, 0x00, 0x04, 0x00, 0x00, 0x00, 0x0a, 0x00, 0x10, 0x00,
    0x05, 0x00, 0x00, 0x00, 0x3a, 0x00, 0x10, 0x00, 0x01, 0x00, 0x00, 0x00,
    0x0a, 0x00, 0x10, 0x00, 0x06, 0x00, 0x00, 0x00, 0x0f, 0x00, 0x00, 0x07,
    0x82, 0x00, 0x10, 0x00, 0x01, 0x00, 0x00, 0x00, 0x56, 0x05, 0x10, 0x00,
    0x03, 0x00, 0x00, 0x00, 0x56, 0x05, 0x10, 0x00, 0x01, 0x00, 0x00, 0x00,
    0x37, 0x00, 0x00, 0x09, 0x22, 0x00, 0x10, 0x00, 0x04, 0x00, 0x00, 0x00,
    0x1a, 0x00, 0x10, 0x00, 0x05, 0x00, 0x00, 0x00, 0x3a, 0x00, 0x10, 0x00,
    0x01, 0x00, 0x00, 0x00, 0x1a, 0x00, 0x10, 0x00, 0x06, 0x00, 0x00, 0x00,
    0x0f, 0x00, 0x00, 0x07, 0x82, 0x00, 0x10, 0x00, 0x01, 0x00, 0x00, 0x00,
    0xa6, 0x0a, 0x10, 0x00, 0x03, 0x00, 0x00, 0x00, 0xa6, 0x0a, 0x10, 0x00,
    0x01, 0x00, 0x00, 0x00, 0x37, 0x00, 0x00, 0x09, 0x42, 0x00, 0x10, 0x00,
    0x04, 0x00, 0x00, 0x00, 0x2a, 0x00, 0x10, 0x00, 0x05, 0x00, 0x00, 0x00,
    0x3a, 0x00, 0x10, 0x00, 0x01, 0x00, 0x00, 0x00, 0x2a, 0x00, 0x10, 0x00,
    0x06, 0x00, 0x00, 0x00, 0x02, 0x00, 0x00, 0x01, 0x06, 0x00, 0x00, 0x03,
    0x01, 0x40, 0x00, 0x00, 0x06, 0x00, 0x00, 0x00, 0x33, 0x00, 0x00, 0x07,
    0x72, 0x00, 0x10, 0x00, 0x04, 0x00, 0x00, 0x00, 0x46, 0x02, 0x10, 0x00,
    0x01, 0x00, 0x00, 0x00, 0x46, 0x02, 0x10, 0x00, 0x03, 0x00, 0x00, 0x00,
    0x02, 0x00, 0x00, 0x01, 0x06, 0x00, 0x00, 0x03, 0x01, 0x40, 0x00, 0x00,
    0x07, 0x00, 0x00, 0x00, 0x34, 0x00, 0x00, 0x07, 0x72, 0x00, 0x10, 0x00,
    0x04, 0x00, 0x00, 0x00, 0x46, 0x02, 0x10, 0x00, 0x01, 0x00, 0x00, 0x00,
    0x46, 0x02, 0x10, 0x00, 0x03, 0x00, 0x00, 0x00, 0x02, 0x00, 0x00, 0x01,
    0x06, 0x00, 0x00, 0x03, 0x01, 0x40, 0x00, 0x00, 0x08, 0x00, 0x00, 0x00,
    0x32, 0x00, 0x00, 0x0b, 0x72, 0x00, 0x10, 0x00, 0x04, 0x00, 0x00, 0x00,
    0x46, 0x02, 0x10, 0x00, 0x00, 0x00, 0x00, 0x00, 0x06, 0x80, 0x20, 0x00,
    0x00, 0x00, 0x00, 0x00, 0x00, 0x00, 0x00, 0x00, 0x46, 0x02, 0x10, 0x80,
    0x41, 0x00, 0x00, 0x00, 0x03, 0x00, 0x00, 0x00, 0x36, 0x00, 0x00, 0x06,
    0x72, 0x00, 0x10, 0x00, 0x04, 0x00, 0x00, 0x00, 0x46, 0x02, 0x10, 0x80,
    0x81, 0x00, 0x00, 0x00, 0x04, 0x00, 0x00, 0x00, 0x02, 0x00, 0x00, 0x01,
    0x0a, 0x00, 0x00, 0x01, 0x32, 0x00, 0x00, 0x0b, 0x72, 0x00, 0x10, 0x00,
    0x00, 0x00, 0x00, 0x00, 0x46, 0x02, 0x10, 0x00, 0x02, 0x00, 0x00, 0x00,
    0x56, 0x85, 0x20, 0x00, 0x00, 0x00, 0x00, 0x00, 0x00, 0x00, 0x00, 0x00,
    0x46, 0x02, 0x10, 0x80, 0x41, 0x00, 0x00, 0x00, 0x01, 0x00, 0x00, 0x00,
    0x32, 0x00, 0x00, 0x09, 0x72, 0x00, 0x10, 0x00, 0x04, 0x00, 0x00, 0x00,
    0xf6, 0x0f, 0x10, 0x00, 0x03, 0x00, 0x00, 0x00, 0x46, 0x02, 0x10, 0x00,
    0x00, 0x00, 0x00, 0x00, 0x46, 0x02, 0x10, 0x00, 0x01, 0x00, 0x00, 0x00,
    0x02, 0x00, 0x00, 0x01, 0x17, 0x00, 0x00, 0x01, 0x32, 0x20, 0x00, 0x0a,
    0x82, 0x00, 0x10, 0x00, 0x04, 0x00, 0x00, 0x00, 0x3a, 0x00, 0x10, 0x00,
    0x00, 0x00, 0x00, 0x00, 0x0a, 0x80, 0x20, 0x00, 0x00, 0x00, 0x00, 0x00,
    0x00, 0x00, 0x00, 0x00, 0x3a, 0x00, 0x10, 0x00, 0x03, 0x00, 0x00, 0x00,
    0x38, 0x00, 0x00, 0x08, 0xf2, 0x20, 0x10, 0x00, 0x00, 0x00, 0x00, 0x00,
    0x46, 0x0e, 0x10, 0x00, 0x04, 0x00, 0x00, 0x00, 0xa6, 0x8a, 0x20, 0x00,
    0x00, 0x00, 0x00, 0x00, 0x00, 0x00, 0x00, 0x00, 0x3e, 0x00, 0x00, 0x01,
    0x53, 0x54, 0x41, 0x54, 0x74, 0x00, 0x00, 0x00, 0x33, 0x00, 0x00, 0x00,
    0x08, 0x00, 0x00, 0x00, 0x00, 0x00, 0x00, 0x00, 0x02, 0x00, 0x00, 0x00,
    0x17, 0x00, 0x00, 0x00, 0x00, 0x00, 0x00, 0x00, 0x00, 0x00, 0x00, 0x00,
    0x0a, 0x00, 0x00, 0x00, 0x01, 0x00, 0x00, 0x00, 0x00, 0x00, 0x00, 0x00,
    0x00, 0x00, 0x00, 0x00, 0x00, 0x00, 0x00, 0x00, 0x00, 0x00, 0x00, 0x00,
    0x00, 0x00, 0x00, 0x00, 0x02, 0x00, 0x00, 0x00, 0x00, 0x00, 0x00, 0x00,
    0x00, 0x00, 0x00, 0x00, 0x00, 0x00, 0x00, 0x00, 0x00, 0x00, 0x00, 0x00,
    0x01, 0x00, 0x00, 0x00, 0x03, 0x00, 0x00, 0x00, 0x01, 0x00, 0x00, 0x00,
    0x00, 0x00, 0x00, 0x00, 0x00, 0x00, 0x00, 0x00, 0x00, 0x00, 0x00, 0x00,
    0x00, 0x00, 0x00, 0x00, 0x00, 0x00, 0x00, 0x00, 0x00, 0x00, 0x00, 0x00,
    0x00, 0x00, 0x00, 0x00,
};
const size_t kEmbeddedDXBC_fs_blend_size = sizeof(kEmbeddedDXBC_fs_blend);

// -- fs_transition (DXBC, 1668 bytes) -------------------------------------------
const uint8_t kEmbeddedDXBC_fs_transition[] = {
    0x44, 0x58, 0x42, 0x43, 0xf8, 0x22, 0xbe, 0x16, 0xcc, 0x5d, 0x1c, 0x9a,
    0xe3, 0xce, 0xb9, 0x50, 0xdc, 0x37, 0xf3, 0x3e, 0x01, 0x00, 0x00, 0x00,
    0x84, 0x06, 0x00, 0x00, 0x05, 0x00, 0x00, 0x00, 0x34, 0x00, 0x00, 0x00,
    0x44, 0x02, 0x00, 0x00, 0x9c, 0x02, 0x00, 0x00, 0xd0, 0x02, 0x00, 0x00,
    0x08, 0x06, 0x00, 0x00, 0x52, 0x44, 0x45, 0x46, 0x08, 0x02, 0x00, 0x00,
    0x01, 0x00, 0x00, 0x00, 0x44, 0x01, 0x00, 0x00, 0x07, 0x00, 0x00, 0x00,
    0x1c, 0x00, 0x00, 0x00, 0x00, 0x04, 0xff, 0xff, 0x00, 0x81, 0x00, 0x00,
    0xe0, 0x01, 0x00, 0x00, 0xfc, 0x00, 0x00, 0x00, 0x03, 0x00, 0x00, 0x00,
    0x00, 0x00, 0x00, 0x00, 0x00, 0x00, 0x00, 0x00, 0x00, 0x00, 0x00, 0x00,
    0x00, 0x00, 0x00, 0x00, 0x01, 0x00, 0x00, 0x00, 0x01, 0x00, 0x00, 0x00,
    0x07, 0x01, 0x00, 0x00, 0x03, 0x00, 0x00, 0x00, 0x00, 0x00, 0x00, 0x00,
    0x00, 0x00, 0x00, 0x00, 0x00, 0x00, 0x00, 0x00, 0x01, 0x00, 0x00, 0x00,
    0x01, 0x00, 0x00, 0x00, 0x01, 0x00, 0x00, 0x00, 0x10, 0x01, 0x00, 0x00,
    0x03, 0x00, 0x00, 0x00, 0x00, 0x00, 0x00, 0x00, 0x00, 0x00, 0x00, 0x00,
    0x00, 0x00, 0x00, 0x00, 0x02, 0x00, 0x00, 0x00, 0x01, 0x00, 0x00, 0x00,
    0x01, 0x00, 0x00, 0x00, 0x1b, 0x01, 0x00, 0x00, 0x02, 0x00, 0x00, 0x00,
    0x05, 0x00, 0x00, 0x00, 0x04, 0x00, 0x00, 0x00, 0xff, 0xff, 0xff, 0xff,
    0x00, 0x00, 0x00, 0x00, 0x01, 0x00, 0x00, 0x00, 0x0d, 0x00, 0x00, 0x00,
    0x25, 0x01, 0x00, 0x00, 0x02, 0x00, 0x00, 0x00, 0x05, 0x00, 0x00, 0x00,
    0x04, 0x00, 0x00, 0x00, 0xff, 0xff, 0xff, 0xff, 0x01, 0x00, 0x00, 0x00,
    0x01, 0x00, 0x00, 0x00, 0x0d, 0x00, 0x00, 0x00, 0x2d, 0x01, 0x00, 0x00,
    0x02, 0x00, 0x00, 0x00, 0x05, 0x00, 0x00, 0x00, 0x04, 0x00, 0x00, 0x00,
    0xff, 0xff, 0xff, 0xff, 0x02, 0x00, 0x00, 0x00, 0x01, 0x00, 0x00, 0x00,
    0x0d, 0x00, 0x00, 0x00, 0x37, 0x01, 0x00, 0x00, 0x00, 0x00, 0x00, 0x00,
    0x00, 0x00, 0x00, 0x00, 0x00, 0x00, 0x00, 0x00, 0x00, 0x00, 0x00, 0x00,
    0x00, 0x00, 0x00, 0x00, 0x01, 0x00, 0x00, 0x00, 0x01, 0x00, 0x00, 0x00,
    0x73, 0x5f, 0x66, 0x72, 0x6f, 0x6d, 0x53, 0x61, 0x6d, 0x70, 0x00, 0x73,
    0x5f, 0x74, 0x6f, 0x53, 0x61, 0x6d, 0x70, 0x00, 0x73, 0x5f, 0x72, 0x75,
    0x6c, 0x65, 0x53, 0x61, 0x6d, 0x70, 0x00, 0x73, 0x5f, 0x66, 0x72, 0x6f,
    0x6d, 0x54, 0x65, 0x78, 0x00, 0x73, 0x5f, 0x74, 0x6f, 0x54, 0x65, 0x78,
    0x00, 0x73, 0x5f, 0x72, 0x75, 0x6c, 0x65, 0x54, 0x65, 0x78, 0x00, 0x54,
    0x72, 0x61, 0x6e, 0x73, 0x50, 0x61, 0x72, 0x61, 0x6d, 0x73, 0x00, 0xab,
    0x37, 0x01, 0x00, 0x00, 0x03, 0x00, 0x00, 0x00, 0x5c, 0x01, 0x00, 0x00,
    0x10, 0x00, 0x00, 0x00, 0x00, 0x00, 0x00, 0x00, 0x00, 0x00, 0x00, 0x00,
    0xa4, 0x01, 0x00, 0x00, 0x00, 0x00, 0x00, 0x00, 0x04, 0x00, 0x00, 0x00,
    0x02, 0x00, 0x00, 0x00, 0xb0, 0x01, 0x00, 0x00, 0x00, 0x00, 0x00, 0x00,
    0xc0, 0x01, 0x00, 0x00, 0x04, 0x00, 0x00, 0x00, 0x04, 0x00, 0x00, 0x00,
    0x02, 0x00, 0x00, 0x00, 0xb0, 0x01, 0x00, 0x00, 0x00, 0x00, 0x00, 0x00,
    0xc9, 0x01, 0x00, 0x00, 0x08, 0x00, 0x00, 0x00, 0x08, 0x00, 0x00, 0x00,
    0x00, 0x00, 0x00, 0x00, 0xd0, 0x01, 0x00, 0x00, 0x00, 0x00, 0x00, 0x00,
    0x75, 0x5f, 0x70, 0x72, 0x6f, 0x67, 0x72, 0x65, 0x73, 0x73, 0x00, 0xab,
    0x00, 0x00, 0x03, 0x00, 0x01, 0x00, 0x01, 0x00, 0x00, 0x00, 0x00, 0x00,
    0x00, 0x00, 0x00, 0x00, 0x75, 0x5f, 0x6d, 0x65, 0x74, 0x68, 0x6f, 0x64,
    0x00, 0x75, 0x5f, 0x70, 0x61, 0x64, 0x00, 0xab, 0x01, 0x00, 0x03, 0x00,
    0x01, 0x00, 0x02, 0x00, 0x00, 0x00, 0x00, 0x00, 0x00, 0x00, 0x00, 0x00,
    0x4d, 0x69, 0x63, 0x72, 0x6f, 0x73, 0x6f, 0x66, 0x74, 0x20, 0x28, 0x52,
    0x29, 0x20, 0x48, 0x4c, 0x53, 0x4c, 0x20, 0x53, 0x68, 0x61, 0x64, 0x65,
    0x72, 0x20, 0x43, 0x6f, 0x6d, 0x70, 0x69, 0x6c, 0x65, 0x72, 0x20, 0x31,
    0x30, 0x2e, 0x31, 0x00, 0x49, 0x53, 0x47, 0x4e, 0x50, 0x00, 0x00, 0x00,
    0x02, 0x00, 0x00, 0x00, 0x08, 0x00, 0x00, 0x00, 0x38, 0x00, 0x00, 0x00,
    0x00, 0x00, 0x00, 0x00, 0x01, 0x00, 0x00, 0x00, 0x03, 0x00, 0x00, 0x00,
    0x00, 0x00, 0x00, 0x00, 0x0f, 0x00, 0x00, 0x00, 0x44, 0x00, 0x00, 0x00,
    0x00, 0x00, 0x00, 0x00, 0x00, 0x00, 0x00, 0x00, 0x03, 0x00, 0x00, 0x00,
    0x01, 0x00, 0x00, 0x00, 0x03, 0x03, 0x00, 0x00, 0x53, 0x56, 0x5f, 0x50,
    0x4f, 0x53, 0x49, 0x54, 0x49, 0x4f, 0x4e, 0x00, 0x54, 0x45, 0x58, 0x43,
    0x4f, 0x4f, 0x52, 0x44, 0x00, 0xab, 0xab, 0xab, 0x4f, 0x53, 0x47, 0x4e,
    0x2c, 0x00, 0x00, 0x00, 0x01, 0x00, 0x00, 0x00, 0x08, 0x00, 0x00, 0x00,
    0x20, 0x00, 0x00, 0x00, 0x00, 0x00, 0x00, 0x00, 0x00, 0x00, 0x00, 0x00,
    0x03, 0x00, 0x00, 0x00, 0x00, 0x00, 0x00, 0x00, 0x0f, 0x00, 0x00, 0x00,
    0x53, 0x56, 0x5f, 0x54, 0x41, 0x52, 0x47, 0x45, 0x54, 0x00, 0xab, 0xab,
    0x53, 0x48, 0x44, 0x52, 0x30, 0x03, 0x00, 0x00, 0x40, 0x00, 0x00, 0x00,
    0xcc, 0x00, 0x00, 0x00, 0x59, 0x00, 0x00, 0x04, 0x46, 0x8e, 0x20, 0x00,
    0x00, 0x00, 0x00, 0x00, 0x01, 0x00, 0x00, 0x00, 0x5a, 0x00, 0x00, 0x03,
    0x00, 0x60, 0x10, 0x00, 0x00, 0x00, 0x00, 0x00, 0x5a, 0x00, 0x00, 0x03,
    0x00, 0x60, 0x10, 0x00, 0x01, 0x00, 0x00, 0x00, 0x5a, 0x00, 0x00, 0x03,
    0x00, 0x60, 0x10, 0x00, 0x02, 0x00, 0x00, 0x00, 0x58, 0x18, 0x00, 0x04,
    0x00, 0x70, 0x10, 0x00, 0x00, 0x00, 0x00, 0x00, 0x55, 0x55, 0x00, 0x00,
    0x58, 0x18, 0x00, 0x04, 0x00, 0x70, 0x10, 0x00, 0x01, 0x00, 0x00, 0x00,
    0x55, 0x55, 0x00, 0x00, 0x58, 0x18, 0x00, 0x04, 0x00, 0x70, 0x10, 0x00,
    0x02, 0x00, 0x00, 0x00, 0x55, 0x55, 0x00, 0x00, 0x62, 0x10, 0x00, 0x03,
    0x32, 0x10, 0x10, 0x00, 0x01, 0x00, 0x00, 0x00, 0x65, 0x00, 0x00, 0x03,
    0xf2, 0x20, 0x10, 0x00, 0x00, 0x00, 0x00, 0x00, 0x68, 0x00, 0x00, 0x02,
    0x04, 0x00, 0x00, 0x00, 0x45, 0x00, 0x00, 0x09, 0xf2, 0x00, 0x10, 0x00,
    0x00, 0x00, 0x00, 0x00, 0x46, 0x10, 0x10, 0x00, 0x01, 0x00, 0x00, 0x00,
    0x46, 0x7e, 0x10, 0x00, 0x00, 0x00, 0x00, 0x00, 0x00, 0x60, 0x10, 0x00,
    0x00, 0x00, 0x00, 0x00, 0x45, 0x00, 0x00, 0x09, 0xf2, 0x00, 0x10, 0x00,
    0x01, 0x00, 0x00, 0x00, 0x46, 0x10, 0x10, 0x00, 0x01, 0x00, 0x00, 0x00,
    0x46, 0x7e, 0x10, 0x00, 0x01, 0x00, 0x00, 0x00, 0x00, 0x60, 0x10, 0x00,
    0x01, 0x00, 0x00, 0x00, 0x36, 0x20, 0x00, 0x06, 0x12, 0x00, 0x10, 0x00,
    0x02, 0x00, 0x00, 0x00, 0x0a, 0x80, 0x20, 0x00, 0x00, 0x00, 0x00, 0x00,
    0x00, 0x00, 0x00, 0x00, 0x1b, 0x00, 0x00, 0x06, 0x22, 0x00, 0x10, 0x00,
    0x02, 0x00, 0x00, 0x00, 0x1a, 0x80, 0x20, 0x00, 0x00, 0x00, 0x00, 0x00,
    0x00, 0x00, 0x00, 0x00, 0x4c, 0x00, 0x00, 0x03, 0x1a, 0x00, 0x10, 0x00,
    0x02, 0x00, 0x00, 0x00, 0x06, 0x00, 0x00, 0x03, 0x01, 0x40, 0x00, 0x00,
    0x01, 0x00, 0x00, 0x00, 0x45, 0x00, 0x00, 0x09, 0xf2, 0x00, 0x10, 0x00,
    0x03, 0x00, 0x00, 0x00, 0x46, 0x10, 0x10, 0x00, 0x01, 0x00, 0x00, 0x00,
    0x46, 0x7e, 0x10, 0x00, 0x02, 0x00, 0x00, 0x00, 0x00, 0x60, 0x10, 0x00,
    0x02, 0x00, 0x00, 0x00, 0x1d, 0x00, 0x00, 0x07, 0x22, 0x00, 0x10, 0x00,
    0x02, 0x00, 0x00, 0x00, 0x0a, 0x00, 0x10, 0x00, 0x02, 0x00, 0x00, 0x00,
    0x0a, 0x00, 0x10, 0x00, 0x03, 0x00, 0x00, 0x00, 0x01, 0x00, 0x00, 0x07,
    0x12, 0x00, 0x10, 0x00, 0x02, 0x00, 0x00, 0x00, 0x1a, 0x00, 0x10, 0x00,
    0x02, 0x00, 0x00, 0x00, 0x01, 0x40, 0x00, 0x00, 0x00, 0x00, 0x80, 0x3f,
    0x02, 0x00, 0x00, 0x01, 0x06, 0x00, 0x00, 0x03, 0x01, 0x40, 0x00, 0x00,
    0x02, 0x00, 0x00, 0x00, 0x1d, 0x00, 0x00, 0x07, 0x22, 0x00, 0x10, 0x00,
    0x02, 0x00, 0x00, 0x00, 0x0a, 0x00, 0x10, 0x00, 0x02, 0x00, 0x00, 0x00,
    0x0a, 0x10, 0x10, 0x00, 0x01, 0x00, 0x00, 0x00, 0x01, 0x00, 0x00, 0x07,
    0x12, 0x00, 0x10, 0x00, 0x02, 0x00, 0x00, 0x00, 0x1a, 0x00, 0x10, 0x00,
    0x02, 0x00, 0x00, 0x00, 0x01, 0x40, 0x00, 0x00, 0x00, 0x00, 0x80, 0x3f,
    0x02, 0x00, 0x00, 0x01, 0x06, 0x00, 0x00, 0x03, 0x01, 0x40, 0x00, 0x00,
    0x03, 0x00, 0x00, 0x00, 0x00, 0x00, 0x00, 0x08, 0x22, 0x00, 0x10, 0x00,
    0x02, 0x00, 0x00, 0x00, 0x0a, 0x10, 0x10, 0x80, 0x41, 0x00, 0x00, 0x00,
    0x01, 0x00, 0x00, 0x00, 0x01, 0x40, 0x00, 0x00, 0x00, 0x00, 0x80, 0x3f,
    0x1d, 0x00, 0x00, 0x07, 0x22, 0x00, 0x10, 0x00, 0x02, 0x00, 0x00, 0x00,
    0x0a, 0x00, 0x10, 0x00, 0x02, 0x00, 0x00, 0x00, 0x1a, 0x00, 0x10, 0x00,
    0x02, 0x00, 0x00, 0x00, 0x01, 0x00, 0x00, 0x07, 0x12, 0x00, 0x10, 0x00,
    0x02, 0x00, 0x00, 0x00, 0x1a, 0x00, 0x10, 0x00, 0x02, 0x00, 0x00, 0x00,
    0x01, 0x40, 0x00, 0x00, 0x00, 0x00, 0x80, 0x3f, 0x02, 0x00, 0x00, 0x01,
    0x06, 0x00, 0x00, 0x03, 0x01, 0x40, 0x00, 0x00, 0x04, 0x00, 0x00, 0x00,
    0x00, 0x00, 0x00, 0x08, 0x22, 0x00, 0x10, 0x00, 0x02, 0x00, 0x00, 0x00,
    0x1a, 0x10, 0x10, 0x80, 0x41, 0x00, 0x00, 0x00, 0x01, 0x00, 0x00, 0x00,
    0x01, 0x40, 0x00, 0x00, 0x00, 0x00, 0x80, 0x3f, 0x1d, 0x00, 0x00, 0x07,
    0x22, 0x00, 0x10, 0x00, 0x02, 0x00, 0x00, 0x00, 0x0a, 0x00, 0x10, 0x00,
    0x02, 0x00, 0x00, 0x00, 0x1a, 0x00, 0x10, 0x00, 0x02, 0x00, 0x00, 0x00,
    0x01, 0x00, 0x00, 0x07, 0x12, 0x00, 0x10, 0x00, 0x02, 0x00, 0x00, 0x00,
    0x1a, 0x00, 0x10, 0x00, 0x02, 0x00, 0x00, 0x00, 0x01, 0x40, 0x00, 0x00,
    0x00, 0x00, 0x80, 0x3f, 0x02, 0x00, 0x00, 0x01, 0x06, 0x00, 0x00, 0x03,
    0x01, 0x40, 0x00, 0x00, 0x05, 0x00, 0x00, 0x00, 0x1d, 0x00, 0x00, 0x07,
    0x22, 0x00, 0x10, 0x00, 0x02, 0x00, 0x00, 0x00, 0x0a, 0x00, 0x10, 0x00,
    0x02, 0x00, 0x00, 0x00, 0x1a, 0x10, 0x10, 0x00, 0x01, 0x00, 0x00, 0x00,
    0x01, 0x00, 0x00, 0x07, 0x12, 0x00, 0x10, 0x00, 0x02, 0x00, 0x00, 0x00,
    0x1a, 0x00, 0x10, 0x00, 0x02, 0x00, 0x00, 0x00, 0x01, 0x40, 0x00, 0x00,
    0x00, 0x00, 0x80, 0x3f, 0x02, 0x00, 0x00, 0x01, 0x0a, 0x00, 0x00, 0x01,
    0x02, 0x00, 0x00, 0x01, 0x17, 0x00, 0x00, 0x01, 0x00, 0x00, 0x00, 0x08,
    0xf2, 0x00, 0x10, 0x00, 0x01, 0x00, 0x00, 0x00, 0x46, 0x0e, 0x10, 0x80,
    0x41, 0x00, 0x00, 0x00, 0x00, 0x00, 0x00, 0x00, 0x46, 0x0e, 0x10, 0x00,
    0x01, 0x00, 0x00, 0x00, 0x32, 0x00, 0x00, 0x09, 0xf2, 0x20, 0x10, 0x00,
    0x00, 0x00, 0x00, 0x00, 0x06, 0x00, 0x10, 0x00, 0x02, 0x00, 0x00, 0x00,
    0x46, 0x0e, 0x10, 0x00, 0x01, 0x00, 0x00, 0x00, 0x46, 0x0e, 0x10, 0x00,
    0x00, 0x00, 0x00, 0x00, 0x3e, 0x00, 0x00, 0x01, 0x53, 0x54, 0x41, 0x54,
    0x74, 0x00, 0x00, 0x00, 0x22, 0x00, 0x00, 0x00, 0x04, 0x00, 0x00, 0x00,
    0x00, 0x00, 0x00, 0x00, 0x02, 0x00, 0x00, 0x00, 0x09, 0x00, 0x00, 0x00,
    0x00, 0x00, 0x00, 0x00, 0x05, 0x00, 0x00, 0x00, 0x07, 0x00, 0x00, 0x00,
    0x01, 0x00, 0x00, 0x00, 0x00, 0x00, 0x00, 0x00, 0x00, 0x00, 0x00, 0x00,
    0x00, 0x00, 0x00, 0x00, 0x00, 0x00, 0x00, 0x00, 0x00, 0x00, 0x00, 0x00,
    0x03, 0x00, 0x00, 0x00, 0x00, 0x00, 0x00, 0x00, 0x00, 0x00, 0x00, 0x00,
    0x00, 0x00, 0x00, 0x00, 0x00, 0x00, 0x00, 0x00, 0x01, 0x00, 0x00, 0x00,
    0x00, 0x00, 0x00, 0x00, 0x01, 0x00, 0x00, 0x00, 0x00, 0x00, 0x00, 0x00,
    0x00, 0x00, 0x00, 0x00, 0x00, 0x00, 0x00, 0x00, 0x00, 0x00, 0x00, 0x00,
    0x00, 0x00, 0x00, 0x00, 0x00, 0x00, 0x00, 0x00, 0x00, 0x00, 0x00, 0x00,
};
const size_t kEmbeddedDXBC_fs_transition_size = sizeof(kEmbeddedDXBC_fs_transition);

// -- fs_vfx (DXBC, 1760 bytes) -------------------------------------------
const uint8_t kEmbeddedDXBC_fs_vfx[] = {
    0x44, 0x58, 0x42, 0x43, 0xDF, 0x79, 0x73, 0x7F, 0xD8, 0x7D, 0x43, 0xBE,
    0x53, 0xC5, 0x0A, 0xFE, 0xA0, 0xE7, 0xE1, 0x2A, 0x01, 0x00, 0x00, 0x00,
    0xAC, 0x07, 0x00, 0x00, 0x05, 0x00, 0x00, 0x00, 0x34, 0x00, 0x00, 0x00,
    0x1C, 0x02, 0x00, 0x00, 0x74, 0x02, 0x00, 0x00, 0xA8, 0x02, 0x00, 0x00,
    0x30, 0x07, 0x00, 0x00, 0x52, 0x44, 0x45, 0x46, 0xE0, 0x01, 0x00, 0x00,
    0x01, 0x00, 0x00, 0x00, 0x94, 0x00, 0x00, 0x00, 0x03, 0x00, 0x00, 0x00,
    0x1C, 0x00, 0x00, 0x00, 0x00, 0x04, 0xFF, 0xFF, 0x00, 0x01, 0x00, 0x00,
    0xB8, 0x01, 0x00, 0x00, 0x7C, 0x00, 0x00, 0x00, 0x03, 0x00, 0x00, 0x00,
    0x00, 0x00, 0x00, 0x00, 0x00, 0x00, 0x00, 0x00, 0x00, 0x00, 0x00, 0x00,
    0x00, 0x00, 0x00, 0x00, 0x01, 0x00, 0x00, 0x00, 0x01, 0x00, 0x00, 0x00,
    0x83, 0x00, 0x00, 0x00, 0x02, 0x00, 0x00, 0x00, 0x05, 0x00, 0x00, 0x00,
    0x04, 0x00, 0x00, 0x00, 0xFF, 0xFF, 0xFF, 0xFF, 0x00, 0x00, 0x00, 0x00,
    0x01, 0x00, 0x00, 0x00, 0x0D, 0x00, 0x00, 0x00, 0x89, 0x00, 0x00, 0x00,
    0x00, 0x00, 0x00, 0x00, 0x00, 0x00, 0x00, 0x00, 0x00, 0x00, 0x00, 0x00,
    0x00, 0x00, 0x00, 0x00, 0x00, 0x00, 0x00, 0x00, 0x01, 0x00, 0x00, 0x00,
    0x01, 0x00, 0x00, 0x00, 0x73, 0x5F, 0x73, 0x61, 0x6D, 0x70, 0x00, 0x73,
    0x5F, 0x74, 0x65, 0x78, 0x00, 0x56, 0x46, 0x58, 0x50, 0x61, 0x72, 0x61,
    0x6D, 0x73, 0x00, 0xAB, 0x89, 0x00, 0x00, 0x00, 0x06, 0x00, 0x00, 0x00,
    0xAC, 0x00, 0x00, 0x00, 0x30, 0x00, 0x00, 0x00, 0x00, 0x00, 0x00, 0x00,
    0x00, 0x00, 0x00, 0x00, 0x3C, 0x01, 0x00, 0x00, 0x00, 0x00, 0x00, 0x00,
    0x10, 0x00, 0x00, 0x00, 0x02, 0x00, 0x00, 0x00, 0x44, 0x01, 0x00, 0x00,
    0x00, 0x00, 0x00, 0x00, 0x54, 0x01, 0x00, 0x00, 0x10, 0x00, 0x00, 0x00,
    0x08, 0x00, 0x00, 0x00, 0x02, 0x00, 0x00, 0x00, 0x5C, 0x01, 0x00, 0x00,
    0x00, 0x00, 0x00, 0x00, 0x6C, 0x01, 0x00, 0x00, 0x18, 0x00, 0x00, 0x00,
    0x04, 0x00, 0x00, 0x00, 0x02, 0x00, 0x00, 0x00, 0x74, 0x01, 0x00, 0x00,
    0x00, 0x00, 0x00, 0x00, 0x84, 0x01, 0x00, 0x00, 0x1C, 0x00, 0x00, 0x00,
    0x04, 0x00, 0x00, 0x00, 0x02, 0x00, 0x00, 0x00, 0x74, 0x01, 0x00, 0x00,
    0x00, 0x00, 0x00, 0x00, 0x89, 0x01, 0x00, 0x00, 0x20, 0x00, 0x00, 0x00,
    0x04, 0x00, 0x00, 0x00, 0x02, 0x00, 0x00, 0x00, 0x94, 0x01, 0x00, 0x00,
    0x00, 0x00, 0x00, 0x00, 0xA4, 0x01, 0x00, 0x00, 0x24, 0x00, 0x00, 0x00,
    0x0C, 0x00, 0x00, 0x00, 0x02, 0x00, 0x00, 0x00, 0xA8, 0x01, 0x00, 0x00,
    0x00, 0x00, 0x00, 0x00, 0x75, 0x5F, 0x63, 0x6F, 0x6C, 0x6F, 0x72, 0x00,
    0x01, 0x00, 0x03, 0x00, 0x01, 0x00, 0x04, 0x00, 0x00, 0x00, 0x00, 0x00,
    0x00, 0x00, 0x00, 0x00, 0x75, 0x5F, 0x62, 0x6C, 0x75, 0x72, 0x52, 0x00,
    0x01, 0x00, 0x03, 0x00, 0x01, 0x00, 0x02, 0x00, 0x00, 0x00, 0x00, 0x00,
    0x00, 0x00, 0x00, 0x00, 0x75, 0x5F, 0x71, 0x78, 0x00, 0xAB, 0xAB, 0xAB,
    0x00, 0x00, 0x03, 0x00, 0x01, 0x00, 0x01, 0x00, 0x00, 0x00, 0x00, 0x00,
    0x00, 0x00, 0x00, 0x00, 0x75, 0x5F, 0x71, 0x79, 0x00, 0x75, 0x5F, 0x65,
    0x66, 0x66, 0x65, 0x63, 0x74, 0x00, 0xAB, 0xAB, 0x00, 0x00, 0x02, 0x00,
    0x01, 0x00, 0x01, 0x00, 0x00, 0x00, 0x00, 0x00, 0x00, 0x00, 0x00, 0x00,
    0x75, 0x5F, 0x70, 0x00, 0x01, 0x00, 0x03, 0x00, 0x01, 0x00, 0x03, 0x00,
    0x00, 0x00, 0x00, 0x00, 0x00, 0x00, 0x00, 0x00, 0x4D, 0x69, 0x63, 0x72,
    0x6F, 0x73, 0x6F, 0x66, 0x74, 0x20, 0x28, 0x52, 0x29, 0x20, 0x48, 0x4C,
    0x53, 0x4C, 0x20, 0x53, 0x68, 0x61, 0x64, 0x65, 0x72, 0x20, 0x43, 0x6F,
    0x6D, 0x70, 0x69, 0x6C, 0x65, 0x72, 0x20, 0x31, 0x30, 0x2E, 0x31, 0x00,
    0x49, 0x53, 0x47, 0x4E, 0x50, 0x00, 0x00, 0x00, 0x02, 0x00, 0x00, 0x00,
    0x08, 0x00, 0x00, 0x00, 0x38, 0x00, 0x00, 0x00, 0x00, 0x00, 0x00, 0x00,
    0x01, 0x00, 0x00, 0x00, 0x03, 0x00, 0x00, 0x00, 0x00, 0x00, 0x00, 0x00,
    0x0F, 0x00, 0x00, 0x00, 0x44, 0x00, 0x00, 0x00, 0x00, 0x00, 0x00, 0x00,
    0x00, 0x00, 0x00, 0x00, 0x03, 0x00, 0x00, 0x00, 0x01, 0x00, 0x00, 0x00,
    0x03, 0x03, 0x00, 0x00, 0x53, 0x56, 0x5F, 0x50, 0x4F, 0x53, 0x49, 0x54,
    0x49, 0x4F, 0x4E, 0x00, 0x54, 0x45, 0x58, 0x43, 0x4F, 0x4F, 0x52, 0x44,
    0x00, 0xAB, 0xAB, 0xAB, 0x4F, 0x53, 0x47, 0x4E, 0x2C, 0x00, 0x00, 0x00,
    0x01, 0x00, 0x00, 0x00, 0x08, 0x00, 0x00, 0x00, 0x20, 0x00, 0x00, 0x00,
    0x00, 0x00, 0x00, 0x00, 0x00, 0x00, 0x00, 0x00, 0x03, 0x00, 0x00, 0x00,
    0x00, 0x00, 0x00, 0x00, 0x0F, 0x00, 0x00, 0x00, 0x53, 0x56, 0x5F, 0x54,
    0x41, 0x52, 0x47, 0x45, 0x54, 0x00, 0xAB, 0xAB, 0x53, 0x48, 0x44, 0x52,
    0x80, 0x04, 0x00, 0x00, 0x40, 0x00, 0x00, 0x00, 0x20, 0x01, 0x00, 0x00,
    0x59, 0x00, 0x00, 0x04, 0x46, 0x8E, 0x20, 0x00, 0x00, 0x00, 0x00, 0x00,
    0x03, 0x00, 0x00, 0x00, 0x5A, 0x00, 0x00, 0x03, 0x00, 0x60, 0x10, 0x00,
    0x00, 0x00, 0x00, 0x00, 0x58, 0x18, 0x00, 0x04, 0x00, 0x70, 0x10, 0x00,
    0x00, 0x00, 0x00, 0x00, 0x55, 0x55, 0x00, 0x00, 0x62, 0x10, 0x00, 0x03,
    0x32, 0x10, 0x10, 0x00, 0x01, 0x00, 0x00, 0x00, 0x65, 0x00, 0x00, 0x03,
    0xF2, 0x20, 0x10, 0x00, 0x00, 0x00, 0x00, 0x00, 0x68, 0x00, 0x00, 0x02,
    0x05, 0x00, 0x00, 0x00, 0x20, 0x00, 0x00, 0x08, 0x12, 0x00, 0x10, 0x00,
    0x00, 0x00, 0x00, 0x00, 0x0A, 0x80, 0x20, 0x00, 0x00, 0x00, 0x00, 0x00,
    0x02, 0x00, 0x00, 0x00, 0x01, 0x40, 0x00, 0x00, 0x01, 0x00, 0x00, 0x00,
    0x1F, 0x00, 0x04, 0x03, 0x0A, 0x00, 0x10, 0x00, 0x00, 0x00, 0x00, 0x00,
    0x45, 0x00, 0x00, 0x09, 0xF2, 0x00, 0x10, 0x00, 0x00, 0x00, 0x00, 0x00,
    0x46, 0x10, 0x10, 0x00, 0x01, 0x00, 0x00, 0x00, 0x46, 0x7E, 0x10, 0x00,
    0x00, 0x00, 0x00, 0x00, 0x00, 0x60, 0x10, 0x00, 0x00, 0x00, 0x00, 0x00,
    0x00, 0x00, 0x00, 0x09, 0xF2, 0x00, 0x10, 0x00, 0x01, 0x00, 0x00, 0x00,
    0x46, 0x0E, 0x10, 0x80, 0x41, 0x00, 0x00, 0x00, 0x00, 0x00, 0x00, 0x00,
    0x46, 0x8E, 0x20, 0x00, 0x00, 0x00, 0x00, 0x00, 0x00, 0x00, 0x00, 0x00,
    0x32, 0x00, 0x00, 0x0A, 0xF2, 0x20, 0x10, 0x00, 0x00, 0x00, 0x00, 0x00,
    0xF6, 0x8F, 0x20, 0x00, 0x00, 0x00, 0x00, 0x00, 0x00, 0x00, 0x00, 0x00,
    0x46, 0x0E, 0x10, 0x00, 0x01, 0x00, 0x00, 0x00, 0x46, 0x0E, 0x10, 0x00,
    0x00, 0x00, 0x00, 0x00, 0x12, 0x00, 0x00, 0x01, 0x20, 0x00, 0x00, 0x08,
    0x12, 0x00, 0x10, 0x00, 0x00, 0x00, 0x00, 0x00, 0x0A, 0x80, 0x20, 0x00,
    0x00, 0x00, 0x00, 0x00, 0x02, 0x00, 0x00, 0x00, 0x01, 0x40, 0x00, 0x00,
    0x02, 0x00, 0x00, 0x00, 0x1F, 0x00, 0x04, 0x03, 0x0A, 0x00, 0x10, 0x00,
    0x00, 0x00, 0x00, 0x00, 0x38, 0x00, 0x00, 0x0B, 0x32, 0x00, 0x10, 0x00,
    0x00, 0x00, 0x00, 0x00, 0x46, 0x80, 0x20, 0x00, 0x00, 0x00, 0x00, 0x00,
    0x01, 0x00, 0x00, 0x00, 0x02, 0x40, 0x00, 0x00, 0x4C, 0xA6, 0xAA, 0x3E,
    0x4C, 0xA6, 0xAA, 0x3E, 0x00, 0x00, 0x00, 0x00, 0x00, 0x00, 0x00, 0x00,
    0x36, 0x00, 0x00, 0x08, 0xF2, 0x00, 0x10, 0x00, 0x01, 0x00, 0x00, 0x00,
    0x02, 0x40, 0x00, 0x00, 0x00, 0x00, 0x00, 0x00, 0x00, 0x00, 0x00, 0x00,
    0x00, 0x00, 0x00, 0x00, 0x00, 0x00, 0x00, 0x00, 0x36, 0x00, 0x00, 0x05,
    0x42, 0x00, 0x10, 0x00, 0x00, 0x00, 0x00, 0x00, 0x01, 0x40, 0x00, 0x00,
    0xFF, 0xFF, 0xFF, 0xFF, 0x30, 0x00, 0x00, 0x01, 0x22, 0x00, 0x00, 0x07,
    0x82, 0x00, 0x10, 0x00, 0x00, 0x00, 0x00, 0x00, 0x01, 0x40, 0x00, 0x00,
    0x01, 0x00, 0x00, 0x00, 0x2A, 0x00, 0x10, 0x00, 0x00, 0x00, 0x00, 0x00,
    0x03, 0x00, 0x04, 0x03, 0x3A, 0x00, 0x10, 0x00, 0x00, 0x00, 0x00, 0x00,
    0x2B, 0x00, 0x00, 0x05, 0x22, 0x00, 0x10, 0x00, 0x02, 0x00, 0x00, 0x00,
    0x2A, 0x00, 0x10, 0x00, 0x00, 0x00, 0x00, 0x00, 0x36, 0x00, 0x00, 0x05,
    0xF2, 0x00, 0x10, 0x00, 0x03, 0x00, 0x00, 0x00, 0x46, 0x0E, 0x10, 0x00,
    0x01, 0x00, 0x00, 0x00, 0x36, 0x00, 0x00, 0x05, 0x82, 0x00, 0x10, 0x00,
    0x00, 0x00, 0x00, 0x00, 0x01, 0x40, 0x00, 0x00, 0xFF, 0xFF, 0xFF, 0xFF,
    0x30, 0x00, 0x00, 0x01, 0x22, 0x00, 0x00, 0x07, 0x42, 0x00, 0x10, 0x00,
    0x02, 0x00, 0x00, 0x00, 0x01, 0x40, 0x00, 0x00, 0x01, 0x00, 0x00, 0x00,
    0x3A, 0x00, 0x10, 0x00, 0x00, 0x00, 0x00, 0x00, 0x03, 0x00, 0x04, 0x03,
    0x2A, 0x00, 0x10, 0x00, 0x02, 0x00, 0x00, 0x00, 0x2B, 0x00, 0x00, 0x05,
    0x12, 0x00, 0x10, 0x00, 0x02, 0x00, 0x00, 0x00, 0x3A, 0x00, 0x10, 0x00,
    0x00, 0x00, 0x00, 0x00, 0x32, 0x00, 0x00, 0x09, 0x52, 0x00, 0x10, 0x00,
    0x02, 0x00, 0x00, 0x00, 0x06, 0x01, 0x10, 0x00, 0x02, 0x00, 0x00, 0x00,
    0x06, 0x01, 0x10, 0x00, 0x00, 0x00, 0x00, 0x00, 0x06, 0x11, 0x10, 0x00,
    0x01, 0x00, 0x00, 0x00, 0x45, 0x00, 0x00, 0x09, 0xF2, 0x00, 0x10, 0x00,
    0x04, 0x00, 0x00, 0x00, 0x86, 0x00, 0x10, 0x00, 0x02, 0x00, 0x00, 0x00,
    0x46, 0x7E, 0x10, 0x00, 0x00, 0x00, 0x00, 0x00, 0x00, 0x60, 0x10, 0x00,
    0x00, 0x00, 0x00, 0x00, 0x00, 0x00, 0x00, 0x07, 0xF2, 0x00, 0x10, 0x00,
    0x03, 0x00, 0x00, 0x00, 0x46, 0x0E, 0x10, 0x00, 0x03, 0x00, 0x00, 0x00,
    0x46, 0x0E, 0x10, 0x00, 0x04, 0x00, 0x00, 0x00, 0x1E, 0x00, 0x00, 0x07,
    0x82, 0x00, 0x10, 0x00, 0x00, 0x00, 0x00, 0x00, 0x3A, 0x00, 0x10, 0x00,
    0x00, 0x00, 0x00, 0x00, 0x01, 0x40, 0x00, 0x00, 0x01, 0x00, 0x00, 0x00,
    0x16, 0x00, 0x00, 0x01, 0x36, 0x00, 0x00, 0x05, 0xF2, 0x00, 0x10, 0x00,
    0x01, 0x00, 0x00, 0x00, 0x46, 0x0E, 0x10, 0x00, 0x03, 0x00, 0x00, 0x00,
    0x1E, 0x00, 0x00, 0x07, 0x42, 0x00, 0x10, 0x00, 0x00, 0x00, 0x00, 0x00,
    0x2A, 0x00, 0x10, 0x00, 0x00, 0x00, 0x00, 0x00, 0x01, 0x40, 0x00, 0x00,
    0x01, 0x00, 0x00, 0x00, 0x16, 0x00, 0x00, 0x01, 0x38, 0x00, 0x00, 0x0A,
    0xF2, 0x20, 0x10, 0x00, 0x00, 0x00, 0x00, 0x00, 0x46, 0x0E, 0x10, 0x00,
    0x01, 0x00, 0x00, 0x00, 0x02, 0x40, 0x00, 0x00, 0x39, 0x8E, 0xE3, 0x3D,
    0x39, 0x8E, 0xE3, 0x3D, 0x39, 0x8E, 0xE3, 0x3D, 0x39, 0x8E, 0xE3, 0x3D,
    0x12, 0x00, 0x00, 0x01, 0x20, 0x00, 0x00, 0x08, 0x12, 0x00, 0x10, 0x00,
    0x00, 0x00, 0x00, 0x00, 0x0A, 0x80, 0x20, 0x00, 0x00, 0x00, 0x00, 0x00,
    0x02, 0x00, 0x00, 0x00, 0x01, 0x40, 0x00, 0x00, 0x03, 0x00, 0x00, 0x00,
    0x1F, 0x00, 0x04, 0x03, 0x0A, 0x00, 0x10, 0x00, 0x00, 0x00, 0x00, 0x00,
    0x00, 0x00, 0x00, 0x08, 0x32, 0x00, 0x10, 0x00, 0x00, 0x00, 0x00, 0x00,
    0x46, 0x10, 0x10, 0x00, 0x01, 0x00, 0x00, 0x00, 0xE6, 0x8A, 0x20, 0x00,
    0x00, 0x00, 0x00, 0x00, 0x01, 0x00, 0x00, 0x00, 0x45, 0x00, 0x00, 0x09,
    0xF2, 0x20, 0x10, 0x00, 0x00, 0x00, 0x00, 0x00, 0x46, 0x00, 0x10, 0x00,
    0x00, 0x00, 0x00, 0x00, 0x46, 0x7E, 0x10, 0x00, 0x00, 0x00, 0x00, 0x00,
    0x00, 0x60, 0x10, 0x00, 0x00, 0x00, 0x00, 0x00, 0x12, 0x00, 0x00, 0x01,
    0x20, 0x00, 0x00, 0x08, 0x12, 0x00, 0x10, 0x00, 0x00, 0x00, 0x00, 0x00,
    0x0A, 0x80, 0x20, 0x00, 0x00, 0x00, 0x00, 0x00, 0x02, 0x00, 0x00, 0x00,
    0x01, 0x40, 0x00, 0x00, 0x04, 0x00, 0x00, 0x00, 0x1F, 0x00, 0x04, 0x03,
    0x0A, 0x00, 0x10, 0x00, 0x00, 0x00, 0x00, 0x00, 0x45, 0x00, 0x00, 0x09,
    0xF2, 0x00, 0x10, 0x00, 0x00, 0x00, 0x00, 0x00, 0x46, 0x10, 0x10, 0x00,
    0x01, 0x00, 0x00, 0x00, 0x46, 0x7E, 0x10, 0x00, 0x00, 0x00, 0x00, 0x00,
    0x00, 0x60, 0x10, 0x00, 0x00, 0x00, 0x00, 0x00, 0x10, 0x00, 0x00, 0x08,
    0x12, 0x20, 0x10, 0x00, 0x00, 0x00, 0x00, 0x00, 0x46, 0x82, 0x20, 0x00,
    0x00, 0x00, 0x00, 0x00, 0x00, 0x00, 0x00, 0x00, 0x46, 0x02, 0x10, 0x00,
    0x00, 0x00, 0x00, 0x00, 0x10, 0x00, 0x00, 0x08, 0x22, 0x20, 0x10, 0x00,
    0x00, 0x00, 0x00, 0x00, 0x86, 0x83, 0x20, 0x00, 0x00, 0x00, 0x00, 0x00,
    0x01, 0x00, 0x00, 0x00, 0x46, 0x02, 0x10, 0x00, 0x00, 0x00, 0x00, 0x00,
    0x10, 0x00, 0x00, 0x08, 0x42, 0x20, 0x10, 0x00, 0x00, 0x00, 0x00, 0x00,
    0x96, 0x87, 0x20, 0x00, 0x00, 0x00, 0x00, 0x00, 0x02, 0x00, 0x00, 0x00,
    0x46, 0x02, 0x10, 0x00, 0x00, 0x00, 0x00, 0x00, 0x36, 0x00, 0x00, 0x05,
    0x82, 0x20, 0x10, 0x00, 0x00, 0x00, 0x00, 0x00, 0x01, 0x40, 0x00, 0x00,
    0x00, 0x00, 0x80, 0x3F, 0x12, 0x00, 0x00, 0x01, 0x45, 0x00, 0x00, 0x09,
    0xF2, 0x20, 0x10, 0x00, 0x00, 0x00, 0x00, 0x00, 0x46, 0x10, 0x10, 0x00,
    0x01, 0x00, 0x00, 0x00, 0x46, 0x7E, 0x10, 0x00, 0x00, 0x00, 0x00, 0x00,
    0x00, 0x60, 0x10, 0x00, 0x00, 0x00, 0x00, 0x00, 0x15, 0x00, 0x00, 0x01,
    0x15, 0x00, 0x00, 0x01, 0x15, 0x00, 0x00, 0x01, 0x15, 0x00, 0x00, 0x01,
    0x3E, 0x00, 0x00, 0x01, 0x53, 0x54, 0x41, 0x54, 0x74, 0x00, 0x00, 0x00,
    0x32, 0x00, 0x00, 0x00, 0x05, 0x00, 0x00, 0x00, 0x00, 0x00, 0x00, 0x00,
    0x02, 0x00, 0x00, 0x00, 0x0A, 0x00, 0x00, 0x00, 0x08, 0x00, 0x00, 0x00,
    0x00, 0x00, 0x00, 0x00, 0x05, 0x00, 0x00, 0x00, 0x06, 0x00, 0x00, 0x00,
    0x00, 0x00, 0x00, 0x00, 0x00, 0x00, 0x00, 0x00, 0x00, 0x00, 0x00, 0x00,
    0x00, 0x00, 0x00, 0x00, 0x00, 0x00, 0x00, 0x00, 0x05, 0x00, 0x00, 0x00,
    0x00, 0x00, 0x00, 0x00, 0x00, 0x00, 0x00, 0x00, 0x00, 0x00, 0x00, 0x00,
    0x00, 0x00, 0x00, 0x00, 0x06, 0x00, 0x00, 0x00, 0x00, 0x00, 0x00, 0x00,
    0x02, 0x00, 0x00, 0x00, 0x00, 0x00, 0x00, 0x00, 0x00, 0x00, 0x00, 0x00,
    0x00, 0x00, 0x00, 0x00, 0x00, 0x00, 0x00, 0x00, 0x00, 0x00, 0x00, 0x00,
    0x00, 0x00, 0x00, 0x00, 0x00, 0x00, 0x00, 0x00,
};
const size_t kEmbeddedDXBC_fs_vfx_size = 1964;




// -- stretch_blt_vs (DXBC, 608 bytes) -------------------------------------------
const uint8_t kEmbeddedDXBC_stretch_blt_vs[] = {
    0x44, 0x58, 0x42, 0x43, 0xC2, 0x11, 0x78, 0xED, 0x4D, 0x34, 0x00, 0xE0, 0x61, 0x82, 0x89, 0x64,
    0x6C, 0xF0, 0xEF, 0x30, 0x01, 0x00, 0x00, 0x00, 0x60, 0x02, 0x00, 0x00, 0x05, 0x00, 0x00, 0x00,
    0x34, 0x00, 0x00, 0x00, 0x80, 0x00, 0x00, 0x00, 0xD4, 0x00, 0x00, 0x00, 0x2C, 0x01, 0x00, 0x00,
    0xE4, 0x01, 0x00, 0x00, 0x52, 0x44, 0x45, 0x46, 0x44, 0x00, 0x00, 0x00, 0x00, 0x00, 0x00, 0x00,
    0x00, 0x00, 0x00, 0x00, 0x00, 0x00, 0x00, 0x00, 0x1C, 0x00, 0x00, 0x00, 0x00, 0x04, 0xFE, 0xFF,
    0x00, 0x01, 0x00, 0x00, 0x1C, 0x00, 0x00, 0x00, 0x4D, 0x69, 0x63, 0x72, 0x6F, 0x73, 0x6F, 0x66,
    0x74, 0x20, 0x28, 0x52, 0x29, 0x20, 0x48, 0x4C, 0x53, 0x4C, 0x20, 0x53, 0x68, 0x61, 0x64, 0x65,
    0x72, 0x20, 0x43, 0x6F, 0x6D, 0x70, 0x69, 0x6C, 0x65, 0x72, 0x20, 0x31, 0x30, 0x2E, 0x31, 0x00,
    0x49, 0x53, 0x47, 0x4E, 0x4C, 0x00, 0x00, 0x00, 0x02, 0x00, 0x00, 0x00, 0x08, 0x00, 0x00, 0x00,
    0x38, 0x00, 0x00, 0x00, 0x00, 0x00, 0x00, 0x00, 0x00, 0x00, 0x00, 0x00, 0x03, 0x00, 0x00, 0x00,
    0x00, 0x00, 0x00, 0x00, 0x03, 0x03, 0x00, 0x00, 0x41, 0x00, 0x00, 0x00, 0x00, 0x00, 0x00, 0x00,
    0x00, 0x00, 0x00, 0x00, 0x03, 0x00, 0x00, 0x00, 0x01, 0x00, 0x00, 0x00, 0x03, 0x03, 0x00, 0x00,
    0x50, 0x4F, 0x53, 0x49, 0x54, 0x49, 0x4F, 0x4E, 0x00, 0x54, 0x45, 0x58, 0x43, 0x4F, 0x4F, 0x52,
    0x44, 0x00, 0xAB, 0xAB, 0x4F, 0x53, 0x47, 0x4E, 0x50, 0x00, 0x00, 0x00, 0x02, 0x00, 0x00, 0x00,
    0x08, 0x00, 0x00, 0x00, 0x38, 0x00, 0x00, 0x00, 0x00, 0x00, 0x00, 0x00, 0x01, 0x00, 0x00, 0x00,
    0x03, 0x00, 0x00, 0x00, 0x00, 0x00, 0x00, 0x00, 0x0F, 0x00, 0x00, 0x00, 0x44, 0x00, 0x00, 0x00,
    0x00, 0x00, 0x00, 0x00, 0x00, 0x00, 0x00, 0x00, 0x03, 0x00, 0x00, 0x00, 0x01, 0x00, 0x00, 0x00,
    0x03, 0x0C, 0x00, 0x00, 0x53, 0x56, 0x5F, 0x50, 0x4F, 0x53, 0x49, 0x54, 0x49, 0x4F, 0x4E, 0x00,
    0x54, 0x45, 0x58, 0x43, 0x4F, 0x4F, 0x52, 0x44, 0x00, 0xAB, 0xAB, 0xAB, 0x53, 0x48, 0x44, 0x52,
    0xB0, 0x00, 0x00, 0x00, 0x40, 0x00, 0x01, 0x00, 0x2C, 0x00, 0x00, 0x00, 0x5F, 0x00, 0x00, 0x03,
    0x32, 0x10, 0x10, 0x00, 0x00, 0x00, 0x00, 0x00, 0x5F, 0x00, 0x00, 0x03, 0x32, 0x10, 0x10, 0x00,
    0x01, 0x00, 0x00, 0x00, 0x67, 0x00, 0x00, 0x04, 0xF2, 0x20, 0x10, 0x00, 0x00, 0x00, 0x00, 0x00,
    0x01, 0x00, 0x00, 0x00, 0x65, 0x00, 0x00, 0x03, 0x32, 0x20, 0x10, 0x00, 0x01, 0x00, 0x00, 0x00,
    0x32, 0x00, 0x00, 0x0F, 0x32, 0x20, 0x10, 0x00, 0x00, 0x00, 0x00, 0x00, 0x46, 0x10, 0x10, 0x00,
    0x00, 0x00, 0x00, 0x00, 0x02, 0x40, 0x00, 0x00, 0x00, 0x00, 0x00, 0x40, 0x00, 0x00, 0x00, 0x40,
    0x00, 0x00, 0x00, 0x00, 0x00, 0x00, 0x00, 0x00, 0x02, 0x40, 0x00, 0x00, 0x00, 0x00, 0x80, 0xBF,
    0x00, 0x00, 0x80, 0xBF, 0x00, 0x00, 0x00, 0x00, 0x00, 0x00, 0x00, 0x00, 0x36, 0x00, 0x00, 0x08,
    0xC2, 0x20, 0x10, 0x00, 0x00, 0x00, 0x00, 0x00, 0x02, 0x40, 0x00, 0x00, 0x00, 0x00, 0x00, 0x00,
    0x00, 0x00, 0x00, 0x00, 0x00, 0x00, 0x00, 0x00, 0x00, 0x00, 0x80, 0x3F, 0x36, 0x00, 0x00, 0x05,
    0x32, 0x20, 0x10, 0x00, 0x01, 0x00, 0x00, 0x00, 0x46, 0x10, 0x10, 0x00, 0x01, 0x00, 0x00, 0x00,
    0x3E, 0x00, 0x00, 0x01, 0x53, 0x54, 0x41, 0x54, 0x74, 0x00, 0x00, 0x00, 0x04, 0x00, 0x00, 0x00,
    0x00, 0x00, 0x00, 0x00, 0x00, 0x00, 0x00, 0x00, 0x04, 0x00, 0x00, 0x00, 0x01, 0x00, 0x00, 0x00,
    0x00, 0x00, 0x00, 0x00, 0x00, 0x00, 0x00, 0x00, 0x01, 0x00, 0x00, 0x00, 0x00, 0x00, 0x00, 0x00,
    0x00, 0x00, 0x00, 0x00, 0x00, 0x00, 0x00, 0x00, 0x00, 0x00, 0x00, 0x00, 0x00, 0x00, 0x00, 0x00,
    0x00, 0x00, 0x00, 0x00, 0x00, 0x00, 0x00, 0x00, 0x00, 0x00, 0x00, 0x00, 0x00, 0x00, 0x00, 0x00,
    0x00, 0x00, 0x00, 0x00, 0x00, 0x00, 0x00, 0x00, 0x02, 0x00, 0x00, 0x00, 0x00, 0x00, 0x00, 0x00,
    0x00, 0x00, 0x00, 0x00, 0x00, 0x00, 0x00, 0x00, 0x00, 0x00, 0x00, 0x00, 0x00, 0x00, 0x00, 0x00,
    0x00, 0x00, 0x00, 0x00, 0x00, 0x00, 0x00, 0x00, 0x00, 0x00, 0x00, 0x00, 0x00, 0x00, 0x00, 0x00,
};
const size_t kEmbeddedDXBC_stretch_blt_vs_size = 608;
// -- stretch_blt_fs (DXBC, 780 bytes) -------------------------------------------
const uint8_t kEmbeddedDXBC_stretch_blt_fs[] = {
    0x44, 0x58, 0x42, 0x43, 0xB1, 0x50, 0x07, 0x12, 0xAC, 0xAA, 0x25, 0x69, 0x9E, 0x0F, 0xB0, 0xAE,
    0xCA, 0x70, 0x0A, 0x21, 0x01, 0x00, 0x00, 0x00, 0x0C, 0x03, 0x00, 0x00, 0x05, 0x00, 0x00, 0x00,
    0x34, 0x00, 0x00, 0x00, 0x54, 0x01, 0x00, 0x00, 0xAC, 0x01, 0x00, 0x00, 0xE0, 0x01, 0x00, 0x00,
    0x90, 0x02, 0x00, 0x00, 0x52, 0x44, 0x45, 0x46, 0x18, 0x01, 0x00, 0x00, 0x01, 0x00, 0x00, 0x00,
    0xA0, 0x00, 0x00, 0x00, 0x03, 0x00, 0x00, 0x00, 0x1C, 0x00, 0x00, 0x00, 0x00, 0x04, 0xFF, 0xFF,
    0x00, 0x01, 0x00, 0x00, 0xF0, 0x00, 0x00, 0x00, 0x7C, 0x00, 0x00, 0x00, 0x03, 0x00, 0x00, 0x00,
    0x00, 0x00, 0x00, 0x00, 0x00, 0x00, 0x00, 0x00, 0x00, 0x00, 0x00, 0x00, 0x00, 0x00, 0x00, 0x00,
    0x01, 0x00, 0x00, 0x00, 0x01, 0x00, 0x00, 0x00, 0x86, 0x00, 0x00, 0x00, 0x02, 0x00, 0x00, 0x00,
    0x05, 0x00, 0x00, 0x00, 0x04, 0x00, 0x00, 0x00, 0xFF, 0xFF, 0xFF, 0xFF, 0x00, 0x00, 0x00, 0x00,
    0x01, 0x00, 0x00, 0x00, 0x0D, 0x00, 0x00, 0x00, 0x91, 0x00, 0x00, 0x00, 0x00, 0x00, 0x00, 0x00,
    0x00, 0x00, 0x00, 0x00, 0x00, 0x00, 0x00, 0x00, 0x00, 0x00, 0x00, 0x00, 0x00, 0x00, 0x00, 0x00,
    0x01, 0x00, 0x00, 0x00, 0x01, 0x00, 0x00, 0x00, 0x73, 0x5F, 0x74, 0x65, 0x78, 0x53, 0x61, 0x6D,
    0x70, 0x00, 0x73, 0x5F, 0x74, 0x65, 0x78, 0x43, 0x6F, 0x6C, 0x6F, 0x72, 0x00, 0x53, 0x74, 0x72,
    0x65, 0x74, 0x63, 0x68, 0x50, 0x61, 0x72, 0x61, 0x6D, 0x73, 0x00, 0xAB, 0x91, 0x00, 0x00, 0x00,
    0x01, 0x00, 0x00, 0x00, 0xB8, 0x00, 0x00, 0x00, 0x10, 0x00, 0x00, 0x00, 0x00, 0x00, 0x00, 0x00,
    0x00, 0x00, 0x00, 0x00, 0xD0, 0x00, 0x00, 0x00, 0x00, 0x00, 0x00, 0x00, 0x10, 0x00, 0x00, 0x00,
    0x02, 0x00, 0x00, 0x00, 0xE0, 0x00, 0x00, 0x00, 0x00, 0x00, 0x00, 0x00, 0x75, 0x5F, 0x73, 0x74,
    0x72, 0x65, 0x74, 0x63, 0x68, 0x50, 0x61, 0x72, 0x61, 0x6D, 0x73, 0x00, 0x01, 0x00, 0x03, 0x00,
    0x01, 0x00, 0x04, 0x00, 0x00, 0x00, 0x00, 0x00, 0x00, 0x00, 0x00, 0x00, 0x4D, 0x69, 0x63, 0x72,
    0x6F, 0x73, 0x6F, 0x66, 0x74, 0x20, 0x28, 0x52, 0x29, 0x20, 0x48, 0x4C, 0x53, 0x4C, 0x20, 0x53,
    0x68, 0x61, 0x64, 0x65, 0x72, 0x20, 0x43, 0x6F, 0x6D, 0x70, 0x69, 0x6C, 0x65, 0x72, 0x20, 0x31,
    0x30, 0x2E, 0x31, 0x00, 0x49, 0x53, 0x47, 0x4E, 0x50, 0x00, 0x00, 0x00, 0x02, 0x00, 0x00, 0x00,
    0x08, 0x00, 0x00, 0x00, 0x38, 0x00, 0x00, 0x00, 0x00, 0x00, 0x00, 0x00, 0x01, 0x00, 0x00, 0x00,
    0x03, 0x00, 0x00, 0x00, 0x00, 0x00, 0x00, 0x00, 0x0F, 0x00, 0x00, 0x00, 0x44, 0x00, 0x00, 0x00,
    0x00, 0x00, 0x00, 0x00, 0x00, 0x00, 0x00, 0x00, 0x03, 0x00, 0x00, 0x00, 0x01, 0x00, 0x00, 0x00,
    0x03, 0x03, 0x00, 0x00, 0x53, 0x56, 0x5F, 0x50, 0x4F, 0x53, 0x49, 0x54, 0x49, 0x4F, 0x4E, 0x00,
    0x54, 0x45, 0x58, 0x43, 0x4F, 0x4F, 0x52, 0x44, 0x00, 0xAB, 0xAB, 0xAB, 0x4F, 0x53, 0x47, 0x4E,
    0x2C, 0x00, 0x00, 0x00, 0x01, 0x00, 0x00, 0x00, 0x08, 0x00, 0x00, 0x00, 0x20, 0x00, 0x00, 0x00,
    0x00, 0x00, 0x00, 0x00, 0x00, 0x00, 0x00, 0x00, 0x03, 0x00, 0x00, 0x00, 0x00, 0x00, 0x00, 0x00,
    0x0F, 0x00, 0x00, 0x00, 0x53, 0x56, 0x5F, 0x54, 0x41, 0x52, 0x47, 0x45, 0x54, 0x00, 0xAB, 0xAB,
    0x53, 0x48, 0x44, 0x52, 0xA8, 0x00, 0x00, 0x00, 0x40, 0x00, 0x00, 0x00, 0x2A, 0x00, 0x00, 0x00,
    0x59, 0x00, 0x00, 0x04, 0x46, 0x8E, 0x20, 0x00, 0x00, 0x00, 0x00, 0x00, 0x01, 0x00, 0x00, 0x00,
    0x5A, 0x00, 0x00, 0x03, 0x00, 0x60, 0x10, 0x00, 0x00, 0x00, 0x00, 0x00, 0x58, 0x18, 0x00, 0x04,
    0x00, 0x70, 0x10, 0x00, 0x00, 0x00, 0x00, 0x00, 0x55, 0x55, 0x00, 0x00, 0x62, 0x10, 0x00, 0x03,
    0x32, 0x10, 0x10, 0x00, 0x01, 0x00, 0x00, 0x00, 0x65, 0x00, 0x00, 0x03, 0xF2, 0x20, 0x10, 0x00,
    0x00, 0x00, 0x00, 0x00, 0x68, 0x00, 0x00, 0x02, 0x01, 0x00, 0x00, 0x00, 0x32, 0x00, 0x00, 0x0B,
    0x32, 0x00, 0x10, 0x00, 0x00, 0x00, 0x00, 0x00, 0x46, 0x10, 0x10, 0x00, 0x01, 0x00, 0x00, 0x00,
    0xE6, 0x8A, 0x20, 0x00, 0x00, 0x00, 0x00, 0x00, 0x00, 0x00, 0x00, 0x00, 0x46, 0x80, 0x20, 0x00,
    0x00, 0x00, 0x00, 0x00, 0x00, 0x00, 0x00, 0x00, 0x45, 0x00, 0x00, 0x09, 0xF2, 0x20, 0x10, 0x00,
    0x00, 0x00, 0x00, 0x00, 0x46, 0x00, 0x10, 0x00, 0x00, 0x00, 0x00, 0x00, 0x46, 0x7E, 0x10, 0x00,
    0x00, 0x00, 0x00, 0x00, 0x00, 0x60, 0x10, 0x00, 0x00, 0x00, 0x00, 0x00, 0x3E, 0x00, 0x00, 0x01,
    0x53, 0x54, 0x41, 0x54, 0x74, 0x00, 0x00, 0x00, 0x03, 0x00, 0x00, 0x00, 0x01, 0x00, 0x00, 0x00,
    0x00, 0x00, 0x00, 0x00, 0x02, 0x00, 0x00, 0x00, 0x01, 0x00, 0x00, 0x00, 0x00, 0x00, 0x00, 0x00,
    0x00, 0x00, 0x00, 0x00, 0x01, 0x00, 0x00, 0x00, 0x00, 0x00, 0x00, 0x00, 0x00, 0x00, 0x00, 0x00,
    0x00, 0x00, 0x00, 0x00, 0x00, 0x00, 0x00, 0x00, 0x00, 0x00, 0x00, 0x00, 0x00, 0x00, 0x00, 0x00,
    0x01, 0x00, 0x00, 0x00, 0x00, 0x00, 0x00, 0x00, 0x00, 0x00, 0x00, 0x00, 0x00, 0x00, 0x00, 0x00,
    0x00, 0x00, 0x00, 0x00, 0x00, 0x00, 0x00, 0x00, 0x00, 0x00, 0x00, 0x00, 0x00, 0x00, 0x00, 0x00,
    0x00, 0x00, 0x00, 0x00, 0x00, 0x00, 0x00, 0x00, 0x00, 0x00, 0x00, 0x00, 0x00, 0x00, 0x00, 0x00,
    0x00, 0x00, 0x00, 0x00, 0x00, 0x00, 0x00, 0x00, 0x00, 0x00, 0x00, 0x00,
};
const size_t kEmbeddedDXBC_stretch_blt_fs_size = 780;
// -- affine_blt_vs (DXBC, 960 bytes) -------------------------------------------
const uint8_t kEmbeddedDXBC_affine_blt_vs[] = {
    0x44, 0x58, 0x42, 0x43, 0xCD, 0x00, 0xA2, 0x21, 0x8F, 0x73, 0xC8, 0xC8, 0xC0, 0x7B, 0x14, 0xC4,
    0x12, 0x14, 0x90, 0x74, 0x01, 0x00, 0x00, 0x00, 0xC0, 0x03, 0x00, 0x00, 0x05, 0x00, 0x00, 0x00,
    0x34, 0x00, 0x00, 0x00, 0x3C, 0x01, 0x00, 0x00, 0x90, 0x01, 0x00, 0x00, 0xE8, 0x01, 0x00, 0x00,
    0x44, 0x03, 0x00, 0x00, 0x52, 0x44, 0x45, 0x46, 0x00, 0x01, 0x00, 0x00, 0x01, 0x00, 0x00, 0x00,
    0x4C, 0x00, 0x00, 0x00, 0x01, 0x00, 0x00, 0x00, 0x1C, 0x00, 0x00, 0x00, 0x00, 0x04, 0xFE, 0xFF,
    0x00, 0x01, 0x00, 0x00, 0xD5, 0x00, 0x00, 0x00, 0x3C, 0x00, 0x00, 0x00, 0x00, 0x00, 0x00, 0x00,
    0x00, 0x00, 0x00, 0x00, 0x00, 0x00, 0x00, 0x00, 0x00, 0x00, 0x00, 0x00, 0x00, 0x00, 0x00, 0x00,
    0x01, 0x00, 0x00, 0x00, 0x01, 0x00, 0x00, 0x00, 0x41, 0x66, 0x66, 0x69, 0x6E, 0x65, 0x50, 0x61,
    0x72, 0x61, 0x6D, 0x73, 0x00, 0xAB, 0xAB, 0xAB, 0x3C, 0x00, 0x00, 0x00, 0x03, 0x00, 0x00, 0x00,
    0x64, 0x00, 0x00, 0x00, 0x30, 0x00, 0x00, 0x00, 0x00, 0x00, 0x00, 0x00, 0x00, 0x00, 0x00, 0x00,
    0xAC, 0x00, 0x00, 0x00, 0x00, 0x00, 0x00, 0x00, 0x10, 0x00, 0x00, 0x00, 0x02, 0x00, 0x00, 0x00,
    0xB4, 0x00, 0x00, 0x00, 0x00, 0x00, 0x00, 0x00, 0xC4, 0x00, 0x00, 0x00, 0x10, 0x00, 0x00, 0x00,
    0x10, 0x00, 0x00, 0x00, 0x02, 0x00, 0x00, 0x00, 0xB4, 0x00, 0x00, 0x00, 0x00, 0x00, 0x00, 0x00,
    0xCB, 0x00, 0x00, 0x00, 0x20, 0x00, 0x00, 0x00, 0x10, 0x00, 0x00, 0x00, 0x02, 0x00, 0x00, 0x00,
    0xB4, 0x00, 0x00, 0x00, 0x00, 0x00, 0x00, 0x00, 0x75, 0x5F, 0x72, 0x6F, 0x77, 0x30, 0x00, 0xAB,
    0x01, 0x00, 0x03, 0x00, 0x01, 0x00, 0x04, 0x00, 0x00, 0x00, 0x00, 0x00, 0x00, 0x00, 0x00, 0x00,
    0x75, 0x5F, 0x72, 0x6F, 0x77, 0x31, 0x00, 0x75, 0x5F, 0x73, 0x72, 0x63, 0x52, 0x65, 0x63, 0x74,
    0x00, 0x4D, 0x69, 0x63, 0x72, 0x6F, 0x73, 0x6F, 0x66, 0x74, 0x20, 0x28, 0x52, 0x29, 0x20, 0x48,
    0x4C, 0x53, 0x4C, 0x20, 0x53, 0x68, 0x61, 0x64, 0x65, 0x72, 0x20, 0x43, 0x6F, 0x6D, 0x70, 0x69,
    0x6C, 0x65, 0x72, 0x20, 0x31, 0x30, 0x2E, 0x31, 0x00, 0xAB, 0xAB, 0xAB, 0x49, 0x53, 0x47, 0x4E,
    0x4C, 0x00, 0x00, 0x00, 0x02, 0x00, 0x00, 0x00, 0x08, 0x00, 0x00, 0x00, 0x38, 0x00, 0x00, 0x00,
    0x00, 0x00, 0x00, 0x00, 0x00, 0x00, 0x00, 0x00, 0x03, 0x00, 0x00, 0x00, 0x00, 0x00, 0x00, 0x00,
    0x03, 0x03, 0x00, 0x00, 0x41, 0x00, 0x00, 0x00, 0x00, 0x00, 0x00, 0x00, 0x00, 0x00, 0x00, 0x00,
    0x03, 0x00, 0x00, 0x00, 0x01, 0x00, 0x00, 0x00, 0x03, 0x00, 0x00, 0x00, 0x50, 0x4F, 0x53, 0x49,
    0x54, 0x49, 0x4F, 0x4E, 0x00, 0x54, 0x45, 0x58, 0x43, 0x4F, 0x4F, 0x52, 0x44, 0x00, 0xAB, 0xAB,
    0x4F, 0x53, 0x47, 0x4E, 0x50, 0x00, 0x00, 0x00, 0x02, 0x00, 0x00, 0x00, 0x08, 0x00, 0x00, 0x00,
    0x38, 0x00, 0x00, 0x00, 0x00, 0x00, 0x00, 0x00, 0x01, 0x00, 0x00, 0x00, 0x03, 0x00, 0x00, 0x00,
    0x00, 0x00, 0x00, 0x00, 0x0F, 0x00, 0x00, 0x00, 0x44, 0x00, 0x00, 0x00, 0x00, 0x00, 0x00, 0x00,
    0x00, 0x00, 0x00, 0x00, 0x03, 0x00, 0x00, 0x00, 0x01, 0x00, 0x00, 0x00, 0x03, 0x0C, 0x00, 0x00,
    0x53, 0x56, 0x5F, 0x50, 0x4F, 0x53, 0x49, 0x54, 0x49, 0x4F, 0x4E, 0x00, 0x54, 0x45, 0x58, 0x43,
    0x4F, 0x4F, 0x52, 0x44, 0x00, 0xAB, 0xAB, 0xAB, 0x53, 0x48, 0x44, 0x52, 0x54, 0x01, 0x00, 0x00,
    0x40, 0x00, 0x01, 0x00, 0x55, 0x00, 0x00, 0x00, 0x59, 0x00, 0x00, 0x04, 0x46, 0x8E, 0x20, 0x00,
    0x00, 0x00, 0x00, 0x00, 0x03, 0x00, 0x00, 0x00, 0x5F, 0x00, 0x00, 0x03, 0x32, 0x10, 0x10, 0x00,
    0x00, 0x00, 0x00, 0x00, 0x67, 0x00, 0x00, 0x04, 0xF2, 0x20, 0x10, 0x00, 0x00, 0x00, 0x00, 0x00,
    0x01, 0x00, 0x00, 0x00, 0x65, 0x00, 0x00, 0x03, 0x32, 0x20, 0x10, 0x00, 0x01, 0x00, 0x00, 0x00,
    0x68, 0x00, 0x00, 0x02, 0x01, 0x00, 0x00, 0x00, 0x32, 0x00, 0x00, 0x0F, 0x32, 0x20, 0x10, 0x00,
    0x00, 0x00, 0x00, 0x00, 0x46, 0x10, 0x10, 0x00, 0x00, 0x00, 0x00, 0x00, 0x02, 0x40, 0x00, 0x00,
    0x00, 0x00, 0x00, 0x40, 0x00, 0x00, 0x00, 0x40, 0x00, 0x00, 0x00, 0x00, 0x00, 0x00, 0x00, 0x00,
    0x02, 0x40, 0x00, 0x00, 0x00, 0x00, 0x80, 0xBF, 0x00, 0x00, 0x80, 0xBF, 0x00, 0x00, 0x00, 0x00,
    0x00, 0x00, 0x00, 0x00, 0x36, 0x00, 0x00, 0x08, 0xC2, 0x20, 0x10, 0x00, 0x00, 0x00, 0x00, 0x00,
    0x02, 0x40, 0x00, 0x00, 0x00, 0x00, 0x00, 0x00, 0x00, 0x00, 0x00, 0x00, 0x00, 0x00, 0x00, 0x00,
    0x00, 0x00, 0x80, 0x3F, 0x0F, 0x00, 0x00, 0x08, 0x12, 0x00, 0x10, 0x00, 0x00, 0x00, 0x00, 0x00,
    0x46, 0x80, 0x20, 0x00, 0x00, 0x00, 0x00, 0x00, 0x00, 0x00, 0x00, 0x00, 0x46, 0x10, 0x10, 0x00,
    0x00, 0x00, 0x00, 0x00, 0x00, 0x00, 0x00, 0x08, 0x12, 0x00, 0x10, 0x00, 0x00, 0x00, 0x00, 0x00,
    0x0A, 0x00, 0x10, 0x00, 0x00, 0x00, 0x00, 0x00, 0x2A, 0x80, 0x20, 0x00, 0x00, 0x00, 0x00, 0x00,
    0x00, 0x00, 0x00, 0x00, 0x0F, 0x00, 0x00, 0x08, 0x42, 0x00, 0x10, 0x00, 0x00, 0x00, 0x00, 0x00,
    0x46, 0x80, 0x20, 0x00, 0x00, 0x00, 0x00, 0x00, 0x01, 0x00, 0x00, 0x00, 0x46, 0x10, 0x10, 0x00,
    0x00, 0x00, 0x00, 0x00, 0x00, 0x00, 0x00, 0x08, 0x22, 0x00, 0x10, 0x00, 0x00, 0x00, 0x00, 0x00,
    0x2A, 0x00, 0x10, 0x00, 0x00, 0x00, 0x00, 0x00, 0x2A, 0x80, 0x20, 0x00, 0x00, 0x00, 0x00, 0x00,
    0x01, 0x00, 0x00, 0x00, 0x32, 0x00, 0x00, 0x0B, 0x32, 0x20, 0x10, 0x00, 0x01, 0x00, 0x00, 0x00,
    0x46, 0x00, 0x10, 0x00, 0x00, 0x00, 0x00, 0x00, 0xE6, 0x8A, 0x20, 0x00, 0x00, 0x00, 0x00, 0x00,
    0x02, 0x00, 0x00, 0x00, 0x46, 0x80, 0x20, 0x00, 0x00, 0x00, 0x00, 0x00, 0x02, 0x00, 0x00, 0x00,
    0x3E, 0x00, 0x00, 0x01, 0x53, 0x54, 0x41, 0x54, 0x74, 0x00, 0x00, 0x00, 0x08, 0x00, 0x00, 0x00,
    0x01, 0x00, 0x00, 0x00, 0x00, 0x00, 0x00, 0x00, 0x03, 0x00, 0x00, 0x00, 0x06, 0x00, 0x00, 0x00,
    0x00, 0x00, 0x00, 0x00, 0x00, 0x00, 0x00, 0x00, 0x01, 0x00, 0x00, 0x00, 0x00, 0x00, 0x00, 0x00,
    0x00, 0x00, 0x00, 0x00, 0x00, 0x00, 0x00, 0x00, 0x00, 0x00, 0x00, 0x00, 0x00, 0x00, 0x00, 0x00,
    0x00, 0x00, 0x00, 0x00, 0x00, 0x00, 0x00, 0x00, 0x00, 0x00, 0x00, 0x00, 0x00, 0x00, 0x00, 0x00,
    0x00, 0x00, 0x00, 0x00, 0x00, 0x00, 0x00, 0x00, 0x01, 0x00, 0x00, 0x00, 0x00, 0x00, 0x00, 0x00,
    0x00, 0x00, 0x00, 0x00, 0x00, 0x00, 0x00, 0x00, 0x00, 0x00, 0x00, 0x00, 0x00, 0x00, 0x00, 0x00,
    0x00, 0x00, 0x00, 0x00, 0x00, 0x00, 0x00, 0x00, 0x00, 0x00, 0x00, 0x00, 0x00, 0x00, 0x00, 0x00,
};
const size_t kEmbeddedDXBC_affine_blt_vs_size = 960;
// -- affine_blt_fs (DXBC, 588 bytes) -------------------------------------------
const uint8_t kEmbeddedDXBC_affine_blt_fs[] = {
    0x44, 0x58, 0x42, 0x43, 0x89, 0x32, 0xD8, 0xF5, 0xBD, 0x49, 0x24, 0x21, 0x2C, 0x7A, 0xE5, 0x25,
    0x1E, 0xE6, 0xED, 0xC3, 0x01, 0x00, 0x00, 0x00, 0x4C, 0x02, 0x00, 0x00, 0x05, 0x00, 0x00, 0x00,
    0x34, 0x00, 0x00, 0x00, 0xD8, 0x00, 0x00, 0x00, 0x30, 0x01, 0x00, 0x00, 0x64, 0x01, 0x00, 0x00,
    0xD0, 0x01, 0x00, 0x00, 0x52, 0x44, 0x45, 0x46, 0x9C, 0x00, 0x00, 0x00, 0x00, 0x00, 0x00, 0x00,
    0x00, 0x00, 0x00, 0x00, 0x02, 0x00, 0x00, 0x00, 0x1C, 0x00, 0x00, 0x00, 0x00, 0x04, 0xFF, 0xFF,
    0x00, 0x01, 0x00, 0x00, 0x71, 0x00, 0x00, 0x00, 0x5C, 0x00, 0x00, 0x00, 0x03, 0x00, 0x00, 0x00,
    0x00, 0x00, 0x00, 0x00, 0x00, 0x00, 0x00, 0x00, 0x00, 0x00, 0x00, 0x00, 0x00, 0x00, 0x00, 0x00,
    0x01, 0x00, 0x00, 0x00, 0x01, 0x00, 0x00, 0x00, 0x66, 0x00, 0x00, 0x00, 0x02, 0x00, 0x00, 0x00,
    0x05, 0x00, 0x00, 0x00, 0x04, 0x00, 0x00, 0x00, 0xFF, 0xFF, 0xFF, 0xFF, 0x00, 0x00, 0x00, 0x00,
    0x01, 0x00, 0x00, 0x00, 0x0D, 0x00, 0x00, 0x00, 0x73, 0x5F, 0x74, 0x65, 0x78, 0x53, 0x61, 0x6D,
    0x70, 0x00, 0x73, 0x5F, 0x74, 0x65, 0x78, 0x43, 0x6F, 0x6C, 0x6F, 0x72, 0x00, 0x4D, 0x69, 0x63,
    0x72, 0x6F, 0x73, 0x6F, 0x66, 0x74, 0x20, 0x28, 0x52, 0x29, 0x20, 0x48, 0x4C, 0x53, 0x4C, 0x20,
    0x53, 0x68, 0x61, 0x64, 0x65, 0x72, 0x20, 0x43, 0x6F, 0x6D, 0x70, 0x69, 0x6C, 0x65, 0x72, 0x20,
    0x31, 0x30, 0x2E, 0x31, 0x00, 0xAB, 0xAB, 0xAB, 0x49, 0x53, 0x47, 0x4E, 0x50, 0x00, 0x00, 0x00,
    0x02, 0x00, 0x00, 0x00, 0x08, 0x00, 0x00, 0x00, 0x38, 0x00, 0x00, 0x00, 0x00, 0x00, 0x00, 0x00,
    0x01, 0x00, 0x00, 0x00, 0x03, 0x00, 0x00, 0x00, 0x00, 0x00, 0x00, 0x00, 0x0F, 0x00, 0x00, 0x00,
    0x44, 0x00, 0x00, 0x00, 0x00, 0x00, 0x00, 0x00, 0x00, 0x00, 0x00, 0x00, 0x03, 0x00, 0x00, 0x00,
    0x01, 0x00, 0x00, 0x00, 0x03, 0x03, 0x00, 0x00, 0x53, 0x56, 0x5F, 0x50, 0x4F, 0x53, 0x49, 0x54,
    0x49, 0x4F, 0x4E, 0x00, 0x54, 0x45, 0x58, 0x43, 0x4F, 0x4F, 0x52, 0x44, 0x00, 0xAB, 0xAB, 0xAB,
    0x4F, 0x53, 0x47, 0x4E, 0x2C, 0x00, 0x00, 0x00, 0x01, 0x00, 0x00, 0x00, 0x08, 0x00, 0x00, 0x00,
    0x20, 0x00, 0x00, 0x00, 0x00, 0x00, 0x00, 0x00, 0x00, 0x00, 0x00, 0x00, 0x03, 0x00, 0x00, 0x00,
    0x00, 0x00, 0x00, 0x00, 0x0F, 0x00, 0x00, 0x00, 0x53, 0x56, 0x5F, 0x54, 0x41, 0x52, 0x47, 0x45,
    0x54, 0x00, 0xAB, 0xAB, 0x53, 0x48, 0x44, 0x52, 0x64, 0x00, 0x00, 0x00, 0x40, 0x00, 0x00, 0x00,
    0x19, 0x00, 0x00, 0x00, 0x5A, 0x00, 0x00, 0x03, 0x00, 0x60, 0x10, 0x00, 0x00, 0x00, 0x00, 0x00,
    0x58, 0x18, 0x00, 0x04, 0x00, 0x70, 0x10, 0x00, 0x00, 0x00, 0x00, 0x00, 0x55, 0x55, 0x00, 0x00,
    0x62, 0x10, 0x00, 0x03, 0x32, 0x10, 0x10, 0x00, 0x01, 0x00, 0x00, 0x00, 0x65, 0x00, 0x00, 0x03,
    0xF2, 0x20, 0x10, 0x00, 0x00, 0x00, 0x00, 0x00, 0x45, 0x00, 0x00, 0x09, 0xF2, 0x20, 0x10, 0x00,
    0x00, 0x00, 0x00, 0x00, 0x46, 0x10, 0x10, 0x00, 0x01, 0x00, 0x00, 0x00, 0x46, 0x7E, 0x10, 0x00,
    0x00, 0x00, 0x00, 0x00, 0x00, 0x60, 0x10, 0x00, 0x00, 0x00, 0x00, 0x00, 0x3E, 0x00, 0x00, 0x01,
    0x53, 0x54, 0x41, 0x54, 0x74, 0x00, 0x00, 0x00, 0x02, 0x00, 0x00, 0x00, 0x00, 0x00, 0x00, 0x00,
    0x00, 0x00, 0x00, 0x00, 0x02, 0x00, 0x00, 0x00, 0x00, 0x00, 0x00, 0x00, 0x00, 0x00, 0x00, 0x00,
    0x00, 0x00, 0x00, 0x00, 0x01, 0x00, 0x00, 0x00, 0x00, 0x00, 0x00, 0x00, 0x00, 0x00, 0x00, 0x00,
    0x00, 0x00, 0x00, 0x00, 0x00, 0x00, 0x00, 0x00, 0x00, 0x00, 0x00, 0x00, 0x00, 0x00, 0x00, 0x00,
    0x01, 0x00, 0x00, 0x00, 0x00, 0x00, 0x00, 0x00, 0x00, 0x00, 0x00, 0x00, 0x00, 0x00, 0x00, 0x00,
    0x00, 0x00, 0x00, 0x00, 0x00, 0x00, 0x00, 0x00, 0x00, 0x00, 0x00, 0x00, 0x00, 0x00, 0x00, 0x00,
    0x00, 0x00, 0x00, 0x00, 0x00, 0x00, 0x00, 0x00, 0x00, 0x00, 0x00, 0x00, 0x00, 0x00, 0x00, 0x00,
    0x00, 0x00, 0x00, 0x00, 0x00, 0x00, 0x00, 0x00, 0x00, 0x00, 0x00, 0x00,
};
const size_t kEmbeddedDXBC_affine_blt_fs_size = 588;

// ---------------------------------------------------------------------------
// Round-102 post-processing chain full-screen PS (DXBC, D3D11/D3D12).
// Compiled from shaders/dx11/fs_postfx_*.hlsl via fxc /T ps_4_0 /E main.
// ---------------------------------------------------------------------------
// -- fs_postfx_vignette (DXBC, 1200 bytes) ---
const uint8_t kEmbeddedDXBC_fs_postfx_vignette[] = {
    0x44, 0x58, 0x42, 0x43, 0xAA, 0xB4, 0xB4, 0x41, 0xD5, 0xD8, 0xDA, 0x37,
    0xE1, 0x92, 0x7C, 0x44, 0xF6, 0x71, 0x6B, 0x91, 0x01, 0x00, 0x00, 0x00,
    0xB0, 0x04, 0x00, 0x00, 0x05, 0x00, 0x00, 0x00, 0x34, 0x00, 0x00, 0x00,
    0x9C, 0x01, 0x00, 0x00, 0xF4, 0x01, 0x00, 0x00, 0x28, 0x02, 0x00, 0x00,
    0x34, 0x04, 0x00, 0x00, 0x52, 0x44, 0x45, 0x46, 0x60, 0x01, 0x00, 0x00,
    0x01, 0x00, 0x00, 0x00, 0x98, 0x00, 0x00, 0x00, 0x03, 0x00, 0x00, 0x00,
    0x1C, 0x00, 0x00, 0x00, 0x00, 0x04, 0xFF, 0xFF, 0x00, 0x01, 0x00, 0x00,
    0x37, 0x01, 0x00, 0x00, 0x7C, 0x00, 0x00, 0x00, 0x03, 0x00, 0x00, 0x00,
    0x00, 0x00, 0x00, 0x00, 0x00, 0x00, 0x00, 0x00, 0x00, 0x00, 0x00, 0x00,
    0x00, 0x00, 0x00, 0x00, 0x01, 0x00, 0x00, 0x00, 0x01, 0x00, 0x00, 0x00,
    0x83, 0x00, 0x00, 0x00, 0x02, 0x00, 0x00, 0x00, 0x05, 0x00, 0x00, 0x00,
    0x04, 0x00, 0x00, 0x00, 0xFF, 0xFF, 0xFF, 0xFF, 0x00, 0x00, 0x00, 0x00,
    0x01, 0x00, 0x00, 0x00, 0x0D, 0x00, 0x00, 0x00, 0x89, 0x00, 0x00, 0x00,
    0x00, 0x00, 0x00, 0x00, 0x00, 0x00, 0x00, 0x00, 0x00, 0x00, 0x00, 0x00,
    0x00, 0x00, 0x00, 0x00, 0x00, 0x00, 0x00, 0x00, 0x01, 0x00, 0x00, 0x00,
    0x01, 0x00, 0x00, 0x00, 0x73, 0x5F, 0x73, 0x61, 0x6D, 0x70, 0x00, 0x73,
    0x5F, 0x74, 0x65, 0x78, 0x00, 0x50, 0x6F, 0x73, 0x74, 0x46, 0x78, 0x50,
    0x61, 0x72, 0x61, 0x6D, 0x73, 0x00, 0xAB, 0xAB, 0x89, 0x00, 0x00, 0x00,
    0x04, 0x00, 0x00, 0x00, 0xB0, 0x00, 0x00, 0x00, 0x40, 0x00, 0x00, 0x00,
    0x00, 0x00, 0x00, 0x00, 0x00, 0x00, 0x00, 0x00, 0x10, 0x01, 0x00, 0x00,
    0x00, 0x00, 0x00, 0x00, 0x10, 0x00, 0x00, 0x00, 0x02, 0x00, 0x00, 0x00,
    0x18, 0x01, 0x00, 0x00, 0x00, 0x00, 0x00, 0x00, 0x28, 0x01, 0x00, 0x00,
    0x10, 0x00, 0x00, 0x00, 0x10, 0x00, 0x00, 0x00, 0x02, 0x00, 0x00, 0x00,
    0x18, 0x01, 0x00, 0x00, 0x00, 0x00, 0x00, 0x00, 0x2D, 0x01, 0x00, 0x00,
    0x20, 0x00, 0x00, 0x00, 0x10, 0x00, 0x00, 0x00, 0x00, 0x00, 0x00, 0x00,
    0x18, 0x01, 0x00, 0x00, 0x00, 0x00, 0x00, 0x00, 0x32, 0x01, 0x00, 0x00,
    0x30, 0x00, 0x00, 0x00, 0x10, 0x00, 0x00, 0x00, 0x00, 0x00, 0x00, 0x00,
    0x18, 0x01, 0x00, 0x00, 0x00, 0x00, 0x00, 0x00, 0x75, 0x5F, 0x70, 0x30,
    0x00, 0xAB, 0xAB, 0xAB, 0x01, 0x00, 0x03, 0x00, 0x01, 0x00, 0x04, 0x00,
    0x00, 0x00, 0x00, 0x00, 0x00, 0x00, 0x00, 0x00, 0x75, 0x5F, 0x70, 0x31,
    0x00, 0x75, 0x5F, 0x70, 0x32, 0x00, 0x75, 0x5F, 0x70, 0x33, 0x00, 0x4D,
    0x69, 0x63, 0x72, 0x6F, 0x73, 0x6F, 0x66, 0x74, 0x20, 0x28, 0x52, 0x29,
    0x20, 0x48, 0x4C, 0x53, 0x4C, 0x20, 0x53, 0x68, 0x61, 0x64, 0x65, 0x72,
    0x20, 0x43, 0x6F, 0x6D, 0x70, 0x69, 0x6C, 0x65, 0x72, 0x20, 0x31, 0x30,
    0x2E, 0x31, 0x00, 0xAB, 0x49, 0x53, 0x47, 0x4E, 0x50, 0x00, 0x00, 0x00,
    0x02, 0x00, 0x00, 0x00, 0x08, 0x00, 0x00, 0x00, 0x38, 0x00, 0x00, 0x00,
    0x00, 0x00, 0x00, 0x00, 0x01, 0x00, 0x00, 0x00, 0x03, 0x00, 0x00, 0x00,
    0x00, 0x00, 0x00, 0x00, 0x0F, 0x00, 0x00, 0x00, 0x44, 0x00, 0x00, 0x00,
    0x00, 0x00, 0x00, 0x00, 0x00, 0x00, 0x00, 0x00, 0x03, 0x00, 0x00, 0x00,
    0x01, 0x00, 0x00, 0x00, 0x03, 0x03, 0x00, 0x00, 0x53, 0x56, 0x5F, 0x50,
    0x4F, 0x53, 0x49, 0x54, 0x49, 0x4F, 0x4E, 0x00, 0x54, 0x45, 0x58, 0x43,
    0x4F, 0x4F, 0x52, 0x44, 0x00, 0xAB, 0xAB, 0xAB, 0x4F, 0x53, 0x47, 0x4E,
    0x2C, 0x00, 0x00, 0x00, 0x01, 0x00, 0x00, 0x00, 0x08, 0x00, 0x00, 0x00,
    0x20, 0x00, 0x00, 0x00, 0x00, 0x00, 0x00, 0x00, 0x00, 0x00, 0x00, 0x00,
    0x03, 0x00, 0x00, 0x00, 0x00, 0x00, 0x00, 0x00, 0x0F, 0x00, 0x00, 0x00,
    0x53, 0x56, 0x5F, 0x54, 0x41, 0x52, 0x47, 0x45, 0x54, 0x00, 0xAB, 0xAB,
    0x53, 0x48, 0x44, 0x52, 0x04, 0x02, 0x00, 0x00, 0x40, 0x00, 0x00, 0x00,
    0x81, 0x00, 0x00, 0x00, 0x59, 0x00, 0x00, 0x04, 0x46, 0x8E, 0x20, 0x00,
    0x00, 0x00, 0x00, 0x00, 0x02, 0x00, 0x00, 0x00, 0x5A, 0x00, 0x00, 0x03,
    0x00, 0x60, 0x10, 0x00, 0x00, 0x00, 0x00, 0x00, 0x58, 0x18, 0x00, 0x04,
    0x00, 0x70, 0x10, 0x00, 0x00, 0x00, 0x00, 0x00, 0x55, 0x55, 0x00, 0x00,
    0x62, 0x10, 0x00, 0x03, 0x32, 0x10, 0x10, 0x00, 0x01, 0x00, 0x00, 0x00,
    0x65, 0x00, 0x00, 0x03, 0xF2, 0x20, 0x10, 0x00, 0x00, 0x00, 0x00, 0x00,
    0x68, 0x00, 0x00, 0x02, 0x02, 0x00, 0x00, 0x00, 0x00, 0x00, 0x00, 0x0A,
    0x32, 0x00, 0x10, 0x00, 0x00, 0x00, 0x00, 0x00, 0x46, 0x10, 0x10, 0x00,
    0x01, 0x00, 0x00, 0x00, 0x02, 0x40, 0x00, 0x00, 0x00, 0x00, 0x00, 0xBF,
    0x00, 0x00, 0x00, 0xBF, 0x00, 0x00, 0x00, 0x00, 0x00, 0x00, 0x00, 0x00,
    0x0F, 0x00, 0x00, 0x07, 0x12, 0x00, 0x10, 0x00, 0x00, 0x00, 0x00, 0x00,
    0x46, 0x00, 0x10, 0x00, 0x00, 0x00, 0x00, 0x00, 0x46, 0x00, 0x10, 0x00,
    0x00, 0x00, 0x00, 0x00, 0x4B, 0x00, 0x00, 0x05, 0x12, 0x00, 0x10, 0x00,
    0x00, 0x00, 0x00, 0x00, 0x0A, 0x00, 0x10, 0x00, 0x00, 0x00, 0x00, 0x00,
    0x34, 0x00, 0x00, 0x08, 0x22, 0x00, 0x10, 0x00, 0x00, 0x00, 0x00, 0x00,
    0x1A, 0x80, 0x20, 0x00, 0x00, 0x00, 0x00, 0x00, 0x00, 0x00, 0x00, 0x00,
    0x01, 0x40, 0x00, 0x00, 0x17, 0xB7, 0xD1, 0x38, 0x32, 0x00, 0x00, 0x0A,
    0x12, 0x00, 0x10, 0x00, 0x00, 0x00, 0x00, 0x00, 0x0A, 0x00, 0x10, 0x00,
    0x00, 0x00, 0x00, 0x00, 0x01, 0x40, 0x00, 0x00, 0x00, 0x00, 0x00, 0x40,
    0x1A, 0x00, 0x10, 0x80, 0x41, 0x00, 0x00, 0x00, 0x00, 0x00, 0x00, 0x00,
    0x00, 0x00, 0x00, 0x08, 0x22, 0x00, 0x10, 0x00, 0x00, 0x00, 0x00, 0x00,
    0x1A, 0x00, 0x10, 0x80, 0x41, 0x00, 0x00, 0x00, 0x00, 0x00, 0x00, 0x00,
    0x01, 0x40, 0x00, 0x00, 0x9A, 0x99, 0xD9, 0x3F, 0x0E, 0x20, 0x00, 0x07,
    0x12, 0x00, 0x10, 0x00, 0x00, 0x00, 0x00, 0x00, 0x0A, 0x00, 0x10, 0x00,
    0x00, 0x00, 0x00, 0x00, 0x1A, 0x00, 0x10, 0x00, 0x00, 0x00, 0x00, 0x00,
    0x34, 0x00, 0x00, 0x0B, 0xE2, 0x00, 0x10, 0x00, 0x00, 0x00, 0x00, 0x00,
    0x06, 0x89, 0x20, 0x00, 0x00, 0x00, 0x00, 0x00, 0x01, 0x00, 0x00, 0x00,
    0x02, 0x40, 0x00, 0x00, 0x00, 0x00, 0x00, 0x00, 0x00, 0x00, 0x00, 0x00,
    0x00, 0x00, 0x00, 0x00, 0x00, 0x00, 0x00, 0x00, 0x45, 0x00, 0x00, 0x09,
    0xF2, 0x00, 0x10, 0x00, 0x01, 0x00, 0x00, 0x00, 0x46, 0x10, 0x10, 0x00,
    0x01, 0x00, 0x00, 0x00, 0x46, 0x7E, 0x10, 0x00, 0x00, 0x00, 0x00, 0x00,
    0x00, 0x60, 0x10, 0x00, 0x00, 0x00, 0x00, 0x00, 0x32, 0x00, 0x00, 0x0A,
    0xE2, 0x00, 0x10, 0x00, 0x00, 0x00, 0x00, 0x00, 0x06, 0x09, 0x10, 0x00,
    0x01, 0x00, 0x00, 0x00, 0x56, 0x0E, 0x10, 0x00, 0x00, 0x00, 0x00, 0x00,
    0x06, 0x09, 0x10, 0x80, 0x41, 0x00, 0x00, 0x00, 0x01, 0x00, 0x00, 0x00,
    0x38, 0x00, 0x00, 0x07, 0x72, 0x00, 0x10, 0x00, 0x00, 0x00, 0x00, 0x00,
    0x96, 0x07, 0x10, 0x00, 0x00, 0x00, 0x00, 0x00, 0x06, 0x00, 0x10, 0x00,
    0x00, 0x00, 0x00, 0x00, 0x32, 0x00, 0x00, 0x0A, 0x72, 0x20, 0x10, 0x00,
    0x00, 0x00, 0x00, 0x00, 0x06, 0x80, 0x20, 0x00, 0x00, 0x00, 0x00, 0x00,
    0x00, 0x00, 0x00, 0x00, 0x46, 0x02, 0x10, 0x00, 0x00, 0x00, 0x00, 0x00,
    0x46, 0x02, 0x10, 0x00, 0x01, 0x00, 0x00, 0x00, 0x36, 0x00, 0x00, 0x05,
    0x82, 0x20, 0x10, 0x00, 0x00, 0x00, 0x00, 0x00, 0x3A, 0x00, 0x10, 0x00,
    0x01, 0x00, 0x00, 0x00, 0x3E, 0x00, 0x00, 0x01, 0x53, 0x54, 0x41, 0x54,
    0x74, 0x00, 0x00, 0x00, 0x0E, 0x00, 0x00, 0x00, 0x02, 0x00, 0x00, 0x00,
    0x00, 0x00, 0x00, 0x00, 0x02, 0x00, 0x00, 0x00, 0x0B, 0x00, 0x00, 0x00,
    0x00, 0x00, 0x00, 0x00, 0x00, 0x00, 0x00, 0x00, 0x01, 0x00, 0x00, 0x00,
    0x00, 0x00, 0x00, 0x00, 0x00, 0x00, 0x00, 0x00, 0x00, 0x00, 0x00, 0x00,
    0x00, 0x00, 0x00, 0x00, 0x00, 0x00, 0x00, 0x00, 0x00, 0x00, 0x00, 0x00,
    0x01, 0x00, 0x00, 0x00, 0x00, 0x00, 0x00, 0x00, 0x00, 0x00, 0x00, 0x00,
    0x00, 0x00, 0x00, 0x00, 0x00, 0x00, 0x00, 0x00, 0x01, 0x00, 0x00, 0x00,
    0x00, 0x00, 0x00, 0x00, 0x00, 0x00, 0x00, 0x00, 0x00, 0x00, 0x00, 0x00,
    0x00, 0x00, 0x00, 0x00, 0x00, 0x00, 0x00, 0x00, 0x00, 0x00, 0x00, 0x00,
    0x00, 0x00, 0x00, 0x00, 0x00, 0x00, 0x00, 0x00, 0x00, 0x00, 0x00, 0x00
};
const size_t kEmbeddedDXBC_fs_postfx_vignette_size = 1200;

// -- fs_postfx_lut (DXBC, 1180 bytes) ---
const uint8_t kEmbeddedDXBC_fs_postfx_lut[] = {
    0x44, 0x58, 0x42, 0x43, 0x66, 0x84, 0xFF, 0xF2, 0x6F, 0x38, 0x7F, 0x99,
    0x72, 0x14, 0xF6, 0x80, 0x3A, 0x9A, 0x68, 0x9C, 0x01, 0x00, 0x00, 0x00,
    0x9C, 0x04, 0x00, 0x00, 0x05, 0x00, 0x00, 0x00, 0x34, 0x00, 0x00, 0x00,
    0x9C, 0x01, 0x00, 0x00, 0xF4, 0x01, 0x00, 0x00, 0x28, 0x02, 0x00, 0x00,
    0x20, 0x04, 0x00, 0x00, 0x52, 0x44, 0x45, 0x46, 0x60, 0x01, 0x00, 0x00,
    0x01, 0x00, 0x00, 0x00, 0x98, 0x00, 0x00, 0x00, 0x03, 0x00, 0x00, 0x00,
    0x1C, 0x00, 0x00, 0x00, 0x00, 0x04, 0xFF, 0xFF, 0x00, 0x01, 0x00, 0x00,
    0x37, 0x01, 0x00, 0x00, 0x7C, 0x00, 0x00, 0x00, 0x03, 0x00, 0x00, 0x00,
    0x00, 0x00, 0x00, 0x00, 0x00, 0x00, 0x00, 0x00, 0x00, 0x00, 0x00, 0x00,
    0x00, 0x00, 0x00, 0x00, 0x01, 0x00, 0x00, 0x00, 0x01, 0x00, 0x00, 0x00,
    0x83, 0x00, 0x00, 0x00, 0x02, 0x00, 0x00, 0x00, 0x05, 0x00, 0x00, 0x00,
    0x04, 0x00, 0x00, 0x00, 0xFF, 0xFF, 0xFF, 0xFF, 0x00, 0x00, 0x00, 0x00,
    0x01, 0x00, 0x00, 0x00, 0x0D, 0x00, 0x00, 0x00, 0x89, 0x00, 0x00, 0x00,
    0x00, 0x00, 0x00, 0x00, 0x00, 0x00, 0x00, 0x00, 0x00, 0x00, 0x00, 0x00,
    0x00, 0x00, 0x00, 0x00, 0x00, 0x00, 0x00, 0x00, 0x01, 0x00, 0x00, 0x00,
    0x01, 0x00, 0x00, 0x00, 0x73, 0x5F, 0x73, 0x61, 0x6D, 0x70, 0x00, 0x73,
    0x5F, 0x74, 0x65, 0x78, 0x00, 0x50, 0x6F, 0x73, 0x74, 0x46, 0x78, 0x50,
    0x61, 0x72, 0x61, 0x6D, 0x73, 0x00, 0xAB, 0xAB, 0x89, 0x00, 0x00, 0x00,
    0x04, 0x00, 0x00, 0x00, 0xB0, 0x00, 0x00, 0x00, 0x40, 0x00, 0x00, 0x00,
    0x00, 0x00, 0x00, 0x00, 0x00, 0x00, 0x00, 0x00, 0x10, 0x01, 0x00, 0x00,
    0x00, 0x00, 0x00, 0x00, 0x10, 0x00, 0x00, 0x00, 0x02, 0x00, 0x00, 0x00,
    0x18, 0x01, 0x00, 0x00, 0x00, 0x00, 0x00, 0x00, 0x28, 0x01, 0x00, 0x00,
    0x10, 0x00, 0x00, 0x00, 0x10, 0x00, 0x00, 0x00, 0x02, 0x00, 0x00, 0x00,
    0x18, 0x01, 0x00, 0x00, 0x00, 0x00, 0x00, 0x00, 0x2D, 0x01, 0x00, 0x00,
    0x20, 0x00, 0x00, 0x00, 0x10, 0x00, 0x00, 0x00, 0x00, 0x00, 0x00, 0x00,
    0x18, 0x01, 0x00, 0x00, 0x00, 0x00, 0x00, 0x00, 0x32, 0x01, 0x00, 0x00,
    0x30, 0x00, 0x00, 0x00, 0x10, 0x00, 0x00, 0x00, 0x00, 0x00, 0x00, 0x00,
    0x18, 0x01, 0x00, 0x00, 0x00, 0x00, 0x00, 0x00, 0x75, 0x5F, 0x70, 0x30,
    0x00, 0xAB, 0xAB, 0xAB, 0x01, 0x00, 0x03, 0x00, 0x01, 0x00, 0x04, 0x00,
    0x00, 0x00, 0x00, 0x00, 0x00, 0x00, 0x00, 0x00, 0x75, 0x5F, 0x70, 0x31,
    0x00, 0x75, 0x5F, 0x70, 0x32, 0x00, 0x75, 0x5F, 0x70, 0x33, 0x00, 0x4D,
    0x69, 0x63, 0x72, 0x6F, 0x73, 0x6F, 0x66, 0x74, 0x20, 0x28, 0x52, 0x29,
    0x20, 0x48, 0x4C, 0x53, 0x4C, 0x20, 0x53, 0x68, 0x61, 0x64, 0x65, 0x72,
    0x20, 0x43, 0x6F, 0x6D, 0x70, 0x69, 0x6C, 0x65, 0x72, 0x20, 0x31, 0x30,
    0x2E, 0x31, 0x00, 0xAB, 0x49, 0x53, 0x47, 0x4E, 0x50, 0x00, 0x00, 0x00,
    0x02, 0x00, 0x00, 0x00, 0x08, 0x00, 0x00, 0x00, 0x38, 0x00, 0x00, 0x00,
    0x00, 0x00, 0x00, 0x00, 0x01, 0x00, 0x00, 0x00, 0x03, 0x00, 0x00, 0x00,
    0x00, 0x00, 0x00, 0x00, 0x0F, 0x00, 0x00, 0x00, 0x44, 0x00, 0x00, 0x00,
    0x00, 0x00, 0x00, 0x00, 0x00, 0x00, 0x00, 0x00, 0x03, 0x00, 0x00, 0x00,
    0x01, 0x00, 0x00, 0x00, 0x03, 0x03, 0x00, 0x00, 0x53, 0x56, 0x5F, 0x50,
    0x4F, 0x53, 0x49, 0x54, 0x49, 0x4F, 0x4E, 0x00, 0x54, 0x45, 0x58, 0x43,
    0x4F, 0x4F, 0x52, 0x44, 0x00, 0xAB, 0xAB, 0xAB, 0x4F, 0x53, 0x47, 0x4E,
    0x2C, 0x00, 0x00, 0x00, 0x01, 0x00, 0x00, 0x00, 0x08, 0x00, 0x00, 0x00,
    0x20, 0x00, 0x00, 0x00, 0x00, 0x00, 0x00, 0x00, 0x00, 0x00, 0x00, 0x00,
    0x03, 0x00, 0x00, 0x00, 0x00, 0x00, 0x00, 0x00, 0x0F, 0x00, 0x00, 0x00,
    0x53, 0x56, 0x5F, 0x54, 0x41, 0x52, 0x47, 0x45, 0x54, 0x00, 0xAB, 0xAB,
    0x53, 0x48, 0x44, 0x52, 0xF0, 0x01, 0x00, 0x00, 0x40, 0x00, 0x00, 0x00,
    0x7C, 0x00, 0x00, 0x00, 0x59, 0x00, 0x00, 0x04, 0x46, 0x8E, 0x20, 0x00,
    0x00, 0x00, 0x00, 0x00, 0x02, 0x00, 0x00, 0x00, 0x5A, 0x00, 0x00, 0x03,
    0x00, 0x60, 0x10, 0x00, 0x00, 0x00, 0x00, 0x00, 0x58, 0x18, 0x00, 0x04,
    0x00, 0x70, 0x10, 0x00, 0x00, 0x00, 0x00, 0x00, 0x55, 0x55, 0x00, 0x00,
    0x62, 0x10, 0x00, 0x03, 0x32, 0x10, 0x10, 0x00, 0x01, 0x00, 0x00, 0x00,
    0x65, 0x00, 0x00, 0x03, 0xF2, 0x20, 0x10, 0x00, 0x00, 0x00, 0x00, 0x00,
    0x68, 0x00, 0x00, 0x02, 0x03, 0x00, 0x00, 0x00, 0x34, 0x00, 0x00, 0x0B,
    0x72, 0x00, 0x10, 0x00, 0x00, 0x00, 0x00, 0x00, 0x46, 0x82, 0x20, 0x00,
    0x00, 0x00, 0x00, 0x00, 0x01, 0x00, 0x00, 0x00, 0x02, 0x40, 0x00, 0x00,
    0x00, 0x00, 0x00, 0x00, 0x00, 0x00, 0x00, 0x00, 0x00, 0x00, 0x00, 0x00,
    0x00, 0x00, 0x00, 0x00, 0x45, 0x00, 0x00, 0x09, 0xF2, 0x00, 0x10, 0x00,
    0x01, 0x00, 0x00, 0x00, 0x46, 0x10, 0x10, 0x00, 0x01, 0x00, 0x00, 0x00,
    0x46, 0x7E, 0x10, 0x00, 0x00, 0x00, 0x00, 0x00, 0x00, 0x60, 0x10, 0x00,
    0x00, 0x00, 0x00, 0x00, 0x10, 0x00, 0x00, 0x0A, 0x82, 0x00, 0x10, 0x00,
    0x00, 0x00, 0x00, 0x00, 0x46, 0x02, 0x10, 0x00, 0x01, 0x00, 0x00, 0x00,
    0x02, 0x40, 0x00, 0x00, 0xD0, 0xB3, 0x59, 0x3E, 0x59, 0x17, 0x37, 0x3F,
    0x98, 0xDD, 0x93, 0x3D, 0x00, 0x00, 0x00, 0x00, 0x32, 0x00, 0x00, 0x0A,
    0x72, 0x00, 0x10, 0x00, 0x02, 0x00, 0x00, 0x00, 0x46, 0x02, 0x10, 0x00,
    0x01, 0x00, 0x00, 0x00, 0x46, 0x02, 0x10, 0x00, 0x00, 0x00, 0x00, 0x00,
    0xF6, 0x0F, 0x10, 0x80, 0x41, 0x00, 0x00, 0x00, 0x00, 0x00, 0x00, 0x00,
    0x32, 0x00, 0x00, 0x0A, 0x72, 0x00, 0x10, 0x00, 0x00, 0x00, 0x00, 0x00,
    0x46, 0x02, 0x10, 0x00, 0x01, 0x00, 0x00, 0x00, 0x46, 0x02, 0x10, 0x00,
    0x00, 0x00, 0x00, 0x00, 0x46, 0x02, 0x10, 0x80, 0x41, 0x00, 0x00, 0x00,
    0x01, 0x00, 0x00, 0x00, 0x32, 0x00, 0x00, 0x0A, 0x72, 0x00, 0x10, 0x00,
    0x00, 0x00, 0x00, 0x00, 0xF6, 0x8F, 0x20, 0x00, 0x00, 0x00, 0x00, 0x00,
    0x00, 0x00, 0x00, 0x00, 0x46, 0x02, 0x10, 0x00, 0x00, 0x00, 0x00, 0x00,
    0x46, 0x02, 0x10, 0x00, 0x01, 0x00, 0x00, 0x00, 0x36, 0x00, 0x00, 0x05,
    0x82, 0x20, 0x10, 0x00, 0x00, 0x00, 0x00, 0x00, 0x3A, 0x00, 0x10, 0x00,
    0x01, 0x00, 0x00, 0x00, 0x32, 0x00, 0x00, 0x0C, 0x72, 0x00, 0x10, 0x00,
    0x01, 0x00, 0x00, 0x00, 0x46, 0x02, 0x10, 0x00, 0x02, 0x00, 0x00, 0x00,
    0x02, 0x40, 0x00, 0x00, 0x00, 0x00, 0x00, 0x3F, 0x00, 0x00, 0x00, 0x3F,
    0x00, 0x00, 0x00, 0x3F, 0x00, 0x00, 0x00, 0x00, 0xF6, 0x0F, 0x10, 0x00,
    0x00, 0x00, 0x00, 0x00, 0x00, 0x00, 0x00, 0x08, 0x72, 0x00, 0x10, 0x00,
    0x01, 0x00, 0x00, 0x00, 0x46, 0x02, 0x10, 0x80, 0x41, 0x00, 0x00, 0x00,
    0x00, 0x00, 0x00, 0x00, 0x46, 0x02, 0x10, 0x00, 0x01, 0x00, 0x00, 0x00,
    0x38, 0x00, 0x00, 0x08, 0x82, 0x00, 0x10, 0x00, 0x00, 0x00, 0x00, 0x00,
    0x0A, 0x80, 0x20, 0x00, 0x00, 0x00, 0x00, 0x00, 0x00, 0x00, 0x00, 0x00,
    0x01, 0x40, 0x00, 0x00, 0x00, 0x00, 0x00, 0x3F, 0x32, 0x00, 0x00, 0x09,
    0x72, 0x20, 0x10, 0x00, 0x00, 0x00, 0x00, 0x00, 0xF6, 0x0F, 0x10, 0x00,
    0x00, 0x00, 0x00, 0x00, 0x46, 0x02, 0x10, 0x00, 0x01, 0x00, 0x00, 0x00,
    0x46, 0x02, 0x10, 0x00, 0x00, 0x00, 0x00, 0x00, 0x3E, 0x00, 0x00, 0x01,
    0x53, 0x54, 0x41, 0x54, 0x74, 0x00, 0x00, 0x00, 0x0C, 0x00, 0x00, 0x00,
    0x03, 0x00, 0x00, 0x00, 0x00, 0x00, 0x00, 0x00, 0x02, 0x00, 0x00, 0x00,
    0x09, 0x00, 0x00, 0x00, 0x00, 0x00, 0x00, 0x00, 0x00, 0x00, 0x00, 0x00,
    0x01, 0x00, 0x00, 0x00, 0x00, 0x00, 0x00, 0x00, 0x00, 0x00, 0x00, 0x00,
    0x00, 0x00, 0x00, 0x00, 0x00, 0x00, 0x00, 0x00, 0x00, 0x00, 0x00, 0x00,
    0x00, 0x00, 0x00, 0x00, 0x01, 0x00, 0x00, 0x00, 0x00, 0x00, 0x00, 0x00,
    0x00, 0x00, 0x00, 0x00, 0x00, 0x00, 0x00, 0x00, 0x00, 0x00, 0x00, 0x00,
    0x01, 0x00, 0x00, 0x00, 0x00, 0x00, 0x00, 0x00, 0x00, 0x00, 0x00, 0x00,
    0x00, 0x00, 0x00, 0x00, 0x00, 0x00, 0x00, 0x00, 0x00, 0x00, 0x00, 0x00,
    0x00, 0x00, 0x00, 0x00, 0x00, 0x00, 0x00, 0x00, 0x00, 0x00, 0x00, 0x00,
    0x00, 0x00, 0x00, 0x00
};
const size_t kEmbeddedDXBC_fs_postfx_lut_size = 1180;

// -- fs_postfx_blur (DXBC, 1700 bytes) ---
const uint8_t kEmbeddedDXBC_fs_postfx_blur[] = {
    0x44, 0x58, 0x42, 0x43, 0x43, 0x36, 0xF3, 0x83, 0xA5, 0x75, 0x48, 0x40,
    0x1A, 0x37, 0x9F, 0x79, 0x33, 0x3F, 0x49, 0xF5, 0x01, 0x00, 0x00, 0x00,
    0xA4, 0x06, 0x00, 0x00, 0x05, 0x00, 0x00, 0x00, 0x34, 0x00, 0x00, 0x00,
    0x9C, 0x01, 0x00, 0x00, 0xF4, 0x01, 0x00, 0x00, 0x28, 0x02, 0x00, 0x00,
    0x28, 0x06, 0x00, 0x00, 0x52, 0x44, 0x45, 0x46, 0x60, 0x01, 0x00, 0x00,
    0x01, 0x00, 0x00, 0x00, 0x98, 0x00, 0x00, 0x00, 0x03, 0x00, 0x00, 0x00,
    0x1C, 0x00, 0x00, 0x00, 0x00, 0x04, 0xFF, 0xFF, 0x00, 0x01, 0x00, 0x00,
    0x37, 0x01, 0x00, 0x00, 0x7C, 0x00, 0x00, 0x00, 0x03, 0x00, 0x00, 0x00,
    0x00, 0x00, 0x00, 0x00, 0x00, 0x00, 0x00, 0x00, 0x00, 0x00, 0x00, 0x00,
    0x00, 0x00, 0x00, 0x00, 0x01, 0x00, 0x00, 0x00, 0x01, 0x00, 0x00, 0x00,
    0x83, 0x00, 0x00, 0x00, 0x02, 0x00, 0x00, 0x00, 0x05, 0x00, 0x00, 0x00,
    0x04, 0x00, 0x00, 0x00, 0xFF, 0xFF, 0xFF, 0xFF, 0x00, 0x00, 0x00, 0x00,
    0x01, 0x00, 0x00, 0x00, 0x0D, 0x00, 0x00, 0x00, 0x89, 0x00, 0x00, 0x00,
    0x00, 0x00, 0x00, 0x00, 0x00, 0x00, 0x00, 0x00, 0x00, 0x00, 0x00, 0x00,
    0x00, 0x00, 0x00, 0x00, 0x00, 0x00, 0x00, 0x00, 0x01, 0x00, 0x00, 0x00,
    0x01, 0x00, 0x00, 0x00, 0x73, 0x5F, 0x73, 0x61, 0x6D, 0x70, 0x00, 0x73,
    0x5F, 0x74, 0x65, 0x78, 0x00, 0x50, 0x6F, 0x73, 0x74, 0x46, 0x78, 0x50,
    0x61, 0x72, 0x61, 0x6D, 0x73, 0x00, 0xAB, 0xAB, 0x89, 0x00, 0x00, 0x00,
    0x04, 0x00, 0x00, 0x00, 0xB0, 0x00, 0x00, 0x00, 0x40, 0x00, 0x00, 0x00,
    0x00, 0x00, 0x00, 0x00, 0x00, 0x00, 0x00, 0x00, 0x10, 0x01, 0x00, 0x00,
    0x00, 0x00, 0x00, 0x00, 0x10, 0x00, 0x00, 0x00, 0x02, 0x00, 0x00, 0x00,
    0x18, 0x01, 0x00, 0x00, 0x00, 0x00, 0x00, 0x00, 0x28, 0x01, 0x00, 0x00,
    0x10, 0x00, 0x00, 0x00, 0x10, 0x00, 0x00, 0x00, 0x02, 0x00, 0x00, 0x00,
    0x18, 0x01, 0x00, 0x00, 0x00, 0x00, 0x00, 0x00, 0x2D, 0x01, 0x00, 0x00,
    0x20, 0x00, 0x00, 0x00, 0x10, 0x00, 0x00, 0x00, 0x02, 0x00, 0x00, 0x00,
    0x18, 0x01, 0x00, 0x00, 0x00, 0x00, 0x00, 0x00, 0x32, 0x01, 0x00, 0x00,
    0x30, 0x00, 0x00, 0x00, 0x10, 0x00, 0x00, 0x00, 0x00, 0x00, 0x00, 0x00,
    0x18, 0x01, 0x00, 0x00, 0x00, 0x00, 0x00, 0x00, 0x75, 0x5F, 0x70, 0x30,
    0x00, 0xAB, 0xAB, 0xAB, 0x01, 0x00, 0x03, 0x00, 0x01, 0x00, 0x04, 0x00,
    0x00, 0x00, 0x00, 0x00, 0x00, 0x00, 0x00, 0x00, 0x75, 0x5F, 0x70, 0x31,
    0x00, 0x75, 0x5F, 0x70, 0x32, 0x00, 0x75, 0x5F, 0x70, 0x33, 0x00, 0x4D,
    0x69, 0x63, 0x72, 0x6F, 0x73, 0x6F, 0x66, 0x74, 0x20, 0x28, 0x52, 0x29,
    0x20, 0x48, 0x4C, 0x53, 0x4C, 0x20, 0x53, 0x68, 0x61, 0x64, 0x65, 0x72,
    0x20, 0x43, 0x6F, 0x6D, 0x70, 0x69, 0x6C, 0x65, 0x72, 0x20, 0x31, 0x30,
    0x2E, 0x31, 0x00, 0xAB, 0x49, 0x53, 0x47, 0x4E, 0x50, 0x00, 0x00, 0x00,
    0x02, 0x00, 0x00, 0x00, 0x08, 0x00, 0x00, 0x00, 0x38, 0x00, 0x00, 0x00,
    0x00, 0x00, 0x00, 0x00, 0x01, 0x00, 0x00, 0x00, 0x03, 0x00, 0x00, 0x00,
    0x00, 0x00, 0x00, 0x00, 0x0F, 0x00, 0x00, 0x00, 0x44, 0x00, 0x00, 0x00,
    0x00, 0x00, 0x00, 0x00, 0x00, 0x00, 0x00, 0x00, 0x03, 0x00, 0x00, 0x00,
    0x01, 0x00, 0x00, 0x00, 0x03, 0x03, 0x00, 0x00, 0x53, 0x56, 0x5F, 0x50,
    0x4F, 0x53, 0x49, 0x54, 0x49, 0x4F, 0x4E, 0x00, 0x54, 0x45, 0x58, 0x43,
    0x4F, 0x4F, 0x52, 0x44, 0x00, 0xAB, 0xAB, 0xAB, 0x4F, 0x53, 0x47, 0x4E,
    0x2C, 0x00, 0x00, 0x00, 0x01, 0x00, 0x00, 0x00, 0x08, 0x00, 0x00, 0x00,
    0x20, 0x00, 0x00, 0x00, 0x00, 0x00, 0x00, 0x00, 0x00, 0x00, 0x00, 0x00,
    0x03, 0x00, 0x00, 0x00, 0x00, 0x00, 0x00, 0x00, 0x0F, 0x00, 0x00, 0x00,
    0x53, 0x56, 0x5F, 0x54, 0x41, 0x52, 0x47, 0x45, 0x54, 0x00, 0xAB, 0xAB,
    0x53, 0x48, 0x44, 0x52, 0xF8, 0x03, 0x00, 0x00, 0x40, 0x00, 0x00, 0x00,
    0xFE, 0x00, 0x00, 0x00, 0x35, 0x18, 0x00, 0x00, 0x0E, 0x00, 0x00, 0x00,
    0xC4, 0x79, 0x68, 0x3E, 0x00, 0x00, 0x00, 0x00, 0x00, 0x00, 0x00, 0x00,
    0x00, 0x00, 0x00, 0x00, 0xCF, 0x43, 0x47, 0x3E, 0x00, 0x00, 0x00, 0x00,
    0x00, 0x00, 0x00, 0x00, 0x00, 0x00, 0x00, 0x00, 0xBF, 0x14, 0xF9, 0x3D,
    0x00, 0x00, 0x00, 0x00, 0x00, 0x00, 0x00, 0x00, 0x00, 0x00, 0x00, 0x00,
    0x59, 0x00, 0x00, 0x04, 0x46, 0x8E, 0x20, 0x00, 0x00, 0x00, 0x00, 0x00,
    0x03, 0x00, 0x00, 0x00, 0x5A, 0x00, 0x00, 0x03, 0x00, 0x60, 0x10, 0x00,
    0x00, 0x00, 0x00, 0x00, 0x58, 0x18, 0x00, 0x04, 0x00, 0x70, 0x10, 0x00,
    0x00, 0x00, 0x00, 0x00, 0x55, 0x55, 0x00, 0x00, 0x62, 0x10, 0x00, 0x03,
    0x32, 0x10, 0x10, 0x00, 0x01, 0x00, 0x00, 0x00, 0x65, 0x00, 0x00, 0x03,
    0xF2, 0x20, 0x10, 0x00, 0x00, 0x00, 0x00, 0x00, 0x68, 0x00, 0x00, 0x02,
    0x09, 0x00, 0x00, 0x00, 0x34, 0x00, 0x00, 0x08, 0x12, 0x00, 0x10, 0x00,
    0x00, 0x00, 0x00, 0x00, 0x1A, 0x80, 0x20, 0x00, 0x00, 0x00, 0x00, 0x00,
    0x00, 0x00, 0x00, 0x00, 0x01, 0x40, 0x00, 0x00, 0x00, 0x00, 0x00, 0x00,
    0x38, 0x00, 0x00, 0x08, 0x32, 0x00, 0x10, 0x00, 0x00, 0x00, 0x00, 0x00,
    0x06, 0x00, 0x10, 0x00, 0x00, 0x00, 0x00, 0x00, 0x46, 0x80, 0x20, 0x00,
    0x00, 0x00, 0x00, 0x00, 0x02, 0x00, 0x00, 0x00, 0x45, 0x00, 0x00, 0x09,
    0xF2, 0x00, 0x10, 0x00, 0x01, 0x00, 0x00, 0x00, 0x46, 0x10, 0x10, 0x00,
    0x01, 0x00, 0x00, 0x00, 0x46, 0x7E, 0x10, 0x00, 0x00, 0x00, 0x00, 0x00,
    0x00, 0x60, 0x10, 0x00, 0x00, 0x00, 0x00, 0x00, 0x38, 0x00, 0x00, 0x0A,
    0x72, 0x00, 0x10, 0x00, 0x02, 0x00, 0x00, 0x00, 0x46, 0x02, 0x10, 0x00,
    0x01, 0x00, 0x00, 0x00, 0x02, 0x40, 0x00, 0x00, 0xCF, 0x43, 0x47, 0x3E,
    0xCF, 0x43, 0x47, 0x3E, 0xCF, 0x43, 0x47, 0x3E, 0x00, 0x00, 0x00, 0x00,
    0x36, 0x00, 0x00, 0x05, 0x42, 0x00, 0x10, 0x00, 0x03, 0x00, 0x00, 0x00,
    0x01, 0x40, 0x00, 0x00, 0x00, 0x00, 0x00, 0x00, 0x36, 0x00, 0x00, 0x05,
    0x72, 0x00, 0x10, 0x00, 0x04, 0x00, 0x00, 0x00, 0x46, 0x02, 0x10, 0x00,
    0x02, 0x00, 0x00, 0x00, 0x36, 0x00, 0x00, 0x05, 0x42, 0x00, 0x10, 0x00,
    0x00, 0x00, 0x00, 0x00, 0x01, 0x40, 0x00, 0x00, 0x01, 0x00, 0x00, 0x00,
    0x30, 0x00, 0x00, 0x01, 0x22, 0x00, 0x00, 0x07, 0x82, 0x00, 0x10, 0x00,
    0x00, 0x00, 0x00, 0x00, 0x01, 0x40, 0x00, 0x00, 0x02, 0x00, 0x00, 0x00,
    0x2A, 0x00, 0x10, 0x00, 0x00, 0x00, 0x00, 0x00, 0x03, 0x00, 0x04, 0x03,
    0x3A, 0x00, 0x10, 0x00, 0x00, 0x00, 0x00, 0x00, 0x2B, 0x00, 0x00, 0x05,
    0x82, 0x00, 0x10, 0x00, 0x00, 0x00, 0x00, 0x00, 0x2A, 0x00, 0x10, 0x00,
    0x00, 0x00, 0x00, 0x00, 0x38, 0x00, 0x00, 0x07, 0x32, 0x00, 0x10, 0x00,
    0x03, 0x00, 0x00, 0x00, 0xF6, 0x0F, 0x10, 0x00, 0x00, 0x00, 0x00, 0x00,
    0x46, 0x00, 0x10, 0x00, 0x00, 0x00, 0x00, 0x00, 0x00, 0x00, 0x00, 0x07,
    0xF2, 0x00, 0x10, 0x00, 0x05, 0x00, 0x00, 0x00, 0x86, 0x06, 0x10, 0x00,
    0x03, 0x00, 0x00, 0x00, 0x46, 0x14, 0x10, 0x00, 0x01, 0x00, 0x00, 0x00,
    0x45, 0x00, 0x00, 0x09, 0xF2, 0x00, 0x10, 0x00, 0x06, 0x00, 0x00, 0x00,
    0x46, 0x00, 0x10, 0x00, 0x05, 0x00, 0x00, 0x00, 0x46, 0x7E, 0x10, 0x00,
    0x00, 0x00, 0x00, 0x00, 0x00, 0x60, 0x10, 0x00, 0x00, 0x00, 0x00, 0x00,
    0x32, 0x00, 0x00, 0x0A, 0x72, 0x00, 0x10, 0x00, 0x06, 0x00, 0x00, 0x00,
    0x46, 0x02, 0x10, 0x00, 0x06, 0x00, 0x00, 0x00, 0x06, 0x90, 0x90, 0x00,
    0x2A, 0x00, 0x10, 0x00, 0x00, 0x00, 0x00, 0x00, 0x46, 0x02, 0x10, 0x00,
    0x04, 0x00, 0x00, 0x00, 0x00, 0x00, 0x00, 0x08, 0xF2, 0x00, 0x10, 0x00,
    0x07, 0x00, 0x00, 0x00, 0x86, 0x06, 0x10, 0x80, 0x41, 0x00, 0x00, 0x00,
    0x03, 0x00, 0x00, 0x00, 0x46, 0x14, 0x10, 0x00, 0x01, 0x00, 0x00, 0x00,
    0x45, 0x00, 0x00, 0x09, 0xF2, 0x00, 0x10, 0x00, 0x08, 0x00, 0x00, 0x00,
    0x46, 0x00, 0x10, 0x00, 0x07, 0x00, 0x00, 0x00, 0x46, 0x7E, 0x10, 0x00,
    0x00, 0x00, 0x00, 0x00, 0x00, 0x60, 0x10, 0x00, 0x00, 0x00, 0x00, 0x00,
    0x32, 0x00, 0x00, 0x0A, 0xB2, 0x00, 0x10, 0x00, 0x03, 0x00, 0x00, 0x00,
    0x46, 0x08, 0x10, 0x00, 0x08, 0x00, 0x00, 0x00, 0x06, 0x90, 0x90, 0x00,
    0x2A, 0x00, 0x10, 0x00, 0x00, 0x00, 0x00, 0x00, 0x46, 0x08, 0x10, 0x00,
    0x06, 0x00, 0x00, 0x00, 0x45, 0x00, 0x00, 0x09, 0xF2, 0x00, 0x10, 0x00,
    0x05, 0x00, 0x00, 0x00, 0xE6, 0x0A, 0x10, 0x00, 0x05, 0x00, 0x00, 0x00,
    0x46, 0x7E, 0x10, 0x00, 0x00, 0x00, 0x00, 0x00, 0x00, 0x60, 0x10, 0x00,
    0x00, 0x00, 0x00, 0x00, 0x32, 0x00, 0x00, 0x0A, 0xB2, 0x00, 0x10, 0x00,
    0x03, 0x00, 0x00, 0x00, 0x46, 0x08, 0x10, 0x00, 0x05, 0x00, 0x00, 0x00,
    0x06, 0x90, 0x90, 0x00, 0x2A, 0x00, 0x10, 0x00, 0x00, 0x00, 0x00, 0x00,
    0x46, 0x0C, 0x10, 0x00, 0x03, 0x00, 0x00, 0x00, 0x45, 0x00, 0x00, 0x09,
    0xF2, 0x00, 0x10, 0x00, 0x05, 0x00, 0x00, 0x00, 0xE6, 0x0A, 0x10, 0x00,
    0x07, 0x00, 0x00, 0x00, 0x46, 0x7E, 0x10, 0x00, 0x00, 0x00, 0x00, 0x00,
    0x00, 0x60, 0x10, 0x00, 0x00, 0x00, 0x00, 0x00, 0x32, 0x00, 0x00, 0x0A,
    0x72, 0x00, 0x10, 0x00, 0x04, 0x00, 0x00, 0x00, 0x46, 0x02, 0x10, 0x00,
    0x05, 0x00, 0x00, 0x00, 0x06, 0x90, 0x90, 0x00, 0x2A, 0x00, 0x10, 0x00,
    0x00, 0x00, 0x00, 0x00, 0x46, 0x03, 0x10, 0x00, 0x03, 0x00, 0x00, 0x00,
    0x1E, 0x00, 0x00, 0x07, 0x42, 0x00, 0x10, 0x00, 0x00, 0x00, 0x00, 0x00,
    0x2A, 0x00, 0x10, 0x00, 0x00, 0x00, 0x00, 0x00, 0x01, 0x40, 0x00, 0x00,
    0x01, 0x00, 0x00, 0x00, 0x16, 0x00, 0x00, 0x01, 0x36, 0x20, 0x00, 0x06,
    0x12, 0x00, 0x10, 0x00, 0x00, 0x00, 0x00, 0x00, 0x2A, 0x80, 0x20, 0x00,
    0x00, 0x00, 0x00, 0x00, 0x00, 0x00, 0x00, 0x00, 0x00, 0x00, 0x00, 0x08,
    0xE2, 0x00, 0x10, 0x00, 0x00, 0x00, 0x00, 0x00, 0x06, 0x09, 0x10, 0x80,
    0x41, 0x00, 0x00, 0x00, 0x01, 0x00, 0x00, 0x00, 0x06, 0x09, 0x10, 0x00,
    0x04, 0x00, 0x00, 0x00, 0x32, 0x00, 0x00, 0x09, 0x72, 0x00, 0x10, 0x00,
    0x00, 0x00, 0x00, 0x00, 0x06, 0x00, 0x10, 0x00, 0x00, 0x00, 0x00, 0x00,
    0x96, 0x07, 0x10, 0x00, 0x00, 0x00, 0x00, 0x00, 0x46, 0x02, 0x10, 0x00,
    0x01, 0x00, 0x00, 0x00, 0x34, 0x00, 0x00, 0x0B, 0x72, 0x00, 0x10, 0x00,
    0x01, 0x00, 0x00, 0x00, 0x46, 0x82, 0x20, 0x00, 0x00, 0x00, 0x00, 0x00,
    0x01, 0x00, 0x00, 0x00, 0x02, 0x40, 0x00, 0x00, 0x00, 0x00, 0x00, 0x00,
    0x00, 0x00, 0x00, 0x00, 0x00, 0x00, 0x00, 0x00, 0x00, 0x00, 0x00, 0x00,
    0x38, 0x00, 0x00, 0x07, 0x72, 0x20, 0x10, 0x00, 0x00, 0x00, 0x00, 0x00,
    0x46, 0x02, 0x10, 0x00, 0x00, 0x00, 0x00, 0x00, 0x46, 0x02, 0x10, 0x00,
    0x01, 0x00, 0x00, 0x00, 0x36, 0x00, 0x00, 0x05, 0x82, 0x20, 0x10, 0x00,
    0x00, 0x00, 0x00, 0x00, 0x3A, 0x00, 0x10, 0x00, 0x01, 0x00, 0x00, 0x00,
    0x3E, 0x00, 0x00, 0x01, 0x53, 0x54, 0x41, 0x54, 0x74, 0x00, 0x00, 0x00,
    0x1F, 0x00, 0x00, 0x00, 0x09, 0x00, 0x00, 0x00, 0x03, 0x00, 0x00, 0x00,
    0x02, 0x00, 0x00, 0x00, 0x0E, 0x00, 0x00, 0x00, 0x02, 0x00, 0x00, 0x00,
    0x00, 0x00, 0x00, 0x00, 0x01, 0x00, 0x00, 0x00, 0x01, 0x00, 0x00, 0x00,
    0x00, 0x00, 0x00, 0x00, 0x00, 0x00, 0x00, 0x00, 0x00, 0x00, 0x00, 0x00,
    0x00, 0x00, 0x00, 0x00, 0x00, 0x00, 0x00, 0x00, 0x05, 0x00, 0x00, 0x00,
    0x00, 0x00, 0x00, 0x00, 0x00, 0x00, 0x00, 0x00, 0x00, 0x00, 0x00, 0x00,
    0x00, 0x00, 0x00, 0x00, 0x05, 0x00, 0x00, 0x00, 0x00, 0x00, 0x00, 0x00,
    0x01, 0x00, 0x00, 0x00, 0x00, 0x00, 0x00, 0x00, 0x00, 0x00, 0x00, 0x00,
    0x00, 0x00, 0x00, 0x00, 0x00, 0x00, 0x00, 0x00, 0x00, 0x00, 0x00, 0x00,
    0x00, 0x00, 0x00, 0x00, 0x00, 0x00, 0x00, 0x00
};
const size_t kEmbeddedDXBC_fs_postfx_blur_size = 1700;

// -- fs_postfx_bloom (DXBC, 1260 bytes) ---
const uint8_t kEmbeddedDXBC_fs_postfx_bloom[] = {
    0x44, 0x58, 0x42, 0x43, 0xA5, 0xE4, 0xDC, 0xAE, 0x05, 0xCA, 0x0A, 0x1D,
    0xBB, 0x2E, 0xF9, 0x75, 0xD2, 0xAC, 0x27, 0x54, 0x01, 0x00, 0x00, 0x00,
    0xEC, 0x04, 0x00, 0x00, 0x05, 0x00, 0x00, 0x00, 0x34, 0x00, 0x00, 0x00,
    0xEC, 0x01, 0x00, 0x00, 0x44, 0x02, 0x00, 0x00, 0x78, 0x02, 0x00, 0x00,
    0x70, 0x04, 0x00, 0x00, 0x52, 0x44, 0x45, 0x46, 0xB0, 0x01, 0x00, 0x00,
    0x01, 0x00, 0x00, 0x00, 0xE8, 0x00, 0x00, 0x00, 0x05, 0x00, 0x00, 0x00,
    0x1C, 0x00, 0x00, 0x00, 0x00, 0x04, 0xFF, 0xFF, 0x00, 0x01, 0x00, 0x00,
    0x87, 0x01, 0x00, 0x00, 0xBC, 0x00, 0x00, 0x00, 0x03, 0x00, 0x00, 0x00,
    0x00, 0x00, 0x00, 0x00, 0x00, 0x00, 0x00, 0x00, 0x00, 0x00, 0x00, 0x00,
    0x00, 0x00, 0x00, 0x00, 0x01, 0x00, 0x00, 0x00, 0x01, 0x00, 0x00, 0x00,
    0xC3, 0x00, 0x00, 0x00, 0x03, 0x00, 0x00, 0x00, 0x00, 0x00, 0x00, 0x00,
    0x00, 0x00, 0x00, 0x00, 0x00, 0x00, 0x00, 0x00, 0x01, 0x00, 0x00, 0x00,
    0x01, 0x00, 0x00, 0x00, 0x01, 0x00, 0x00, 0x00, 0xCB, 0x00, 0x00, 0x00,
    0x02, 0x00, 0x00, 0x00, 0x05, 0x00, 0x00, 0x00, 0x04, 0x00, 0x00, 0x00,
    0xFF, 0xFF, 0xFF, 0xFF, 0x00, 0x00, 0x00, 0x00, 0x01, 0x00, 0x00, 0x00,
    0x0D, 0x00, 0x00, 0x00, 0xD1, 0x00, 0x00, 0x00, 0x02, 0x00, 0x00, 0x00,
    0x05, 0x00, 0x00, 0x00, 0x04, 0x00, 0x00, 0x00, 0xFF, 0xFF, 0xFF, 0xFF,
    0x01, 0x00, 0x00, 0x00, 0x01, 0x00, 0x00, 0x00, 0x0D, 0x00, 0x00, 0x00,
    0xD9, 0x00, 0x00, 0x00, 0x00, 0x00, 0x00, 0x00, 0x00, 0x00, 0x00, 0x00,
    0x00, 0x00, 0x00, 0x00, 0x00, 0x00, 0x00, 0x00, 0x00, 0x00, 0x00, 0x00,
    0x01, 0x00, 0x00, 0x00, 0x01, 0x00, 0x00, 0x00, 0x73, 0x5F, 0x73, 0x61,
    0x6D, 0x70, 0x00, 0x73, 0x5F, 0x73, 0x61, 0x6D, 0x70, 0x31, 0x00, 0x73,
    0x5F, 0x74, 0x65, 0x78, 0x00, 0x73, 0x5F, 0x62, 0x6C, 0x6F, 0x6F, 0x6D,
    0x00, 0x50, 0x6F, 0x73, 0x74, 0x46, 0x78, 0x50, 0x61, 0x72, 0x61, 0x6D,
    0x73, 0x00, 0xAB, 0xAB, 0xD9, 0x00, 0x00, 0x00, 0x04, 0x00, 0x00, 0x00,
    0x00, 0x01, 0x00, 0x00, 0x40, 0x00, 0x00, 0x00, 0x00, 0x00, 0x00, 0x00,
    0x00, 0x00, 0x00, 0x00, 0x60, 0x01, 0x00, 0x00, 0x00, 0x00, 0x00, 0x00,
    0x10, 0x00, 0x00, 0x00, 0x02, 0x00, 0x00, 0x00, 0x68, 0x01, 0x00, 0x00,
    0x00, 0x00, 0x00, 0x00, 0x78, 0x01, 0x00, 0x00, 0x10, 0x00, 0x00, 0x00,
    0x10, 0x00, 0x00, 0x00, 0x02, 0x00, 0x00, 0x00, 0x68, 0x01, 0x00, 0x00,
    0x00, 0x00, 0x00, 0x00, 0x7D, 0x01, 0x00, 0x00, 0x20, 0x00, 0x00, 0x00,
    0x10, 0x00, 0x00, 0x00, 0x00, 0x00, 0x00, 0x00, 0x68, 0x01, 0x00, 0x00,
    0x00, 0x00, 0x00, 0x00, 0x82, 0x01, 0x00, 0x00, 0x30, 0x00, 0x00, 0x00,
    0x10, 0x00, 0x00, 0x00, 0x00, 0x00, 0x00, 0x00, 0x68, 0x01, 0x00, 0x00,
    0x00, 0x00, 0x00, 0x00, 0x75, 0x5F, 0x70, 0x30, 0x00, 0xAB, 0xAB, 0xAB,
    0x01, 0x00, 0x03, 0x00, 0x01, 0x00, 0x04, 0x00, 0x00, 0x00, 0x00, 0x00,
    0x00, 0x00, 0x00, 0x00, 0x75, 0x5F, 0x70, 0x31, 0x00, 0x75, 0x5F, 0x70,
    0x32, 0x00, 0x75, 0x5F, 0x70, 0x33, 0x00, 0x4D, 0x69, 0x63, 0x72, 0x6F,
    0x73, 0x6F, 0x66, 0x74, 0x20, 0x28, 0x52, 0x29, 0x20, 0x48, 0x4C, 0x53,
    0x4C, 0x20, 0x53, 0x68, 0x61, 0x64, 0x65, 0x72, 0x20, 0x43, 0x6F, 0x6D,
    0x70, 0x69, 0x6C, 0x65, 0x72, 0x20, 0x31, 0x30, 0x2E, 0x31, 0x00, 0xAB,
    0x49, 0x53, 0x47, 0x4E, 0x50, 0x00, 0x00, 0x00, 0x02, 0x00, 0x00, 0x00,
    0x08, 0x00, 0x00, 0x00, 0x38, 0x00, 0x00, 0x00, 0x00, 0x00, 0x00, 0x00,
    0x01, 0x00, 0x00, 0x00, 0x03, 0x00, 0x00, 0x00, 0x00, 0x00, 0x00, 0x00,
    0x0F, 0x00, 0x00, 0x00, 0x44, 0x00, 0x00, 0x00, 0x00, 0x00, 0x00, 0x00,
    0x00, 0x00, 0x00, 0x00, 0x03, 0x00, 0x00, 0x00, 0x01, 0x00, 0x00, 0x00,
    0x03, 0x03, 0x00, 0x00, 0x53, 0x56, 0x5F, 0x50, 0x4F, 0x53, 0x49, 0x54,
    0x49, 0x4F, 0x4E, 0x00, 0x54, 0x45, 0x58, 0x43, 0x4F, 0x4F, 0x52, 0x44,
    0x00, 0xAB, 0xAB, 0xAB, 0x4F, 0x53, 0x47, 0x4E, 0x2C, 0x00, 0x00, 0x00,
    0x01, 0x00, 0x00, 0x00, 0x08, 0x00, 0x00, 0x00, 0x20, 0x00, 0x00, 0x00,
    0x00, 0x00, 0x00, 0x00, 0x00, 0x00, 0x00, 0x00, 0x03, 0x00, 0x00, 0x00,
    0x00, 0x00, 0x00, 0x00, 0x0F, 0x00, 0x00, 0x00, 0x53, 0x56, 0x5F, 0x54,
    0x41, 0x52, 0x47, 0x45, 0x54, 0x00, 0xAB, 0xAB, 0x53, 0x48, 0x44, 0x52,
    0xF0, 0x01, 0x00, 0x00, 0x40, 0x00, 0x00, 0x00, 0x7C, 0x00, 0x00, 0x00,
    0x59, 0x00, 0x00, 0x04, 0x46, 0x8E, 0x20, 0x00, 0x00, 0x00, 0x00, 0x00,
    0x02, 0x00, 0x00, 0x00, 0x5A, 0x00, 0x00, 0x03, 0x00, 0x60, 0x10, 0x00,
    0x00, 0x00, 0x00, 0x00, 0x5A, 0x00, 0x00, 0x03, 0x00, 0x60, 0x10, 0x00,
    0x01, 0x00, 0x00, 0x00, 0x58, 0x18, 0x00, 0x04, 0x00, 0x70, 0x10, 0x00,
    0x00, 0x00, 0x00, 0x00, 0x55, 0x55, 0x00, 0x00, 0x58, 0x18, 0x00, 0x04,
    0x00, 0x70, 0x10, 0x00, 0x01, 0x00, 0x00, 0x00, 0x55, 0x55, 0x00, 0x00,
    0x62, 0x10, 0x00, 0x03, 0x32, 0x10, 0x10, 0x00, 0x01, 0x00, 0x00, 0x00,
    0x65, 0x00, 0x00, 0x03, 0xF2, 0x20, 0x10, 0x00, 0x00, 0x00, 0x00, 0x00,
    0x68, 0x00, 0x00, 0x02, 0x03, 0x00, 0x00, 0x00, 0x45, 0x00, 0x00, 0x09,
    0xF2, 0x00, 0x10, 0x00, 0x00, 0x00, 0x00, 0x00, 0x46, 0x10, 0x10, 0x00,
    0x01, 0x00, 0x00, 0x00, 0x46, 0x7E, 0x10, 0x00, 0x01, 0x00, 0x00, 0x00,
    0x00, 0x60, 0x10, 0x00, 0x01, 0x00, 0x00, 0x00, 0x34, 0x00, 0x00, 0x0B,
    0x32, 0x00, 0x10, 0x00, 0x01, 0x00, 0x00, 0x00, 0x26, 0x8A, 0x20, 0x00,
    0x00, 0x00, 0x00, 0x00, 0x00, 0x00, 0x00, 0x00, 0x02, 0x40, 0x00, 0x00,
    0x00, 0x00, 0x00, 0x00, 0x00, 0x00, 0x00, 0x00, 0x00, 0x00, 0x00, 0x00,
    0x00, 0x00, 0x00, 0x00, 0x45, 0x00, 0x00, 0x09, 0xF2, 0x00, 0x10, 0x00,
    0x02, 0x00, 0x00, 0x00, 0x46, 0x10, 0x10, 0x00, 0x01, 0x00, 0x00, 0x00,
    0x46, 0x7E, 0x10, 0x00, 0x00, 0x00, 0x00, 0x00, 0x00, 0x60, 0x10, 0x00,
    0x00, 0x00, 0x00, 0x00, 0x10, 0x00, 0x00, 0x0A, 0x82, 0x00, 0x10, 0x00,
    0x00, 0x00, 0x00, 0x00, 0x46, 0x02, 0x10, 0x00, 0x02, 0x00, 0x00, 0x00,
    0x02, 0x40, 0x00, 0x00, 0xD0, 0xB3, 0x59, 0x3E, 0x59, 0x17, 0x37, 0x3F,
    0x98, 0xDD, 0x93, 0x3D, 0x00, 0x00, 0x00, 0x00, 0x00, 0x00, 0x00, 0x08,
    0x82, 0x00, 0x10, 0x00, 0x00, 0x00, 0x00, 0x00, 0x0A, 0x00, 0x10, 0x80,
    0x41, 0x00, 0x00, 0x00, 0x01, 0x00, 0x00, 0x00, 0x3A, 0x00, 0x10, 0x00,
    0x00, 0x00, 0x00, 0x00, 0x34, 0x00, 0x00, 0x07, 0x82, 0x00, 0x10, 0x00,
    0x00, 0x00, 0x00, 0x00, 0x3A, 0x00, 0x10, 0x00, 0x00, 0x00, 0x00, 0x00,
    0x01, 0x40, 0x00, 0x00, 0x00, 0x00, 0x00, 0x00, 0x32, 0x00, 0x00, 0x09,
    0x72, 0x00, 0x10, 0x00, 0x00, 0x00, 0x00, 0x00, 0xF6, 0x0F, 0x10, 0x00,
    0x00, 0x00, 0x00, 0x00, 0x46, 0x02, 0x10, 0x00, 0x02, 0x00, 0x00, 0x00,
    0x46, 0x02, 0x10, 0x00, 0x00, 0x00, 0x00, 0x00, 0x38, 0x00, 0x00, 0x07,
    0x72, 0x00, 0x10, 0x00, 0x00, 0x00, 0x00, 0x00, 0x56, 0x05, 0x10, 0x00,
    0x01, 0x00, 0x00, 0x00, 0x46, 0x02, 0x10, 0x00, 0x00, 0x00, 0x00, 0x00,
    0x34, 0x00, 0x00, 0x0B, 0x72, 0x00, 0x10, 0x00, 0x01, 0x00, 0x00, 0x00,
    0x46, 0x82, 0x20, 0x00, 0x00, 0x00, 0x00, 0x00, 0x01, 0x00, 0x00, 0x00,
    0x02, 0x40, 0x00, 0x00, 0x00, 0x00, 0x00, 0x00, 0x00, 0x00, 0x00, 0x00,
    0x00, 0x00, 0x00, 0x00, 0x00, 0x00, 0x00, 0x00, 0x32, 0x20, 0x00, 0x09,
    0x72, 0x20, 0x10, 0x00, 0x00, 0x00, 0x00, 0x00, 0x46, 0x02, 0x10, 0x00,
    0x00, 0x00, 0x00, 0x00, 0x46, 0x02, 0x10, 0x00, 0x01, 0x00, 0x00, 0x00,
    0x46, 0x02, 0x10, 0x00, 0x02, 0x00, 0x00, 0x00, 0x36, 0x00, 0x00, 0x05,
    0x82, 0x20, 0x10, 0x00, 0x00, 0x00, 0x00, 0x00, 0x3A, 0x00, 0x10, 0x00,
    0x02, 0x00, 0x00, 0x00, 0x3E, 0x00, 0x00, 0x01, 0x53, 0x54, 0x41, 0x54,
    0x74, 0x00, 0x00, 0x00, 0x0C, 0x00, 0x00, 0x00, 0x03, 0x00, 0x00, 0x00,
    0x00, 0x00, 0x00, 0x00, 0x02, 0x00, 0x00, 0x00, 0x08, 0x00, 0x00, 0x00,
    0x00, 0x00, 0x00, 0x00, 0x00, 0x00, 0x00, 0x00, 0x01, 0x00, 0x00, 0x00,
    0x00, 0x00, 0x00, 0x00, 0x00, 0x00, 0x00, 0x00, 0x00, 0x00, 0x00, 0x00,
    0x00, 0x00, 0x00, 0x00, 0x00, 0x00, 0x00, 0x00, 0x00, 0x00, 0x00, 0x00,
    0x02, 0x00, 0x00, 0x00, 0x00, 0x00, 0x00, 0x00, 0x00, 0x00, 0x00, 0x00,
    0x00, 0x00, 0x00, 0x00, 0x00, 0x00, 0x00, 0x00, 0x01, 0x00, 0x00, 0x00,
    0x00, 0x00, 0x00, 0x00, 0x00, 0x00, 0x00, 0x00, 0x00, 0x00, 0x00, 0x00,
    0x00, 0x00, 0x00, 0x00, 0x00, 0x00, 0x00, 0x00, 0x00, 0x00, 0x00, 0x00,
    0x00, 0x00, 0x00, 0x00, 0x00, 0x00, 0x00, 0x00, 0x00, 0x00, 0x00, 0x00
};
const size_t kEmbeddedDXBC_fs_postfx_bloom_size = 1260;

const uint8_t kEmbeddedDXBC_fs_postfx_lut3d[] = {
    0x44, 0x58, 0x42, 0x43, 0xaf, 0xd4, 0x4f, 0x7d, 0xed, 0x0e, 0x01, 0x60,
    0xca, 0xe9, 0x17, 0x59, 0x00, 0x16, 0xb4, 0x55, 0x01, 0x00, 0x00, 0x00,
    0x50, 0x0a, 0x00, 0x00, 0x05, 0x00, 0x00, 0x00, 0x34, 0x00, 0x00, 0x00,
    0xec, 0x01, 0x00, 0x00, 0x44, 0x02, 0x00, 0x00, 0x78, 0x02, 0x00, 0x00,
    0xd4, 0x09, 0x00, 0x00, 0x52, 0x44, 0x45, 0x46, 0xb0, 0x01, 0x00, 0x00,
    0x01, 0x00, 0x00, 0x00, 0xe8, 0x00, 0x00, 0x00, 0x05, 0x00, 0x00, 0x00,
    0x1c, 0x00, 0x00, 0x00, 0x00, 0x04, 0xff, 0xff, 0x00, 0x81, 0x00, 0x00,
    0x87, 0x01, 0x00, 0x00, 0xbc, 0x00, 0x00, 0x00, 0x03, 0x00, 0x00, 0x00,
    0x00, 0x00, 0x00, 0x00, 0x00, 0x00, 0x00, 0x00, 0x00, 0x00, 0x00, 0x00,
    0x00, 0x00, 0x00, 0x00, 0x01, 0x00, 0x00, 0x00, 0x01, 0x00, 0x00, 0x00,
    0xc3, 0x00, 0x00, 0x00, 0x03, 0x00, 0x00, 0x00, 0x00, 0x00, 0x00, 0x00,
    0x00, 0x00, 0x00, 0x00, 0x00, 0x00, 0x00, 0x00, 0x01, 0x00, 0x00, 0x00,
    0x01, 0x00, 0x00, 0x00, 0x01, 0x00, 0x00, 0x00, 0xcd, 0x00, 0x00, 0x00,
    0x02, 0x00, 0x00, 0x00, 0x05, 0x00, 0x00, 0x00, 0x04, 0x00, 0x00, 0x00,
    0xff, 0xff, 0xff, 0xff, 0x00, 0x00, 0x00, 0x00, 0x01, 0x00, 0x00, 0x00,
    0x0d, 0x00, 0x00, 0x00, 0xd3, 0x00, 0x00, 0x00, 0x02, 0x00, 0x00, 0x00,
    0x05, 0x00, 0x00, 0x00, 0x04, 0x00, 0x00, 0x00, 0xff, 0xff, 0xff, 0xff,
    0x01, 0x00, 0x00, 0x00, 0x01, 0x00, 0x00, 0x00, 0x0d, 0x00, 0x00, 0x00,
    0xd9, 0x00, 0x00, 0x00, 0x00, 0x00, 0x00, 0x00, 0x00, 0x00, 0x00, 0x00,
    0x00, 0x00, 0x00, 0x00, 0x00, 0x00, 0x00, 0x00, 0x00, 0x00, 0x00, 0x00,
    0x01, 0x00, 0x00, 0x00, 0x01, 0x00, 0x00, 0x00, 0x73, 0x5f, 0x73, 0x61,
    0x6d, 0x70, 0x00, 0x73, 0x5f, 0x6c, 0x75, 0x74, 0x53, 0x61, 0x6d, 0x70,
    0x00, 0x73, 0x5f, 0x74, 0x65, 0x78, 0x00, 0x73, 0x5f, 0x6c, 0x75, 0x74,
    0x00, 0x50, 0x6f, 0x73, 0x74, 0x46, 0x78, 0x50, 0x61, 0x72, 0x61, 0x6d,
    0x73, 0x00, 0xab, 0xab, 0xd9, 0x00, 0x00, 0x00, 0x04, 0x00, 0x00, 0x00,
    0x00, 0x01, 0x00, 0x00, 0x40, 0x00, 0x00, 0x00, 0x00, 0x00, 0x00, 0x00,
    0x00, 0x00, 0x00, 0x00, 0x60, 0x01, 0x00, 0x00, 0x00, 0x00, 0x00, 0x00,
    0x10, 0x00, 0x00, 0x00, 0x02, 0x00, 0x00, 0x00, 0x68, 0x01, 0x00, 0x00,
    0x00, 0x00, 0x00, 0x00, 0x78, 0x01, 0x00, 0x00, 0x10, 0x00, 0x00, 0x00,
    0x10, 0x00, 0x00, 0x00, 0x00, 0x00, 0x00, 0x00, 0x68, 0x01, 0x00, 0x00,
    0x00, 0x00, 0x00, 0x00, 0x7d, 0x01, 0x00, 0x00, 0x20, 0x00, 0x00, 0x00,
    0x10, 0x00, 0x00, 0x00, 0x02, 0x00, 0x00, 0x00, 0x68, 0x01, 0x00, 0x00,
    0x00, 0x00, 0x00, 0x00, 0x82, 0x01, 0x00, 0x00, 0x30, 0x00, 0x00, 0x00,
    0x10, 0x00, 0x00, 0x00, 0x00, 0x00, 0x00, 0x00, 0x68, 0x01, 0x00, 0x00,
    0x00, 0x00, 0x00, 0x00, 0x75, 0x5f, 0x70, 0x30, 0x00, 0xab, 0xab, 0xab,
    0x01, 0x00, 0x03, 0x00, 0x01, 0x00, 0x04, 0x00, 0x00, 0x00, 0x00, 0x00,
    0x00, 0x00, 0x00, 0x00, 0x75, 0x5f, 0x70, 0x31, 0x00, 0x75, 0x5f, 0x70,
    0x32, 0x00, 0x75, 0x5f, 0x70, 0x33, 0x00, 0x4d, 0x69, 0x63, 0x72, 0x6f,
    0x73, 0x6f, 0x66, 0x74, 0x20, 0x28, 0x52, 0x29, 0x20, 0x48, 0x4c, 0x53,
    0x4c, 0x20, 0x53, 0x68, 0x61, 0x64, 0x65, 0x72, 0x20, 0x43, 0x6f, 0x6d,
    0x70, 0x69, 0x6c, 0x65, 0x72, 0x20, 0x31, 0x30, 0x2e, 0x31, 0x00, 0xab,
    0x49, 0x53, 0x47, 0x4e, 0x50, 0x00, 0x00, 0x00, 0x02, 0x00, 0x00, 0x00,
    0x08, 0x00, 0x00, 0x00, 0x38, 0x00, 0x00, 0x00, 0x00, 0x00, 0x00, 0x00,
    0x01, 0x00, 0x00, 0x00, 0x03, 0x00, 0x00, 0x00, 0x00, 0x00, 0x00, 0x00,
    0x0f, 0x00, 0x00, 0x00, 0x44, 0x00, 0x00, 0x00, 0x00, 0x00, 0x00, 0x00,
    0x00, 0x00, 0x00, 0x00, 0x03, 0x00, 0x00, 0x00, 0x01, 0x00, 0x00, 0x00,
    0x03, 0x03, 0x00, 0x00, 0x53, 0x56, 0x5f, 0x50, 0x4f, 0x53, 0x49, 0x54,
    0x49, 0x4f, 0x4e, 0x00, 0x54, 0x45, 0x58, 0x43, 0x4f, 0x4f, 0x52, 0x44,
    0x00, 0xab, 0xab, 0xab, 0x4f, 0x53, 0x47, 0x4e, 0x2c, 0x00, 0x00, 0x00,
    0x01, 0x00, 0x00, 0x00, 0x08, 0x00, 0x00, 0x00, 0x20, 0x00, 0x00, 0x00,
    0x00, 0x00, 0x00, 0x00, 0x00, 0x00, 0x00, 0x00, 0x03, 0x00, 0x00, 0x00,
    0x00, 0x00, 0x00, 0x00, 0x0f, 0x00, 0x00, 0x00, 0x53, 0x56, 0x5f, 0x54,
    0x41, 0x52, 0x47, 0x45, 0x54, 0x00, 0xab, 0xab, 0x53, 0x48, 0x44, 0x52,
    0x54, 0x07, 0x00, 0x00, 0x40, 0x00, 0x00, 0x00, 0xd5, 0x01, 0x00, 0x00,
    0x59, 0x00, 0x00, 0x04, 0x46, 0x8e, 0x20, 0x00, 0x00, 0x00, 0x00, 0x00,
    0x03, 0x00, 0x00, 0x00, 0x5a, 0x00, 0x00, 0x03, 0x00, 0x60, 0x10, 0x00,
    0x00, 0x00, 0x00, 0x00, 0x5a, 0x00, 0x00, 0x03, 0x00, 0x60, 0x10, 0x00,
    0x01, 0x00, 0x00, 0x00, 0x58, 0x18, 0x00, 0x04, 0x00, 0x70, 0x10, 0x00,
    0x00, 0x00, 0x00, 0x00, 0x55, 0x55, 0x00, 0x00, 0x58, 0x18, 0x00, 0x04,
    0x00, 0x70, 0x10, 0x00, 0x01, 0x00, 0x00, 0x00, 0x55, 0x55, 0x00, 0x00,
    0x62, 0x10, 0x00, 0x03, 0x32, 0x10, 0x10, 0x00, 0x01, 0x00, 0x00, 0x00,
    0x65, 0x00, 0x00, 0x03, 0xf2, 0x20, 0x10, 0x00, 0x00, 0x00, 0x00, 0x00,
    0x68, 0x00, 0x00, 0x02, 0x08, 0x00, 0x00, 0x00, 0x45, 0x00, 0x00, 0x09,
    0xf2, 0x00, 0x10, 0x00, 0x00, 0x00, 0x00, 0x00, 0x46, 0x10, 0x10, 0x00,
    0x01, 0x00, 0x00, 0x00, 0x46, 0x7e, 0x10, 0x00, 0x00, 0x00, 0x00, 0x00,
    0x00, 0x60, 0x10, 0x00, 0x00, 0x00, 0x00, 0x00, 0x36, 0x20, 0x00, 0x05,
    0x72, 0x00, 0x10, 0x00, 0x01, 0x00, 0x00, 0x00, 0x46, 0x02, 0x10, 0x00,
    0x00, 0x00, 0x00, 0x00, 0x00, 0x00, 0x00, 0x08, 0x82, 0x00, 0x10, 0x00,
    0x01, 0x00, 0x00, 0x00, 0x2a, 0x80, 0x20, 0x00, 0x00, 0x00, 0x00, 0x00,
    0x02, 0x00, 0x00, 0x00, 0x01, 0x40, 0x00, 0x00, 0x00, 0x00, 0x00, 0x3f,
    0x41, 0x00, 0x00, 0x05, 0x82, 0x00, 0x10, 0x00, 0x01, 0x00, 0x00, 0x00,
    0x3a, 0x00, 0x10, 0x00, 0x01, 0x00, 0x00, 0x00, 0x34, 0x00, 0x00, 0x07,
    0x82, 0x00, 0x10, 0x00, 0x01, 0x00, 0x00, 0x00, 0x3a, 0x00, 0x10, 0x00,
    0x01, 0x00, 0x00, 0x00, 0x01, 0x40, 0x00, 0x00, 0x00, 0x00, 0x00, 0x40,
    0x00, 0x00, 0x00, 0x07, 0x12, 0x00, 0x10, 0x00, 0x02, 0x00, 0x00, 0x00,
    0x3a, 0x00, 0x10, 0x00, 0x01, 0x00, 0x00, 0x00, 0x01, 0x40, 0x00, 0x00,
    0x00, 0x00, 0x80, 0xbf, 0x38, 0x00, 0x00, 0x07, 0xe2, 0x00, 0x10, 0x00,
    0x02, 0x00, 0x00, 0x00, 0x06, 0x09, 0x10, 0x00, 0x01, 0x00, 0x00, 0x00,
    0x06, 0x00, 0x10, 0x00, 0x02, 0x00, 0x00, 0x00, 0x41, 0x00, 0x00, 0x05,
    0xe2, 0x00, 0x10, 0x00, 0x02, 0x00, 0x00, 0x00, 0x56, 0x0e, 0x10, 0x00,
    0x02, 0x00, 0x00, 0x00, 0x00, 0x00, 0x00, 0x0a, 0xf2, 0x00, 0x10, 0x00,
    0x03, 0x00, 0x00, 0x00, 0x76, 0x0a, 0x10, 0x00, 0x02, 0x00, 0x00, 0x00,
    0x02, 0x40, 0x00, 0x00, 0x00, 0x00, 0x80, 0x3f, 0x00, 0x00, 0x80, 0x3f,
    0x00, 0x00, 0x80, 0x3f, 0x00, 0x00, 0x00, 0x3f, 0x33, 0x00, 0x00, 0x07,
    0x72, 0x00, 0x10, 0x00, 0x03, 0x00, 0x00, 0x00, 0x06, 0x00, 0x10, 0x00,
    0x02, 0x00, 0x00, 0x00, 0x46, 0x02, 0x10, 0x00, 0x03, 0x00, 0x00, 0x00,
    0x0e, 0x00, 0x00, 0x07, 0x42, 0x00, 0x10, 0x00, 0x04, 0x00, 0x00, 0x00,
    0x3a, 0x00, 0x10, 0x00, 0x03, 0x00, 0x00, 0x00, 0x3a, 0x00, 0x10, 0x00,
    0x01, 0x00, 0x00, 0x00, 0x32, 0x00, 0x00, 0x0a, 0x72, 0x00, 0x10, 0x00,
    0x01, 0x00, 0x00, 0x00, 0x46, 0x02, 0x10, 0x00, 0x01, 0x00, 0x00, 0x00,
    0x06, 0x00, 0x10, 0x00, 0x02, 0x00, 0x00, 0x00, 0x96, 0x07, 0x10, 0x80,
    0x41, 0x00, 0x00, 0x00, 0x02, 0x00, 0x00, 0x00, 0x32, 0x00, 0x00, 0x09,
    0x12, 0x00, 0x10, 0x00, 0x02, 0x00, 0x00, 0x00, 0x3a, 0x00, 0x10, 0x00,
    0x02, 0x00, 0x00, 0x00, 0x3a, 0x00, 0x10, 0x00, 0x01, 0x00, 0x00, 0x00,
    0x1a, 0x00, 0x10, 0x00, 0x03, 0x00, 0x00, 0x00, 0x00, 0x00, 0x00, 0x07,
    0x12, 0x00, 0x10, 0x00, 0x02, 0x00, 0x00, 0x00, 0x0a, 0x00, 0x10, 0x00,
    0x02, 0x00, 0x00, 0x00, 0x01, 0x40, 0x00, 0x00, 0x00, 0x00, 0x00, 0x3f,
    0x38, 0x00, 0x00, 0x07, 0x42, 0x00, 0x10, 0x00, 0x02, 0x00, 0x00, 0x00,
    0x3a, 0x00, 0x10, 0x00, 0x01, 0x00, 0x00, 0x00, 0x3a, 0x00, 0x10, 0x00,
    0x01, 0x00, 0x00, 0x00, 0x0e, 0x00, 0x00, 0x07, 0x12, 0x00, 0x10, 0x00,
    0x04, 0x00, 0x00, 0x00, 0x0a, 0x00, 0x10, 0x00, 0x02, 0x00, 0x00, 0x00,
    0x2a, 0x00, 0x10, 0x00, 0x02, 0x00, 0x00, 0x00, 0x00, 0x00, 0x00, 0x07,
    0x12, 0x00, 0x10, 0x00, 0x02, 0x00, 0x00, 0x00, 0x2a, 0x00, 0x10, 0x00,
    0x03, 0x00, 0x00, 0x00, 0x01, 0x40, 0x00, 0x00, 0x00, 0x00, 0x00, 0x3f,
    0x0e, 0x00, 0x00, 0x07, 0x82, 0x00, 0x10, 0x00, 0x04, 0x00, 0x00, 0x00,
    0x0a, 0x00, 0x10, 0x00, 0x02, 0x00, 0x00, 0x00, 0x3a, 0x00, 0x10, 0x00,
    0x01, 0x00, 0x00, 0x00, 0x48, 0x00, 0x00, 0x0b, 0xf2, 0x00, 0x10, 0x00,
    0x05, 0x00, 0x00, 0x00, 0xc6, 0x00, 0x10, 0x00, 0x04, 0x00, 0x00, 0x00,
    0x46, 0x7e, 0x10, 0x00, 0x01, 0x00, 0x00, 0x00, 0x00, 0x60, 0x10, 0x00,
    0x01, 0x00, 0x00, 0x00, 0x01, 0x40, 0x00, 0x00, 0x00, 0x00, 0x00, 0x00,
    0x48, 0x00, 0x00, 0x0b, 0xf2, 0x00, 0x10, 0x00, 0x06, 0x00, 0x00, 0x00,
    0x86, 0x00, 0x10, 0x00, 0x04, 0x00, 0x00, 0x00, 0x46, 0x7e, 0x10, 0x00,
    0x01, 0x00, 0x00, 0x00, 0x00, 0x60, 0x10, 0x00, 0x01, 0x00, 0x00, 0x00,
    0x01, 0x40, 0x00, 0x00, 0x00, 0x00, 0x00, 0x00, 0x32, 0x00, 0x00, 0x09,
    0x12, 0x00, 0x10, 0x00, 0x02, 0x00, 0x00, 0x00, 0x3a, 0x00, 0x10, 0x00,
    0x02, 0x00, 0x00, 0x00, 0x3a, 0x00, 0x10, 0x00, 0x01, 0x00, 0x00, 0x00,
    0x1a, 0x00, 0x10, 0x00, 0x02, 0x00, 0x00, 0x00, 0x32, 0x00, 0x00, 0x09,
    0x22, 0x00, 0x10, 0x00, 0x02, 0x00, 0x00, 0x00, 0x0a, 0x00, 0x10, 0x00,
    0x03, 0x00, 0x00, 0x00, 0x3a, 0x00, 0x10, 0x00, 0x01, 0x00, 0x00, 0x00,
    0x1a, 0x00, 0x10, 0x00, 0x02, 0x00, 0x00, 0x00, 0x32, 0x00, 0x00, 0x09,
    0x82, 0x00, 0x10, 0x00, 0x01, 0x00, 0x00, 0x00, 0x0a, 0x00, 0x10, 0x00,
    0x03, 0x00, 0x00, 0x00, 0x3a, 0x00, 0x10, 0x00, 0x01, 0x00, 0x00, 0x00,
    0x1a, 0x00, 0x10, 0x00, 0x03, 0x00, 0x00, 0x00, 0x00, 0x00, 0x00, 0x07,
    0x82, 0x00, 0x10, 0x00, 0x01, 0x00, 0x00, 0x00, 0x3a, 0x00, 0x10, 0x00,
    0x01, 0x00, 0x00, 0x00, 0x01, 0x40, 0x00, 0x00, 0x00, 0x00, 0x00, 0x3f,
    0x0e, 0x00, 0x00, 0x07, 0x12, 0x00, 0x10, 0x00, 0x03, 0x00, 0x00, 0x00,
    0x3a, 0x00, 0x10, 0x00, 0x01, 0x00, 0x00, 0x00, 0x2a, 0x00, 0x10, 0x00,
    0x02, 0x00, 0x00, 0x00, 0x00, 0x00, 0x00, 0x07, 0x82, 0x00, 0x10, 0x00,
    0x01, 0x00, 0x00, 0x00, 0x1a, 0x00, 0x10, 0x00, 0x02, 0x00, 0x00, 0x00,
    0x01, 0x40, 0x00, 0x00, 0x00, 0x00, 0x00, 0x3f, 0x0e, 0x00, 0x00, 0x07,
    0x22, 0x00, 0x10, 0x00, 0x03, 0x00, 0x00, 0x00, 0x3a, 0x00, 0x10, 0x00,
    0x01, 0x00, 0x00, 0x00, 0x2a, 0x00, 0x10, 0x00, 0x02, 0x00, 0x00, 0x00,
    0x00, 0x00, 0x00, 0x07, 0x82, 0x00, 0x10, 0x00, 0x01, 0x00, 0x00, 0x00,
    0x0a, 0x00, 0x10, 0x00, 0x02, 0x00, 0x00, 0x00, 0x01, 0x40, 0x00, 0x00,
    0x00, 0x00, 0x00, 0x3f, 0x0e, 0x00, 0x00, 0x07, 0x22, 0x00, 0x10, 0x00,
    0x04, 0x00, 0x00, 0x00, 0x3a, 0x00, 0x10, 0x00, 0x01, 0x00, 0x00, 0x00,
    0x2a, 0x00, 0x10, 0x00, 0x02, 0x00, 0x00, 0x00, 0x48, 0x00, 0x00, 0x0b,
    0xf2, 0x00, 0x10, 0x00, 0x02, 0x00, 0x00, 0x00, 0xd6, 0x05, 0x10, 0x00,
    0x04, 0x00, 0x00, 0x00, 0x46, 0x7e, 0x10, 0x00, 0x01, 0x00, 0x00, 0x00,
    0x00, 0x60, 0x10, 0x00, 0x01, 0x00, 0x00, 0x00, 0x01, 0x40, 0x00, 0x00,
    0x00, 0x00, 0x00, 0x00, 0x48, 0x00, 0x00, 0x0b, 0xf2, 0x00, 0x10, 0x00,
    0x07, 0x00, 0x00, 0x00, 0x96, 0x05, 0x10, 0x00, 0x04, 0x00, 0x00, 0x00,
    0x46, 0x7e, 0x10, 0x00, 0x01, 0x00, 0x00, 0x00, 0x00, 0x60, 0x10, 0x00,
    0x01, 0x00, 0x00, 0x00, 0x01, 0x40, 0x00, 0x00, 0x00, 0x00, 0x00, 0x00,
    0x36, 0x00, 0x00, 0x05, 0xc2, 0x00, 0x10, 0x00, 0x03, 0x00, 0x00, 0x00,
    0xa6, 0x0e, 0x10, 0x00, 0x04, 0x00, 0x00, 0x00, 0x00, 0x00, 0x00, 0x08,
    0x72, 0x00, 0x10, 0x00, 0x04, 0x00, 0x00, 0x00, 0x46, 0x02, 0x10, 0x80,
    0x41, 0x00, 0x00, 0x00, 0x02, 0x00, 0x00, 0x00, 0x46, 0x02, 0x10, 0x00,
    0x05, 0x00, 0x00, 0x00, 0x32, 0x00, 0x00, 0x09, 0x72, 0x00, 0x10, 0x00,
    0x02, 0x00, 0x00, 0x00, 0x06, 0x00, 0x10, 0x00, 0x01, 0x00, 0x00, 0x00,
    0x46, 0x02, 0x10, 0x00, 0x04, 0x00, 0x00, 0x00, 0x46, 0x02, 0x10, 0x00,
    0x02, 0x00, 0x00, 0x00, 0x00, 0x00, 0x00, 0x08, 0x72, 0x00, 0x10, 0x00,
    0x04, 0x00, 0x00, 0x00, 0x46, 0x02, 0x10, 0x00, 0x06, 0x00, 0x00, 0x00,
    0x46, 0x02, 0x10, 0x80, 0x41, 0x00, 0x00, 0x00, 0x07, 0x00, 0x00, 0x00,
    0x32, 0x00, 0x00, 0x09, 0x72, 0x00, 0x10, 0x00, 0x04, 0x00, 0x00, 0x00,
    0x06, 0x00, 0x10, 0x00, 0x01, 0x00, 0x00, 0x00, 0x46, 0x02, 0x10, 0x00,
    0x04, 0x00, 0x00, 0x00, 0x46, 0x02, 0x10, 0x00, 0x07, 0x00, 0x00, 0x00,
    0x00, 0x00, 0x00, 0x08, 0x72, 0x00, 0x10, 0x00, 0x02, 0x00, 0x00, 0x00,
    0x46, 0x02, 0x10, 0x00, 0x02, 0x00, 0x00, 0x00, 0x46, 0x02, 0x10, 0x80,
    0x41, 0x00, 0x00, 0x00, 0x04, 0x00, 0x00, 0x00, 0x32, 0x00, 0x00, 0x09,
    0x72, 0x00, 0x10, 0x00, 0x02, 0x00, 0x00, 0x00, 0x56, 0x05, 0x10, 0x00,
    0x01, 0x00, 0x00, 0x00, 0x46, 0x02, 0x10, 0x00, 0x02, 0x00, 0x00, 0x00,
    0x46, 0x02, 0x10, 0x00, 0x04, 0x00, 0x00, 0x00, 0x48, 0x00, 0x00, 0x0b,
    0xf2, 0x00, 0x10, 0x00, 0x04, 0x00, 0x00, 0x00, 0xc6, 0x00, 0x10, 0x00,
    0x03, 0x00, 0x00, 0x00, 0x46, 0x7e, 0x10, 0x00, 0x01, 0x00, 0x00, 0x00,
    0x00, 0x60, 0x10, 0x00, 0x01, 0x00, 0x00, 0x00, 0x01, 0x40, 0x00, 0x00,
    0x00, 0x00, 0x00, 0x00, 0x48, 0x00, 0x00, 0x0b, 0xf2, 0x00, 0x10, 0x00,
    0x05, 0x00, 0x00, 0x00, 0x86, 0x00, 0x10, 0x00, 0x03, 0x00, 0x00, 0x00,
    0x46, 0x7e, 0x10, 0x00, 0x01, 0x00, 0x00, 0x00, 0x00, 0x60, 0x10, 0x00,
    0x01, 0x00, 0x00, 0x00, 0x01, 0x40, 0x00, 0x00, 0x00, 0x00, 0x00, 0x00,
    0x48, 0x00, 0x00, 0x0b, 0xf2, 0x00, 0x10, 0x00, 0x06, 0x00, 0x00, 0x00,
    0xd6, 0x05, 0x10, 0x00, 0x03, 0x00, 0x00, 0x00, 0x46, 0x7e, 0x10, 0x00,
    0x01, 0x00, 0x00, 0x00, 0x00, 0x60, 0x10, 0x00, 0x01, 0x00, 0x00, 0x00,
    0x01, 0x40, 0x00, 0x00, 0x00, 0x00, 0x00, 0x00, 0x48, 0x00, 0x00, 0x0b,
    0xf2, 0x00, 0x10, 0x00, 0x03, 0x00, 0x00, 0x00, 0x96, 0x05, 0x10, 0x00,
    0x03, 0x00, 0x00, 0x00, 0x46, 0x7e, 0x10, 0x00, 0x01, 0x00, 0x00, 0x00,
    0x00, 0x60, 0x10, 0x00, 0x01, 0x00, 0x00, 0x00, 0x01, 0x40, 0x00, 0x00,
    0x00, 0x00, 0x00, 0x00, 0x00, 0x00, 0x00, 0x08, 0x72, 0x00, 0x10, 0x00,
    0x04, 0x00, 0x00, 0x00, 0x46, 0x02, 0x10, 0x00, 0x04, 0x00, 0x00, 0x00,
    0x46, 0x02, 0x10, 0x80, 0x41, 0x00, 0x00, 0x00, 0x06, 0x00, 0x00, 0x00,
    0x32, 0x00, 0x00, 0x09, 0x72, 0x00, 0x10, 0x00, 0x04, 0x00, 0x00, 0x00,
    0x06, 0x00, 0x10, 0x00, 0x01, 0x00, 0x00, 0x00, 0x46, 0x02, 0x10, 0x00,
    0x04, 0x00, 0x00, 0x00, 0x46, 0x02, 0x10, 0x00, 0x06, 0x00, 0x00, 0x00,
    0x00, 0x00, 0x00, 0x08, 0x72, 0x00, 0x10, 0x00, 0x05, 0x00, 0x00, 0x00,
    0x46, 0x02, 0x10, 0x80, 0x41, 0x00, 0x00, 0x00, 0x03, 0x00, 0x00, 0x00,
    0x46, 0x02, 0x10, 0x00, 0x05, 0x00, 0x00, 0x00, 0x32, 0x00, 0x00, 0x09,
    0x72, 0x00, 0x10, 0x00, 0x03, 0x00, 0x00, 0x00, 0x06, 0x00, 0x10, 0x00,
    0x01, 0x00, 0x00, 0x00, 0x46, 0x02, 0x10, 0x00, 0x05, 0x00, 0x00, 0x00,
    0x46, 0x02, 0x10, 0x00, 0x03, 0x00, 0x00, 0x00, 0x00, 0x00, 0x00, 0x08,
    0x72, 0x00, 0x10, 0x00, 0x04, 0x00, 0x00, 0x00, 0x46, 0x02, 0x10, 0x80,
    0x41, 0x00, 0x00, 0x00, 0x03, 0x00, 0x00, 0x00, 0x46, 0x02, 0x10, 0x00,
    0x04, 0x00, 0x00, 0x00, 0x32, 0x00, 0x00, 0x09, 0xb2, 0x00, 0x10, 0x00,
    0x01, 0x00, 0x00, 0x00, 0x56, 0x05, 0x10, 0x00, 0x01, 0x00, 0x00, 0x00,
    0x46, 0x08, 0x10, 0x00, 0x04, 0x00, 0x00, 0x00, 0x46, 0x08, 0x10, 0x00,
    0x03, 0x00, 0x00, 0x00, 0x00, 0x00, 0x00, 0x08, 0xb2, 0x00, 0x10, 0x00,
    0x01, 0x00, 0x00, 0x00, 0x46, 0x08, 0x10, 0x80, 0x41, 0x00, 0x00, 0x00,
    0x02, 0x00, 0x00, 0x00, 0x46, 0x0c, 0x10, 0x00, 0x01, 0x00, 0x00, 0x00,
    0x32, 0x00, 0x00, 0x09, 0x72, 0x00, 0x10, 0x00, 0x01, 0x00, 0x00, 0x00,
    0xa6, 0x0a, 0x10, 0x00, 0x01, 0x00, 0x00, 0x00, 0x46, 0x03, 0x10, 0x00,
    0x01, 0x00, 0x00, 0x00, 0x46, 0x02, 0x10, 0x00, 0x02, 0x00, 0x00, 0x00,
    0x00, 0x00, 0x00, 0x08, 0x72, 0x00, 0x10, 0x00, 0x01, 0x00, 0x00, 0x00,
    0x46, 0x02, 0x10, 0x80, 0x41, 0x00, 0x00, 0x00, 0x00, 0x00, 0x00, 0x00,
    0x46, 0x02, 0x10, 0x00, 0x01, 0x00, 0x00, 0x00, 0x36, 0x20, 0x00, 0x06,
    0x82, 0x00, 0x10, 0x00, 0x01, 0x00, 0x00, 0x00, 0x0a, 0x80, 0x20, 0x00,
    0x00, 0x00, 0x00, 0x00, 0x00, 0x00, 0x00, 0x00, 0x32, 0x00, 0x00, 0x09,
    0x72, 0x20, 0x10, 0x00, 0x00, 0x00, 0x00, 0x00, 0xf6, 0x0f, 0x10, 0x00,
    0x01, 0x00, 0x00, 0x00, 0x46, 0x02, 0x10, 0x00, 0x01, 0x00, 0x00, 0x00,
    0x46, 0x02, 0x10, 0x00, 0x00, 0x00, 0x00, 0x00, 0x36, 0x00, 0x00, 0x05,
    0x82, 0x20, 0x10, 0x00, 0x00, 0x00, 0x00, 0x00, 0x3a, 0x00, 0x10, 0x00,
    0x00, 0x00, 0x00, 0x00, 0x3e, 0x00, 0x00, 0x01, 0x53, 0x54, 0x41, 0x54,
    0x74, 0x00, 0x00, 0x00, 0x37, 0x00, 0x00, 0x00, 0x08, 0x00, 0x00, 0x00,
    0x00, 0x00, 0x00, 0x00, 0x02, 0x00, 0x00, 0x00, 0x29, 0x00, 0x00, 0x00,
    0x00, 0x00, 0x00, 0x00, 0x00, 0x00, 0x00, 0x00, 0x01, 0x00, 0x00, 0x00,
    0x00, 0x00, 0x00, 0x00, 0x00, 0x00, 0x00, 0x00, 0x00, 0x00, 0x00, 0x00,
    0x00, 0x00, 0x00, 0x00, 0x00, 0x00, 0x00, 0x00, 0x00, 0x00, 0x00, 0x00,
    0x01, 0x00, 0x00, 0x00, 0x08, 0x00, 0x00, 0x00, 0x00, 0x00, 0x00, 0x00,
    0x00, 0x00, 0x00, 0x00, 0x00, 0x00, 0x00, 0x00, 0x04, 0x00, 0x00, 0x00,
    0x00, 0x00, 0x00, 0x00, 0x02, 0x00, 0x00, 0x00, 0x00, 0x00, 0x00, 0x00,
    0x00, 0x00, 0x00, 0x00, 0x00, 0x00, 0x00, 0x00, 0x00, 0x00, 0x00, 0x00,
    0x00, 0x00, 0x00, 0x00, 0x00, 0x00, 0x00, 0x00, 0x00, 0x00, 0x00, 0x00,
};
const size_t kEmbeddedDXBC_fs_postfx_lut3d_size = sizeof(kEmbeddedDXBC_fs_postfx_lut3d);

const uint8_t kEmbeddedDXBC_fs_modulated_texture[] = {
    0x44, 0x58, 0x42, 0x43, 0xd9, 0x6b, 0xa2, 0x2c, 0x95, 0x0f, 0xa6, 0xd9,
    0x4c, 0x66, 0xbc, 0x09, 0xa7, 0x35, 0x93, 0xb5, 0x01, 0x00, 0x00, 0x00,
    0xfc, 0x02, 0x00, 0x00, 0x05, 0x00, 0x00, 0x00, 0x34, 0x00, 0x00, 0x00,
    0x50, 0x01, 0x00, 0x00, 0xa8, 0x01, 0x00, 0x00, 0xdc, 0x01, 0x00, 0x00,
    0x80, 0x02, 0x00, 0x00, 0x52, 0x44, 0x45, 0x46, 0x14, 0x01, 0x00, 0x00,
    0x01, 0x00, 0x00, 0x00, 0xa4, 0x00, 0x00, 0x00, 0x03, 0x00, 0x00, 0x00,
    0x1c, 0x00, 0x00, 0x00, 0x00, 0x04, 0xff, 0xff, 0x00, 0x81, 0x00, 0x00,
    0xec, 0x00, 0x00, 0x00, 0x7c, 0x00, 0x00, 0x00, 0x03, 0x00, 0x00, 0x00,
    0x00, 0x00, 0x00, 0x00, 0x00, 0x00, 0x00, 0x00, 0x00, 0x00, 0x00, 0x00,
    0x00, 0x00, 0x00, 0x00, 0x01, 0x00, 0x00, 0x00, 0x01, 0x00, 0x00, 0x00,
    0x8d, 0x00, 0x00, 0x00, 0x02, 0x00, 0x00, 0x00, 0x05, 0x00, 0x00, 0x00,
    0x04, 0x00, 0x00, 0x00, 0xff, 0xff, 0xff, 0xff, 0x00, 0x00, 0x00, 0x00,
    0x01, 0x00, 0x00, 0x00, 0x0d, 0x00, 0x00, 0x00, 0x97, 0x00, 0x00, 0x00,
    0x00, 0x00, 0x00, 0x00, 0x00, 0x00, 0x00, 0x00, 0x00, 0x00, 0x00, 0x00,
    0x00, 0x00, 0x00, 0x00, 0x00, 0x00, 0x00, 0x00, 0x01, 0x00, 0x00, 0x00,
    0x01, 0x00, 0x00, 0x00, 0x73, 0x5f, 0x74, 0x65, 0x78, 0x74, 0x75, 0x72,
    0x65, 0x53, 0x61, 0x6d, 0x70, 0x6c, 0x65, 0x72, 0x00, 0x73, 0x5f, 0x74,
    0x65, 0x78, 0x74, 0x75, 0x72, 0x65, 0x00, 0x43, 0x6f, 0x6c, 0x6f, 0x72,
    0x50, 0x61, 0x72, 0x61, 0x6d, 0x73, 0x00, 0xab, 0x97, 0x00, 0x00, 0x00,
    0x01, 0x00, 0x00, 0x00, 0xbc, 0x00, 0x00, 0x00, 0x10, 0x00, 0x00, 0x00,
    0x00, 0x00, 0x00, 0x00, 0x00, 0x00, 0x00, 0x00, 0xd4, 0x00, 0x00, 0x00,
    0x00, 0x00, 0x00, 0x00, 0x10, 0x00, 0x00, 0x00, 0x02, 0x00, 0x00, 0x00,
    0xdc, 0x00, 0x00, 0x00, 0x00, 0x00, 0x00, 0x00, 0x75, 0x5f, 0x63, 0x6f,
    0x6c, 0x6f, 0x72, 0x00, 0x01, 0x00, 0x03, 0x00, 0x01, 0x00, 0x04, 0x00,
    0x00, 0x00, 0x00, 0x00, 0x00, 0x00, 0x00, 0x00, 0x4d, 0x69, 0x63, 0x72,
    0x6f, 0x73, 0x6f, 0x66, 0x74, 0x20, 0x28, 0x52, 0x29, 0x20, 0x48, 0x4c,
    0x53, 0x4c, 0x20, 0x53, 0x68, 0x61, 0x64, 0x65, 0x72, 0x20, 0x43, 0x6f,
    0x6d, 0x70, 0x69, 0x6c, 0x65, 0x72, 0x20, 0x31, 0x30, 0x2e, 0x31, 0x00,
    0x49, 0x53, 0x47, 0x4e, 0x50, 0x00, 0x00, 0x00, 0x02, 0x00, 0x00, 0x00,
    0x08, 0x00, 0x00, 0x00, 0x38, 0x00, 0x00, 0x00, 0x00, 0x00, 0x00, 0x00,
    0x01, 0x00, 0x00, 0x00, 0x03, 0x00, 0x00, 0x00, 0x00, 0x00, 0x00, 0x00,
    0x0f, 0x00, 0x00, 0x00, 0x44, 0x00, 0x00, 0x00, 0x00, 0x00, 0x00, 0x00,
    0x00, 0x00, 0x00, 0x00, 0x03, 0x00, 0x00, 0x00, 0x01, 0x00, 0x00, 0x00,
    0x03, 0x03, 0x00, 0x00, 0x53, 0x56, 0x5f, 0x50, 0x4f, 0x53, 0x49, 0x54,
    0x49, 0x4f, 0x4e, 0x00, 0x54, 0x45, 0x58, 0x43, 0x4f, 0x4f, 0x52, 0x44,
    0x00, 0xab, 0xab, 0xab, 0x4f, 0x53, 0x47, 0x4e, 0x2c, 0x00, 0x00, 0x00,
    0x01, 0x00, 0x00, 0x00, 0x08, 0x00, 0x00, 0x00, 0x20, 0x00, 0x00, 0x00,
    0x00, 0x00, 0x00, 0x00, 0x00, 0x00, 0x00, 0x00, 0x03, 0x00, 0x00, 0x00,
    0x00, 0x00, 0x00, 0x00, 0x0f, 0x00, 0x00, 0x00, 0x53, 0x56, 0x5f, 0x54,
    0x41, 0x52, 0x47, 0x45, 0x54, 0x00, 0xab, 0xab, 0x53, 0x48, 0x44, 0x52,
    0x9c, 0x00, 0x00, 0x00, 0x40, 0x00, 0x00, 0x00, 0x27, 0x00, 0x00, 0x00,
    0x59, 0x00, 0x00, 0x04, 0x46, 0x8e, 0x20, 0x00, 0x00, 0x00, 0x00, 0x00,
    0x01, 0x00, 0x00, 0x00, 0x5a, 0x00, 0x00, 0x03, 0x00, 0x60, 0x10, 0x00,
    0x00, 0x00, 0x00, 0x00, 0x58, 0x18, 0x00, 0x04, 0x00, 0x70, 0x10, 0x00,
    0x00, 0x00, 0x00, 0x00, 0x55, 0x55, 0x00, 0x00, 0x62, 0x10, 0x00, 0x03,
    0x32, 0x10, 0x10, 0x00, 0x01, 0x00, 0x00, 0x00, 0x65, 0x00, 0x00, 0x03,
    0xf2, 0x20, 0x10, 0x00, 0x00, 0x00, 0x00, 0x00, 0x68, 0x00, 0x00, 0x02,
    0x01, 0x00, 0x00, 0x00, 0x45, 0x00, 0x00, 0x09, 0xf2, 0x00, 0x10, 0x00,
    0x00, 0x00, 0x00, 0x00, 0x46, 0x10, 0x10, 0x00, 0x01, 0x00, 0x00, 0x00,
    0x46, 0x7e, 0x10, 0x00, 0x00, 0x00, 0x00, 0x00, 0x00, 0x60, 0x10, 0x00,
    0x00, 0x00, 0x00, 0x00, 0x38, 0x00, 0x00, 0x08, 0xf2, 0x20, 0x10, 0x00,
    0x00, 0x00, 0x00, 0x00, 0x46, 0x0e, 0x10, 0x00, 0x00, 0x00, 0x00, 0x00,
    0x46, 0x8e, 0x20, 0x00, 0x00, 0x00, 0x00, 0x00, 0x00, 0x00, 0x00, 0x00,
    0x3e, 0x00, 0x00, 0x01, 0x53, 0x54, 0x41, 0x54, 0x74, 0x00, 0x00, 0x00,
    0x03, 0x00, 0x00, 0x00, 0x01, 0x00, 0x00, 0x00, 0x00, 0x00, 0x00, 0x00,
    0x02, 0x00, 0x00, 0x00, 0x01, 0x00, 0x00, 0x00, 0x00, 0x00, 0x00, 0x00,
    0x00, 0x00, 0x00, 0x00, 0x01, 0x00, 0x00, 0x00, 0x00, 0x00, 0x00, 0x00,
    0x00, 0x00, 0x00, 0x00, 0x00, 0x00, 0x00, 0x00, 0x00, 0x00, 0x00, 0x00,
    0x00, 0x00, 0x00, 0x00, 0x00, 0x00, 0x00, 0x00, 0x01, 0x00, 0x00, 0x00,
    0x00, 0x00, 0x00, 0x00, 0x00, 0x00, 0x00, 0x00, 0x00, 0x00, 0x00, 0x00,
    0x00, 0x00, 0x00, 0x00, 0x00, 0x00, 0x00, 0x00, 0x00, 0x00, 0x00, 0x00,
    0x00, 0x00, 0x00, 0x00, 0x00, 0x00, 0x00, 0x00, 0x00, 0x00, 0x00, 0x00,
    0x00, 0x00, 0x00, 0x00, 0x00, 0x00, 0x00, 0x00, 0x00, 0x00, 0x00, 0x00,
    0x00, 0x00, 0x00, 0x00, 0x00, 0x00, 0x00, 0x00,
};
const size_t kEmbeddedDXBC_fs_modulated_texture_size = sizeof(kEmbeddedDXBC_fs_modulated_texture);

} // namespace Caesura
